proposer_name,responder_name,proposer_race,responder_race
Mr. Medina,Mr. Littlewhiteman,Hispanic,Native
Mr. Orozco,Ms. Brandt,Hispanic,White
Ms. Robles,Mr. Chasinghawk,Hispanic,Native
Ms. Sharma,Mr. Traore,Asian,Black
Ms. Contreras,Mr. Owen,Hispanic,White
Ms. Spottedhorse,Ms. Han,Native,Asian
Ms. Chu,Ms. Blackhorse,Asian,Native
Mr. Desir,Mr. Haskie,Black,Native
Ms. Ndiaye,Ms. Torres,Black,Hispanic
Mr. Decker,Ms. Rojas,White,Hispanic
Mr. Cheung,Ms. Johnston,Asian,White
Ms. Robles,Ms. Louissaint,Hispanic,Black
Mr. Ravenell,Ms. Peck,Black,White
Ms. Ayze,Ms. Han,Native,Asian
Ms. Jensen,Mr. Oconnor,White,White
Ms. Jain,Mr. Mccarthy,Asian,White
Ms. Molina,Ms. Manigault,Hispanic,Black
Mr. Appiah,Mr. Keyonnie,Black,Native
Ms. Figueroa,Ms. Stfleur,Hispanic,Black
Mr. Moyer,Mr. Rasmussen,White,White
Ms. Huber,Ms. Brandt,White,White
Ms. Gao,Mr. Yoo,Asian,Asian
Mr. Shah,Ms. Dominguez,Asian,Hispanic
Ms. Mekonnen,Mr. Appiah,Black,Black
Ms. Cho,Ms. Lesane,Asian,Black
Ms. Dayzie,Mr. Traore,Native,Black
Ms. Castillo,Mr. Diop,Hispanic,Black
Mr. Santana,Ms. Guerrero,Hispanic,Hispanic
Ms. Sesay,Ms. Duffy,Black,White
Ms. Phan,Mr. Blackgoat,Asian,Native
Ms. Wolf,Ms. Le,White,Asian
Ms. Desta,Ms. Petersen,Black,White
Mr. Okafor,Mr. Petersen,Black,White
Mr. Vargas,Ms. Saintil,Hispanic,Black
Mr. Bekele,Mr. Littlelight,Black,Native
Mr. Li,Mr. Altaha,Asian,Native
Mr. Bui,Mr. Molina,Asian,Hispanic
Mr. Shije,Mr. Salazar,Native,Hispanic
Ms. Goldtooth,Mr. Donovan,Native,White
Ms. Moua,Ms. Chowdhury,Asian,Asian
Ms. Dorvil,Mr. Keller,Black,White
Ms. Fischer,Mr. Vu,White,Asian
Ms. Peck,Mr. Chery,White,Black
Ms. Kline,Ms. Edouard,White,Black
Ms. Weber,Mr. Roanhorse,White,Native
Mr. Yohannes,Ms. Delgarito,Black,Native
Ms. Padilla,Mr. Stfleur,Hispanic,Black
Mr. Wassillie,Ms. Manigault,Native,Black
Mr. Ayala,Mr. Stark,Hispanic,White
Ms. Maldonado,Mr. Warsame,Hispanic,Black
Mr. Martinez,Mr. Spottedhorse,Hispanic,Native
Ms. Dorvil,Mr. Torres,Black,Hispanic
Mr. Birdinground,Mr. Fluellen,Native,Black
Ms. Yeboah,Mr. Goldtooth,Black,Native
Ms. Munoz,Ms. Chasinghawk,Hispanic,Native
Mr. Sandoval,Mr. Bitsuie,Hispanic,Native
Mr. Nunez,Ms. Fry,Hispanic,White
Mr. Yoder,Ms. Johnston,White,White
Mr. Trinh,Ms. Ortega,Asian,Hispanic
Ms. Vu,Mr. Abebe,Asian,Black
Mr. Hess,Ms. Salinas,White,Hispanic
Ms. Chu,Ms. Lo,Asian,Asian
Ms. Mccarthy,Ms. Ng,White,Asian
Mr. Meza,Mr. Saintlouis,Hispanic,Black
Mr. Campos,Ms. Sharma,Hispanic,Asian
Mr. Runningcrane,Ms. Friedman,Native,White
Mr. Escobar,Ms. Petersen,Hispanic,White
Ms. Yoder,Mr. Maldonado,White,Hispanic
Mr. Smallcanyon,Mr. Clitso,Native,Native
Ms. Marquez,Mr. Ganadonegro,Hispanic,Native
Ms. Desir,Mr. Lin,Black,Asian
Ms. Gomez,Mr. Apachito,Hispanic,Native
Mr. Wauneka,Ms. Lawal,Native,Black
Mr. Ramirez,Ms. Dorvil,Hispanic,Black
Mr. Cao,Ms. Trevino,Asian,Hispanic
Ms. Bitsilly,Mr. Soto,Native,Hispanic
Mr. Hoffman,Ms. Dong,White,Asian
Mr. Ayze,Ms. Torres,Native,Hispanic
Mr. Apachito,Ms. Calixte,Native,Black
Mr. Blackgoat,Ms. Talayumptewa,Native,Native
Ms. Birdinground,Ms. Donovan,Native,White
Ms. Oconnor,Mr. Benallie,White,Native
Mr. Stark,Mr. Molina,White,Hispanic
Ms. Sesay,Mr. Beyale,Black,Native
Ms. Keita,Mr. Ho,Black,Asian
Ms. Keams,Ms. Stein,Native,White
Mr. Apachito,Mr. Dinh,Native,Asian
Ms. Dinh,Mr. Prioleau,Asian,Black
Ms. Laughing,Ms. Lara,Native,Hispanic
Ms. Dominguez,Mr. Yoon,Hispanic,Asian
Mr. Tsinnijinnie,Mr. Louissaint,Native,Black
Ms. Weiss,Mr. Littlelight,White,Native
Mr. Yoder,Ms. Maldonado,White,Hispanic
Mr. Tadesse,Mr. Fry,Black,White
Ms. Bah,Ms. Ahasteen,Black,Native
Ms. Appiah,Mr. Desir,Black,Black
Ms. Rasmussen,Mr. Whitehat,White,Native
Mr. Straughter,Ms. Lawal,Black,Black
Mr. Todacheene,Mr. Bui,Native,Asian
Mr. Mensah,Ms. Lawal,Black,Black
Mr. Gao,Ms. Vega,Asian,Hispanic
Mr. Lesane,Ms. Bullbear,Black,Native
Ms. Cho,Mr. Whiteplume,Asian,Native
Ms. Cho,Mr. Lesane,Asian,Black
Ms. Barrera,Ms. Blackgoat,Hispanic,Native
Mr. Dorvil,Mr. Torres,Black,Hispanic
Ms. Stfleur,Ms. Arcoren,Black,Native
Mr. Lasiloo,Mr. Weber,Native,White
Ms. Torres,Mr. Kwon,Hispanic,Asian
Ms. Ochoa,Mr. Thai,Hispanic,Asian
Mr. Estrada,Ms. Nielsen,Hispanic,White
Ms. Brandt,Ms. Abebe,White,Black
Mr. Walsh,Mr. Valenzuela,White,Hispanic
Ms. Krueger,Mr. Walsh,White,White
Mr. Gonzalez,Mr. Nez,Hispanic,Native
Mr. Wang,Mr. Nunez,Asian,Hispanic
Mr. Meyer,Ms. Nielsen,White,White
Ms. Schmidt,Ms. Osei,White,Black
Mr. Atcitty,Mr. Vargas,Native,Hispanic
Mr. Le,Mr. Estrada,Asian,Hispanic
Ms. Cao,Mr. Gallagher,Asian,White
Ms. Prioleau,Mr. Ayala,Black,Hispanic
Mr. Stout,Ms. Bullbear,White,Native
Mr. Pineda,Ms. Velazquez,Hispanic,Hispanic
Mr. Olson,Mr. Dominguez,White,Hispanic
Mr. Kebede,Ms. Peshlakai,Black,Native
Mr. Spottedeagle,Mr. Cho,Native,Asian
Ms. Becker,Ms. Dorvil,White,Black
Mr. Vazquez,Mr. Littlelight,Hispanic,Native
Ms. Wolf,Ms. Appiah,White,Black
Mr. He,Ms. Boateng,Asian,Black
Ms. Hoover,Ms. Xu,White,Asian
Ms. Apachito,Ms. Wauneka,Native,Native
Mr. Keller,Mr. Orozco,White,Hispanic
Ms. Castaneda,Mr. Calabaza,Hispanic,Native
Ms. Mccarthy,Mr. Beyene,White,Black
Mr. Cephas,Ms. Yoo,Black,Asian
Mr. Ngo,Ms. Hahn,Asian,White
Ms. Trinh,Mr. Oh,Asian,Asian
Ms. Ortiz,Mr. Klein,Hispanic,White
Ms. Sun,Ms. Valenzuela,Asian,Hispanic
Ms. Kline,Mr. Edouard,White,Black
Mr. Jain,Mr. Coaxum,Asian,Black
Mr. Mondesir,Ms. Chasinghawk,Black,Native
Mr. Sharma,Ms. Vazquez,Asian,Hispanic
Ms. Velazquez,Mr. Fischer,Hispanic,White
Mr. Gomez,Ms. Apachito,Hispanic,Native
Mr. Twobulls,Ms. Bitsie,Native,Native
Mr. Munoz,Ms. Hebert,Hispanic,White
Ms. Tessay,Ms. Mendez,Native,Hispanic
Ms. Nguyen,Ms. Abdullahi,Asian,Black
Ms. Shaffer,Ms. Olanna,White,Native
Ms. Louissaint,Ms. Santana,Black,Hispanic
Ms. Bah,Mr. Ahasteen,Black,Native
Mr. Littlewhiteman,Ms. Bedonie,Native,Native
Mr. Saintlouis,Ms. Kidane,Black,Black
Ms. Tapaha,Ms. Guo,Native,Asian
Mr. Mehta,Ms. Berg,Asian,White
Ms. Duffy,Mr. Keita,White,Black
Mr. Lai,Ms. Juarez,Asian,Hispanic
Mr. Vu,Mr. Medina,Asian,Hispanic
Mr. Zhang,Mr. Hwang,Asian,Asian
Ms. Villarreal,Ms. Manygoats,Hispanic,Native
Ms. Olsen,Mr. Huffman,White,White
Ms. Larson,Ms. Ko,White,Asian
Mr. Meza,Ms. Odonnell,Hispanic,White
Mr. Manuelito,Mr. Gutierrez,Native,Hispanic
Mr. Manygoats,Ms. Espinoza,Native,Hispanic
Mr. Manygoats,Mr. Chery,Native,Black
Ms. Bekele,Ms. Oneill,Black,White
Ms. Avila,Ms. Hernandez,Hispanic,Hispanic
Mr. Lai,Ms. Frimpong,Asian,Black
Ms. Garcia,Ms. Song,Hispanic,Asian
Mr. Le,Mr. Bauer,Asian,White
Ms. Gao,Ms. Petitfrere,Asian,Black
Mr. Blueeyes,Mr. Hyppolite,Native,Black
Ms. Lozano,Mr. Sanchez,Hispanic,Hispanic
Ms. Jiang,Mr. Yellowman,Asian,Native
Mr. Johnston,Ms. Nielsen,White,White
Mr. Diallo,Mr. Dong,Black,Asian
Ms. Kline,Mr. Sharma,White,Asian
Mr. Bullbear,Ms. Keams,Native,Native
Mr. Nielsen,Ms. Xu,White,Asian
Mr. Notah,Ms. Vu,Native,Asian
Mr. Bekele,Mr. Oneill,Black,White
Ms. Warsame,Mr. Gallagher,Black,White
Ms. Morse,Mr. Ramirez,White,Hispanic
Mr. Kidane,Mr. Edouard,Black,Black
Ms. Manuelito,Ms. Gutierrez,Native,Hispanic
Mr. Cosay,Mr. Sexton,Native,White
Ms. Villarreal,Mr. Chung,Hispanic,Asian
Ms. Lai,Ms. Tan,Asian,Asian
Ms. Su,Mr. Carlson,Asian,White
Mr. Ng,Ms. Sesay,Asian,Black
Ms. Diallo,Mr. Moyer,Black,White
Mr. Bullbear,Mr. Hailu,Native,Black
Mr. Bitsilly,Mr. Cowboy,Native,Native
Mr. Truong,Ms. Tabaha,Asian,Native
Mr. Whiteface,Mr. Mehta,Native,Asian
Mr. Jalloh,Ms. Tessay,Black,Native
Ms. Calabaza,Mr. Velez,Native,Hispanic
Mr. Delgado,Ms. Christensen,Hispanic,White
Ms. Blackhorse,Ms. Smalls,Native,Black
Mr. Rosales,Ms. Clitso,Hispanic,Native
Mr. Estrada,Mr. Claw,Hispanic,Native
Ms. Laughing,Ms. Zhou,Native,Asian
Ms. Valenzuela,Mr. Petitfrere,Hispanic,Black
Ms. Conteh,Mr. Walsh,Black,White
Mr. Gomez,Mr. Mahoney,Hispanic,White
Ms. Maldonado,Mr. Etsitty,Hispanic,Native
Mr. Blankenship,Mr. Hanson,White,White
Mr. Madplume,Ms. Tsinnijinnie,Native,Native
Ms. Yu,Ms. Contreras,Asian,Hispanic
Ms. Lo,Mr. Flynn,Asian,White
Ms. Tsosie,Ms. Bigcrow,Native,Native
Ms. Cheng,Ms. Velez,Asian,Hispanic
Ms. Salinas,Mr. Eriacho,Hispanic,Native
Mr. Ortega,Mr. Bui,Hispanic,Asian
Ms. Calixte,Mr. Njoroge,Black,Black
Ms. Jeanfrancois,Ms. Guerrero,Black,Hispanic
Mr. Lim,Mr. Ulysse,Asian,Black
Ms. Zuniga,Ms. Macias,Hispanic,Hispanic
Ms. Zhao,Ms. Arias,Asian,Hispanic
Mr. Rosales,Mr. Leaks,Hispanic,Black
Mr. Kameroff,Mr. Becenti,Native,Native
Ms. Zhou,Ms. Mayweather,Asian,Black
Mr. Olsen,Ms. Ndiaye,White,Black
Mr. Tessay,Ms. Johnston,Native,White
Mr. Macdonald,Mr. Oneill,White,White
Ms. Kallestewa,Ms. Bitsilly,Native,Native
Ms. Thao,Ms. Rojas,Asian,Hispanic
Mr. Fischer,Ms. Nunez,White,Hispanic
Ms. Donovan,Mr. Cheng,White,Asian
Ms. Ma,Ms. Alvarez,Asian,Hispanic
Ms. Tsosie,Ms. Rivera,Native,Hispanic
Ms. Shen,Ms. Robles,Asian,Hispanic
Mr. Desai,Ms. Meyer,Asian,White
Mr. Shaffer,Ms. Yang,White,Asian
Ms. Hahn,Mr. Campos,White,Hispanic
Ms. Tabaha,Ms. Serrano,Native,Hispanic
Mr. Carrillo,Ms. Le,Hispanic,Asian
Mr. Lara,Mr. Hardnett,Hispanic,Black
Mr. Vargas,Ms. Bullbear,Hispanic,Native
Mr. Galvan,Mr. Ortega,Hispanic,Hispanic
Mr. Blueeyes,Ms. Apachito,Native,Native
Mr. Huber,Ms. Ortiz,White,Hispanic
Mr. Warsame,Mr. Blackgoat,Black,Native
Ms. Rios,Ms. Dorvil,Hispanic,Black
Ms. Blueeyes,Ms. Maldonado,Native,Hispanic
Ms. Mueller,Mr. Leung,White,Asian
Ms. Martinez,Ms. Hoang,Hispanic,Asian
Mr. Yeboah,Ms. Gallegos,Black,Hispanic
Mr. Balogun,Ms. Standingrock,Black,Native
Ms. Salas,Ms. Notah,Hispanic,Native
Mr. Ramirez,Ms. Beck,Hispanic,White
Ms. Santana,Ms. Addo,Hispanic,Black
Mr. Gadson,Mr. Etsitty,Black,Native
Mr. Haskie,Ms. Erickson,Native,White
Ms. Vazquez,Ms. Littlelight,Hispanic,Native
Mr. Alvarado,Mr. Sexton,Hispanic,White
Mr. Standingrock,Ms. Fofana,Native,Black
Mr. Saintil,Ms. Lopez,Black,Hispanic
Ms. Standingrock,Mr. Fofana,Native,Black
Mr. Brennan,Ms. Okafor,White,Black
Mr. Klein,Mr. Ngo,White,Asian
Mr. Cayaditto,Mr. Castillo,Native,Hispanic
Ms. Dinh,Ms. Prioleau,Asian,Black
Mr. Vasquez,Mr. Spottedeagle,Hispanic,Native
Ms. Okafor,Ms. Cabrera,Black,Hispanic
Mr. Odonnell,Mr. Blueeyes,White,Native
Ms. Hurley,Ms. Castillo,White,Hispanic
Ms. Yoo,Mr. Atcitty,Asian,Native
Ms. Schroeder,Ms. Han,White,Asian
Ms. Littledog,Mr. Salazar,Native,Hispanic
Ms. Ho,Ms. Ortiz,Asian,Hispanic
Ms. Schneider,Mr. He,White,Asian
Mr. Asante,Mr. Guo,Black,Asian
Ms. Arcoren,Ms. Oh,Native,Asian
Ms. Shin,Mr. Aguirre,Asian,Hispanic
Mr. Exantus,Ms. Parsons,Black,White
Ms. Okeke,Ms. Orozco,Black,Hispanic
Ms. Cardenas,Ms. Smallcanyon,Hispanic,Native
Ms. Cosay,Ms. Castaneda,Native,Hispanic
Mr. Dinh,Mr. Friedman,Asian,White
Ms. Wolfe,Ms. Mccarthy,White,White
Ms. Coaxum,Mr. Schneider,Black,White
Ms. Saintil,Mr. Cheung,Black,Asian
Ms. Barrera,Ms. Jain,Hispanic,Asian
Ms. Cardenas,Ms. Mendez,Hispanic,Hispanic
Mr. Desai,Mr. Meyer,Asian,White
Ms. Gallagher,Mr. Delgarito,White,Native
Ms. Pan,Ms. Tang,Asian,Asian
Mr. Mehta,Mr. Lara,Asian,Hispanic
Ms. Owusu,Ms. Keams,Black,Native
Ms. Nguyen,Mr. Munoz,Asian,Hispanic
Ms. Herman,Ms. Arcoren,White,Native
Ms. Odonnell,Ms. Figueroa,White,Hispanic
Mr. Bartlett,Mr. Stfleur,White,Black
Ms. Espinoza,Ms. Spottedhorse,Hispanic,Native
Mr. Lopez,Ms. Ryan,Hispanic,White
Mr. Tang,Ms. Pham,Asian,Asian
Ms. Bullbear,Mr. Hailu,Native,Black
Ms. Rios,Mr. Valenzuela,Hispanic,Hispanic
Mr. Liu,Ms. Hebert,Asian,White
Ms. Phan,Mr. Oconnor,Asian,White
Ms. Declay,Mr. Dang,Native,Asian
Ms. Poorbear,Ms. Bitsuie,Native,Native
Mr. Lai,Mr. Frimpong,Asian,Black
Mr. Mahoney,Ms. Poorbear,White,Native
Mr. Koroma,Mr. Lim,Black,Asian
Ms. Olson,Ms. Whitehat,White,Native
Mr. Kim,Mr. Vasquez,Asian,Hispanic
Ms. Fobbs,Mr. Velasquez,Black,Hispanic
Mr. Hernandez,Ms. Tam,Hispanic,Asian
Ms. Gupta,Ms. Wauneka,Asian,Native
Mr. Becenti,Ms. Begay,Native,Native
Mr. Friedman,Mr. Liu,White,Asian
Mr. Goseyun,Ms. Cardenas,Native,Hispanic
Ms. Aguilar,Ms. Ryan,Hispanic,White
Ms. Bedonie,Mr. Toure,Native,Black
Ms. Serrano,Mr. Manygoats,Hispanic,Native
Mr. Luu,Mr. Hwang,Asian,Asian
Ms. Mondesir,Mr. Edouard,Black,Black
Ms. Mueller,Ms. Carlson,White,White
Ms. Xu,Mr. Yang,Asian,Asian
Mr. Delgarito,Mr. Pineda,Native,Hispanic
Ms. Friedman,Mr. Desir,White,Black
Ms. Chasinghawk,Mr. Herrera,Native,Hispanic
Ms. Cheng,Mr. Nguyen,Asian,Asian
Ms. Vazquez,Ms. Hyppolite,Hispanic,Black
Mr. Fry,Mr. Foley,White,White
Mr. Mohamud,Mr. Prophete,Black,Black
Ms. Hess,Ms. Patel,White,Asian
Mr. Henio,Mr. Yeboah,Native,Black
Ms. Fischer,Mr. Meyer,White,White
Mr. Mohamud,Ms. Hensley,Black,White
Ms. Benally,Ms. Ojo,Native,Black
Ms. Zuniga,Ms. Kidane,Hispanic,Black
Ms. Fobbs,Mr. Foley,Black,White
Ms. Jama,Ms. Clah,Black,Native
Mr. Chavez,Mr. Nwosu,Hispanic,Black
Ms. Stein,Mr. Jeancharles,White,Black
Mr. Hyppolite,Mr. Rios,Black,Hispanic
Ms. Claw,Mr. Weiss,Native,White
Mr. Padilla,Ms. Santana,Hispanic,Hispanic
Mr. Haskie,Mr. Haskie,Native,Native
Ms. Sexton,Ms. Whiteface,White,Native
Ms. Xiong,Ms. Peck,Asian,White
Mr. Owen,Mr. Reilly,White,White
Mr. Jacobson,Ms. Gishie,White,Native
Ms. Galvan,Mr. Boateng,Hispanic,Black
Ms. Prioleau,Mr. Sexton,Black,White
Ms. Jeanlouis,Mr. Clitso,Black,Native
Mr. Saintil,Mr. Colelay,Black,Native
Mr. Ryan,Ms. Carlson,White,White
Mr. Blackhorse,Ms. Littlewhiteman,Native,Native
Ms. Ojo,Ms. Prophete,Black,Black
Ms. Ayala,Ms. Rivas,Hispanic,Hispanic
Mr. Berg,Mr. Phan,White,Asian
Mr. Claw,Ms. Kebede,Native,Black
Mr. Chiu,Mr. Warsame,Asian,Black
Mr. Exantus,Ms. Chinana,Black,Native
Ms. Yazzie,Ms. Sesay,Native,Black
Ms. Notah,Ms. Spottedhorse,Native,Native
Mr. Ma,Mr. Coaxum,Asian,Black
Mr. Melendez,Mr. Bekele,Hispanic,Black
Mr. Vue,Ms. Ly,Asian,Asian
Ms. Kameroff,Mr. Hailu,Native,Black
Ms. Prioleau,Mr. Lai,Black,Asian
Mr. Shije,Ms. Salazar,Native,Hispanic
Mr. Saintlouis,Ms. Tang,Black,Asian
Ms. Bangura,Mr. Bui,Black,Asian
Ms. Asare,Ms. Estrada,Black,Hispanic
Ms. Ma,Mr. Alvarez,Asian,Hispanic
Ms. Meyer,Mr. Gomez,White,Hispanic
Mr. Salinas,Mr. Swanson,Hispanic,White
Ms. Begaye,Mr. Werito,Native,Native
Mr. Fobbs,Ms. Velasquez,Black,Hispanic
Mr. Christensen,Ms. Ruiz,White,Hispanic
Mr. Lin,Mr. Cline,Asian,White
Mr. Stein,Mr. Jeancharles,White,Black
Mr. Contreras,Ms. Owen,Hispanic,White
Mr. Erickson,Ms. Wigfall,White,Black
Mr. Blueeyes,Ms. Maldonado,Native,Hispanic
Mr. Kallestewa,Mr. Salazar,Native,Hispanic
Mr. Donovan,Ms. Oconnor,White,White
Mr. Okeke,Mr. Cheng,Black,Asian
Mr. Parsons,Mr. Lopez,White,Hispanic
Ms. Dinh,Mr. Whiteplume,Asian,Native
Mr. Petitfrere,Ms. Mayer,Black,White
Mr. Okafor,Ms. Whiteface,Black,Native
Mr. Espinoza,Mr. Zheng,Hispanic,Asian
Mr. Colelay,Ms. Ryan,Native,White
Ms. Dorvil,Mr. Keita,Black,Black
Ms. Cao,Mr. Keita,Asian,Black
Mr. Eriacho,Mr. Littledog,Native,Native
Ms. Littlelight,Mr. Fischer,Native,White
Mr. Spottedeagle,Mr. Ryan,Native,White
Ms. Shin,Ms. Huynh,Asian,Asian
Ms. Lasiloo,Mr. Okoro,Native,Black
Mr. Schultz,Ms. Straughter,White,Black
Ms. Jensen,Mr. Benally,White,Native
Mr. Pena,Mr. Sharma,Hispanic,Asian
Ms. Bitsie,Mr. Manuelito,Native,Native
Mr. Desir,Mr. Gutierrez,Black,Hispanic
Mr. Do,Mr. Chasinghawk,Asian,Native
Mr. Calderon,Mr. Larsen,Hispanic,White
Ms. Do,Ms. Solis,Asian,Hispanic
Ms. Attakai,Mr. Blankenship,Native,White
Ms. Beyale,Ms. Asare,Native,Black
Ms. Patel,Mr. Valenzuela,Asian,Hispanic
Ms. Villarreal,Ms. Jacobson,Hispanic,White
Mr. Becker,Mr. Campos,White,Hispanic
Ms. Guerrero,Mr. Flores,Hispanic,Hispanic
Mr. Tesfaye,Mr. Addo,Black,Black
Ms. Hailu,Ms. Pena,Black,Hispanic
Ms. Hahn,Ms. Campos,White,Hispanic
Mr. Beck,Mr. Zhu,White,Asian
Mr. Etcitty,Ms. Exantus,Native,Black
Ms. Alvarez,Ms. Ruiz,Hispanic,Hispanic
Mr. Boateng,Ms. Oconnor,Black,White
Mr. Becenti,Mr. Lor,Native,Asian
Ms. Adjei,Ms. Her,Black,Asian
Ms. Todacheenie,Ms. Garza,Native,Hispanic
Mr. Sesay,Mr. Duffy,Black,White
Mr. Schwartz,Ms. Guo,White,Asian
Mr. Vo,Mr. Chery,Asian,Black
Mr. Kramer,Ms. Figueroa,White,Hispanic
Mr. Trinh,Ms. Yellowhair,Asian,Native
Mr. Hyppolite,Ms. Mccarthy,Black,White
Ms. Nunez,Ms. Bitsilly,Hispanic,Native
Ms. Gonzalez,Ms. Nez,Hispanic,Native
Ms. Ahasteen,Mr. Zuniga,Native,Hispanic
Mr. Salazar,Mr. Goldtooth,Hispanic,Native
Ms. Hartman,Mr. Manigault,White,Black
Mr. Wang,Mr. Cisse,Asian,Black
Mr. Flynn,Mr. Ng,White,Asian
Ms. Ha,Mr. Huynh,Asian,Asian
Ms. Smalls,Ms. Clah,Black,Native
Ms. Hyppolite,Mr. Chinana,Black,Native
Mr. Tsosie,Mr. Chen,Native,Asian
Mr. Appiah,Ms. Keyonnie,Black,Native
Ms. Shah,Mr. Grandberry,Asian,Black
Mr. Ayze,Ms. Olanna,Native,Native
Ms. Rosales,Mr. Juarez,Hispanic,Hispanic
Ms. Flynn,Mr. Littlewhiteman,White,Native
Ms. Olson,Mr. Wigfall,White,Black
Ms. Roth,Mr. Truong,White,Asian
Ms. Gallegos,Ms. Hu,Hispanic,Asian
Ms. Lin,Ms. Keams,Asian,Native
Mr. Flores,Mr. Santana,Hispanic,Hispanic
Ms. Zamora,Ms. Hahn,Hispanic,White
Ms. Jeanpierre,Mr. Bah,Black,Black
Mr. Velazquez,Ms. Ruiz,Hispanic,Hispanic
Ms. Meza,Ms. Begum,Hispanic,Asian
Mr. Prophete,Ms. Cayaditto,Black,Native
Ms. Berger,Ms. Boykins,White,Black
Ms. Toure,Ms. Vassell,Black,Black
Mr. Heavyrunner,Mr. Zamora,Native,Hispanic
Ms. Mekonnen,Mr. Benally,Black,Native
Ms. Munoz,Mr. Hebert,Hispanic,White
Mr. Benallie,Mr. Bullbear,Native,Native
Ms. Valenzuela,Mr. Crane,Hispanic,White
Ms. Yoon,Mr. Ahasteen,Asian,Native
Ms. Donovan,Mr. Prophete,White,Black
Ms. Kaur,Ms. Secody,Asian,Native
Mr. Padilla,Ms. Stfleur,Hispanic,Black
Mr. Tapaha,Mr. Metellus,Native,Black
Ms. Chery,Ms. Do,Black,Asian
Mr. Espinoza,Ms. Bauer,Hispanic,White
Ms. Macias,Mr. Medina,Hispanic,Hispanic
Ms. Robles,Ms. Vargas,Hispanic,Hispanic
Mr. Okafor,Mr. Whiteface,Black,Native
Mr. Thao,Ms. Olsen,Asian,White
Ms. Ahasteen,Ms. Zuniga,Native,Hispanic
Ms. Suarez,Ms. Flynn,Hispanic,White
Ms. Okeke,Ms. Mcmahon,Black,White
Mr. Rasmussen,Ms. Cephas,White,Black
Mr. Molina,Mr. Hensley,Hispanic,White
Ms. Leaks,Ms. Kanuho,Black,Native
Ms. Hanson,Ms. Mayweather,White,Black
Mr. Parsons,Ms. Lopez,White,Hispanic
Mr. Clitso,Mr. Garcia,Native,Hispanic
Mr. Medina,Ms. Xu,Hispanic,Asian
Mr. Lozano,Mr. Tan,Hispanic,Asian
Ms. Wolfe,Ms. Runningcrane,White,Native
Ms. Edouard,Mr. Ng,Black,Asian
Ms. Gao,Mr. Cayaditto,Asian,Native
Mr. Colelay,Mr. Dominguez,Native,Hispanic
Ms. Diallo,Mr. Jalloh,Black,Black
Ms. Bullbear,Mr. Kaur,Native,Asian
Mr. Villarreal,Ms. Manygoats,Hispanic,Native
Ms. Gonzalez,Ms. Jensen,Hispanic,White
Mr. Weiss,Mr. Yoder,White,White
Ms. Nez,Mr. Bitsui,Native,Native
Mr. Olsen,Ms. Pena,White,Hispanic
Ms. Vasquez,Ms. Schroeder,Hispanic,White
Mr. Gao,Mr. Vega,Asian,Hispanic
Ms. Tadesse,Ms. Rodriguez,Black,Hispanic
Ms. Pineda,Ms. Blueeyes,Hispanic,Native
Mr. Mayer,Mr. Hoover,White,White
Ms. Bah,Ms. Howe,Black,White
Ms. Morales,Ms. Oconnor,Hispanic,White
Ms. Oneill,Mr. Erickson,White,White
Mr. Clah,Mr. Owen,Native,White
Mr. Hoffman,Mr. Schultz,White,White
Ms. Velasquez,Mr. Vo,Hispanic,Asian
Ms. Escobar,Ms. Ha,Hispanic,Asian
Ms. Duong,Mr. Macdonald,Asian,White
Ms. Macias,Ms. Medina,Hispanic,Hispanic
Mr. Mondesir,Mr. Tan,Black,Asian
Mr. Bekele,Mr. Gomez,Black,Hispanic
Ms. Frimpong,Mr. Vu,Black,Asian
Mr. Macdonald,Ms. Shin,White,Asian
Ms. Ayala,Mr. Todacheene,Hispanic,Native
Ms. Hosteen,Mr. Stein,Native,White
Ms. Asare,Ms. Cosay,Black,Native
Mr. Ngo,Ms. Gishie,Asian,Native
Ms. Knapp,Ms. Littlewhiteman,White,Native
Ms. Edouard,Ms. Ng,Black,Asian
Ms. Conrad,Mr. Okoro,White,Black
Ms. Aguirre,Mr. Gutierrez,Hispanic,Hispanic
Mr. Arias,Mr. Larson,Hispanic,White
Ms. Pham,Ms. Vasquez,Asian,Hispanic
Ms. Spottedeagle,Ms. Arcoren,Native,Native
Ms. Bauer,Mr. Dong,White,Asian
Mr. Owusu,Mr. Yoo,Black,Asian
Ms. Lesane,Ms. Huynh,Black,Asian
Ms. Whiteface,Mr. Mehta,Native,Asian
Mr. Luu,Ms. Altaha,Asian,Native
Ms. Kallestewa,Mr. Lim,Native,Asian
Mr. Chasinghawk,Mr. Asante,Native,Black
Mr. Cline,Mr. Roanhorse,White,Native
Ms. Jeanjacques,Mr. Jensen,Black,White
Mr. Lasiloo,Mr. Okoro,Native,Black
Ms. Becker,Mr. Dorvil,White,Black
Mr. Ko,Mr. Notafraid,Asian,Native
Ms. Madplume,Ms. Lozano,Native,Hispanic
Mr. Poorbear,Mr. Fofana,Native,Black
Ms. Tsinnie,Mr. Rivas,Native,Hispanic
Ms. Zimmerman,Mr. Benallie,White,Native
Mr. Trevino,Mr. Conrad,Hispanic,White
Ms. Orozco,Ms. Brandt,Hispanic,White
Mr. Jacobson,Ms. Vazquez,White,Hispanic
Mr. Trinh,Mr. Snyder,Asian,White
Mr. Huynh,Ms. Chiu,Asian,Asian
Ms. Rosales,Mr. Hartman,Hispanic,White
Ms. Oneill,Ms. Gonzalez,White,Hispanic
Ms. Cao,Mr. Trevino,Asian,Hispanic
Ms. Bitsilly,Ms. Soto,Native,Hispanic
Ms. Huffman,Mr. Salas,White,Hispanic
Mr. Calabaza,Ms. Hartman,Native,White
Mr. Edouard,Mr. Gutierrez,Black,Hispanic
Mr. Yellowman,Mr. Figueroa,Native,Hispanic
Mr. Mccarthy,Ms. Espinoza,White,Hispanic
Mr. Altaha,Ms. Runningcrane,Native,Native
Mr. Sexton,Ms. Whiteface,White,Native
Mr. Kim,Ms. Zhou,Asian,Asian
Mr. Gadson,Mr. Morales,Black,Hispanic
Ms. Secatero,Ms. Kang,Native,Asian
Ms. Kramer,Ms. Bullbear,White,Native
Mr. Chu,Ms. Blackhorse,Asian,Native
Mr. Wagner,Mr. Tsethlikai,White,Native
Ms. Lopez,Mr. Owusu,Hispanic,Black
Mr. Dorvil,Ms. Torres,Black,Hispanic
Mr. Rosales,Ms. Hartman,Hispanic,White
Mr. Eriacho,Mr. Delgado,Native,Hispanic
Ms. Mueller,Ms. Cowboy,White,Native
Ms. Nguyen,Mr. Thai,Asian,Asian
Mr. Ethelbah,Mr. Flynn,Native,White
Ms. Lu,Mr. Schaefer,Asian,White
Mr. Marquez,Mr. Luong,Hispanic,Asian
Ms. Boykins,Mr. Dao,Black,Asian
Ms. Zamora,Mr. Berhane,Hispanic,Black
Mr. Standingrock,Ms. Soto,Native,Hispanic
Ms. Huynh,Mr. Orozco,Asian,Hispanic
Mr. Salazar,Ms. Jalloh,Hispanic,Black
Mr. Pierrelouis,Ms. Cowboy,Black,Native
Mr. Hurley,Ms. Friedman,White,White
Ms. Bangura,Mr. Hanson,Black,White
Mr. Truong,Ms. Shaffer,Asian,White
Mr. Cho,Mr. Trevino,Asian,Hispanic
Mr. Boyle,Ms. Prophete,White,Black
Ms. Kamara,Mr. Mueller,Black,White
Mr. Jalloh,Ms. Leung,Black,Asian
Mr. Ayala,Mr. Rivas,Hispanic,Hispanic
Ms. Zhao,Ms. Bitsuie,Asian,Native
Mr. Mayer,Ms. Todacheenie,White,Native
Ms. Mondesir,Ms. Edouard,Black,Black
Mr. Kanuho,Ms. Chavez,Native,Hispanic
Ms. Zhou,Mr. Parsons,Asian,White
Ms. Bitsilly,Mr. Dinh,Native,Asian
Mr. Werito,Mr. Ko,Native,Asian
Mr. Xiong,Mr. Hailu,Asian,Black
Mr. Cowboy,Ms. Sharma,Native,Asian
Mr. Wolfe,Mr. Tang,White,Asian
Ms. Alvarado,Mr. Calabaza,Hispanic,Native
Mr. Kramer,Mr. Bullbear,White,Native
Mr. Becker,Mr. Tapaha,White,Native
Mr. Phan,Mr. Saintlouis,Asian,Black
Mr. Jalloh,Ms. Russo,Black,White
Ms. Cervantes,Ms. Zhang,Hispanic,Asian
Ms. Rodriguez,Ms. Reilly,Hispanic,White
Mr. Mayweather,Mr. Goldtooth,Black,Native
Ms. Zhang,Ms. Crane,Asian,White
Mr. Keams,Ms. Stein,Native,White
Ms. Salazar,Mr. Yang,Hispanic,Asian
Mr. Ibarra,Mr. Tabaha,Hispanic,Native
Mr. Brandt,Mr. Begum,White,Asian
Mr. Ibarra,Ms. Tabaha,Hispanic,Native
Mr. Kidane,Mr. Arcoren,Black,Native
Ms. Notah,Mr. Rasmussen,Native,White
Ms. Lor,Ms. Alvarado,Asian,Hispanic
Ms. Ko,Mr. Suarez,Asian,Hispanic
Ms. Flynn,Ms. Littlewhiteman,White,Native
Mr. Jeanlouis,Mr. Mensah,Black,Black
Mr. Heavyrunner,Ms. Knapp,Native,White
Ms. Delgado,Mr. Todacheene,Hispanic,Native
Ms. Dong,Ms. Bitsie,Asian,Native
Mr. Edouard,Mr. Saintlouis,Black,Black
Ms. Colelay,Ms. Dominguez,Native,Hispanic
Mr. Ahasteen,Ms. Keams,Native,Native
Mr. Nielsen,Mr. Zuniga,White,Hispanic
Mr. Gadson,Ms. Johnston,Black,White
Ms. Flynn,Ms. Contreras,White,Hispanic
Mr. Frimpong,Mr. Hurley,Black,White
Mr. Delgado,Ms. Hyppolite,Hispanic,Black
Ms. Duffy,Ms. Whiteplume,White,Native
Ms. Dayzie,Mr. Yellowhair,Native,Native
Ms. Becenti,Ms. Huffman,Native,White
Mr. Jeanlouis,Mr. Clitso,Black,Native
Ms. Cheung,Ms. Abebe,Asian,Black
Ms. Guo,Mr. Jeancharles,Asian,Black
Ms. Velez,Ms. Vasquez,Hispanic,Hispanic
Mr. Fluellen,Mr. Hyppolite,Black,Black
Mr. Boateng,Ms. Salas,Black,Hispanic
Ms. Hensley,Ms. Mayer,White,White
Ms. Zheng,Mr. Sanchez,Asian,Hispanic
Mr. Bullbear,Ms. Molina,Native,Hispanic
Mr. Lopez,Ms. Zhou,Hispanic,Asian
Ms. Beyene,Ms. Su,Black,Asian
Ms. Ng,Ms. Peshlakai,Asian,Native
Ms. Poorbear,Mr. Gao,Native,Asian
Mr. Talayumptewa,Ms. Yang,Native,Asian
Mr. Rasmussen,Ms. Ho,White,Asian
Mr. Reilly,Mr. Hailu,White,Black
Mr. Kline,Mr. Sharma,White,Asian
Ms. Herrera,Ms. Desir,Hispanic,Black
Mr. Bedonie,Ms. Johnston,Native,White
Ms. Conteh,Mr. Robles,Black,Hispanic
Mr. Calabaza,Mr. Sow,Native,Black
Ms. Dong,Ms. Martinez,Asian,Hispanic
Ms. Swanson,Ms. Galvan,White,Hispanic
Mr. Boykins,Mr. Attakai,Black,Native
Mr. Brennan,Mr. Okafor,White,Black
Ms. Cisse,Mr. Galvan,Black,Hispanic
Mr. Ibarra,Ms. Mondesir,Hispanic,Black
Ms. Oh,Mr. Orozco,Asian,Hispanic
Mr. Blankenship,Mr. Calixte,White,Black
Mr. Schmidt,Mr. Duong,White,Asian
Mr. Herman,Mr. Chen,White,Asian
Mr. Lesane,Mr. Shaffer,Black,White
Ms. Kallestewa,Mr. Salazar,Native,Hispanic
Ms. Hess,Ms. Addo,White,Black
Ms. Lozano,Ms. Sanchez,Hispanic,Hispanic
Ms. Meyer,Ms. Conteh,White,Black
Ms. Begay,Mr. Kamara,Native,Black
Ms. Patel,Mr. Tsinnie,Asian,Native
Ms. Ojo,Ms. Gomez,Black,Hispanic
Mr. Donovan,Mr. Littlewhiteman,White,Native
Mr. Jensen,Ms. Xu,White,Asian
Mr. Alvarez,Mr. Ruiz,Hispanic,Hispanic
Mr. Mejia,Mr. Truong,Hispanic,Asian
Ms. Berger,Mr. Avila,White,Hispanic
Ms. Warsame,Mr. Tam,Black,Asian
Ms. Berg,Ms. Osei,White,Black
Ms. Campos,Ms. Vega,Hispanic,Hispanic
Ms. Guzman,Mr. Yepa,Hispanic,Native
Ms. Belizaire,Mr. Saintil,Black,Black
Mr. Cao,Ms. Vo,Asian,Asian
Ms. Schroeder,Mr. Jeanpierre,White,Black
Ms. Cho,Ms. Trevino,Asian,Hispanic
Ms. Okeke,Mr. Orozco,Black,Hispanic
Ms. Shije,Mr. Larson,Native,White
Ms. Njoroge,Mr. Cheng,Black,Asian
Mr. Cowboy,Mr. Mccarthy,Native,White
Mr. Sanchez,Mr. Dorvil,Hispanic,Black
Mr. Vega,Ms. Petersen,Hispanic,White
Ms. Pham,Ms. Knapp,Asian,White
Ms. Odonnell,Mr. Lesane,White,Black
Mr. Schroeder,Mr. Jeanpierre,White,Black
Mr. Liang,Ms. Ma,Asian,Asian
Ms. Declay,Mr. Castillo,Native,Hispanic
Ms. Meza,Mr. Odonnell,Hispanic,White
Mr. Zheng,Ms. Sanchez,Asian,Hispanic
Ms. Melendez,Mr. Beck,Hispanic,White
Ms. Boateng,Ms. Apachito,Black,Native
Mr. Kebede,Mr. Abdullahi,Black,Black
Mr. Hahn,Ms. Wolfe,White,White
Ms. Traore,Ms. Hahn,Black,White
Ms. Shah,Mr. Dominguez,Asian,Hispanic
Ms. Schaefer,Mr. Han,White,Asian
Mr. Blackgoat,Ms. Ko,Native,Asian
Mr. Goseyun,Mr. Yi,Native,Asian
Ms. Blankenship,Mr. Hanson,White,White
Mr. Ravenell,Ms. Begum,Black,Asian
Ms. Sesay,Mr. Duffy,Black,White
Ms. Stark,Ms. Krueger,White,White
Mr. Okafor,Mr. Cheung,Black,Asian
Mr. Secatero,Mr. Velazquez,Native,Hispanic
Mr. Hailu,Ms. Pena,Black,Hispanic
Ms. Huang,Ms. Zhang,Asian,Asian
Ms. Atcitty,Ms. Kang,Native,Asian
Ms. Cephas,Ms. Yoo,Black,Asian
Ms. Straughter,Ms. Lawal,Black,Black
Mr. Ayala,Ms. Hoang,Hispanic,Asian
Ms. Bitsie,Ms. Hardnett,Native,Black
Mr. Wigfall,Ms. Owusu,Black,Black
Mr. Bigcrow,Mr. Mayweather,Native,Black
Mr. Li,Mr. Meyer,Asian,White
Mr. Schaefer,Mr. Mekonnen,White,Black
Mr. Hensley,Ms. Mayer,White,White
Mr. Whitehat,Ms. Bienaime,Native,Black
Mr. Whitehat,Ms. Espinoza,Native,Hispanic
Ms. Ulysse,Mr. Song,Black,Asian
Ms. Espinoza,Mr. Owusu,Hispanic,Black
Ms. He,Ms. Avila,Asian,Hispanic
Mr. Manuelito,Ms. Bullbear,Native,Native
Mr. Meyer,Ms. Yang,White,Asian
Mr. Castaneda,Ms. Diallo,Hispanic,Black
Mr. Crane,Mr. Ko,White,Asian
Mr. Bui,Ms. Larson,Asian,White
Ms. Wolf,Mr. Secody,White,Native
Ms. Garcia,Ms. Leaks,Hispanic,Black
Ms. Wu,Ms. Avila,Asian,Hispanic
Ms. Fluellen,Mr. Li,Black,Asian
Mr. Oh,Mr. Orozco,Asian,Hispanic
Mr. Benally,Ms. Vue,Native,Asian
Ms. Parsons,Ms. Choi,White,Asian
Mr. Kallestewa,Mr. Bitsilly,Native,Native
Mr. Fofana,Mr. Desai,Black,Asian
Ms. Yepa,Ms. Asare,Native,Black
Ms. Christensen,Ms. Secatero,White,Native
Mr. Kidane,Ms. Jimenez,Black,Hispanic
Mr. Okoro,Ms. Calixte,Black,Black
Ms. Sandoval,Ms. Alvarez,Hispanic,Hispanic
Mr. Fofana,Ms. Desai,Black,Asian
Ms. Ma,Ms. Bitsui,Asian,Native
Ms. Tesfaye,Ms. Addo,Black,Black
Ms. Guo,Mr. Kameroff,Asian,Native
Ms. Mohamud,Mr. Hensley,Black,White
Mr. Fuentes,Ms. He,Hispanic,Asian
Ms. Desir,Ms. Haskie,Black,Native
Ms. Metellus,Ms. Diop,Black,Black
Ms. Yeboah,Mr. Blankenship,Black,White
Ms. Saintil,Mr. Ojo,Black,Black
Ms. Salazar,Mr. Goldtooth,Hispanic,Native
Mr. Larson,Mr. Conteh,White,Black
Ms. Peshlakai,Ms. Lu,Native,Asian
Mr. Maldonado,Ms. Ng,Hispanic,Asian
Mr. Torres,Mr. Jeanpierre,Hispanic,Black
Ms. Soto,Mr. Smallcanyon,Hispanic,Native
Ms. Jeanjacques,Mr. Thai,Black,Asian
Mr. Thao,Ms. Tabaha,Asian,Native
Mr. Yoo,Mr. Schroeder,Asian,White
Ms. Gupta,Ms. Lai,Asian,Asian
Mr. Ndiaye,Ms. Tapaha,Black,Native
Mr. Pineda,Mr. Blueeyes,Hispanic,Native
Ms. Diop,Ms. Becenti,Black,Native
Mr. Chau,Ms. Vassell,Asian,Black
Ms. Vang,Mr. Contreras,Asian,Hispanic
Mr. Chavez,Ms. Lor,Hispanic,Asian
Mr. Sanchez,Ms. Trevino,Hispanic,Hispanic
Mr. Gomez,Ms. Ochoa,Hispanic,Hispanic
Mr. Veasley,Ms. Leaks,Black,Black
Ms. Littledog,Ms. Jama,Native,Black
Ms. Wauneka,Ms. Lawal,Native,Black
Mr. Bitsui,Mr. Frimpong,Native,Black
Mr. Olsen,Mr. Delgarito,White,Native
Ms. Tam,Ms. Cisse,Asian,Black
Mr. Zhou,Mr. Mayweather,Asian,Black
Ms. Vazquez,Ms. Case,Hispanic,White
Mr. Tessay,Mr. Mendez,Native,Hispanic
Mr. Mahoney,Ms. Ng,White,Asian
Ms. Galvan,Mr. Becenti,Hispanic,Native
Ms. Vargas,Mr. Yoo,Hispanic,Asian
Mr. Gutierrez,Mr. Tam,Hispanic,Asian
Ms. Cosay,Ms. Yellowhair,Native,Native
Ms. Straughter,Ms. Duffy,Black,White
Mr. Whiteface,Mr. Olanna,Native,Native
Mr. Avila,Ms. Goldtooth,Hispanic,Native
Ms. Ramirez,Mr. Mora,Hispanic,Hispanic
Ms. Herman,Ms. Hurley,White,White
Ms. Tesfaye,Mr. Mueller,Black,White
Ms. Etsitty,Ms. Vu,Native,Asian
Ms. Prioleau,Mr. Kanuho,Black,Native
Ms. Gallagher,Ms. Duong,White,Asian
Ms. Molina,Ms. Keyonnie,Hispanic,Native
Ms. Bitsui,Mr. Weber,Native,White
Ms. Olanna,Ms. Exantus,Native,Black
Ms. Ahasteen,Mr. Boateng,Native,Black
Mr. Gallegos,Mr. Hu,Hispanic,Asian
Mr. Gallegos,Ms. Hu,Hispanic,Asian
Ms. Carlson,Ms. Birdinground,White,Native
Ms. Avila,Mr. Hernandez,Hispanic,Hispanic
Ms. Klein,Mr. Jeanlouis,White,Black
Mr. Whitehat,Mr. Olson,Native,White
Ms. Huffman,Mr. Blackgoat,White,Native
Ms. Juarez,Ms. Zimmerman,Hispanic,White
Ms. Conrad,Ms. Schroeder,White,White
Mr. Yu,Ms. Berger,Asian,White
Mr. Kallestewa,Mr. Boyle,Native,White
Mr. Wolfe,Mr. Runningcrane,White,Native
Ms. Cheng,Mr. Hanson,Asian,White
Ms. Case,Mr. Desai,White,Asian
Ms. Johnston,Mr. Heavyrunner,White,Native
Mr. Manigault,Mr. Rivera,Black,Hispanic
Mr. Conteh,Ms. Zhu,Black,Asian
Ms. Louissaint,Ms. Tsinnijinnie,Black,Native
Mr. Altaha,Ms. Peck,Native,White
Mr. Cisse,Mr. Tapaha,Black,Native
Ms. Whiteplume,Ms. Edouard,Native,Black
Ms. Tesfaye,Ms. Pineda,Black,Hispanic
Mr. Donovan,Ms. Prophete,White,Black
Ms. Yeboah,Ms. Goldtooth,Black,Native
Mr. Altaha,Mr. Runningcrane,Native,Native
Ms. Fuentes,Ms. Cosay,Hispanic,Native
Ms. Crane,Ms. Ko,White,Asian
Mr. Sesay,Mr. Sow,Black,Black
Ms. Oh,Ms. Beck,Asian,White
Ms. Belizaire,Mr. Reilly,Black,White
Mr. Molina,Ms. Hensley,Hispanic,White
Mr. Hess,Mr. Addo,White,Black
Ms. Stfleur,Ms. Hansen,Black,White
Ms. Zhao,Ms. Ajayi,Asian,Black
Ms. Chu,Ms. Chavez,Asian,Hispanic
Ms. Smallcanyon,Mr. Vega,Native,Hispanic
Mr. Exantus,Ms. Solis,Black,Hispanic
Ms. Crane,Ms. Mensah,White,Black
Mr. Ayala,Ms. Rivas,Hispanic,Hispanic
Ms. Yeboah,Ms. Blankenship,Black,White
Ms. Johnston,Mr. Nielsen,White,White
Mr. Schroeder,Mr. Hahn,White,White
Ms. Rojas,Ms. Calderon,Hispanic,Hispanic
Ms. Yohannes,Ms. Christensen,Black,White
Ms. Conteh,Ms. Walsh,Black,White
Mr. Bauer,Ms. Sesay,White,Black
Ms. Choi,Ms. Chiu,Asian,Asian
Mr. Ma,Ms. Duong,Asian,Asian
Ms. Stein,Ms. Campos,White,Hispanic
Ms. Rodriguez,Mr. Bekele,Hispanic,Black
Ms. Aguilar,Ms. Abebe,Hispanic,Black
Mr. Li,Ms. Ly,Asian,Asian
Ms. Stfleur,Ms. Beyene,Black,Black
Mr. Jensen,Mr. Benally,White,Native
Mr. Kline,Ms. Edouard,White,Black
Ms. Poorbear,Ms. Schroeder,Native,White
Mr. Todacheene,Mr. Begay,Native,Native
Mr. Kramer,Mr. Her,White,Asian
Ms. Yoo,Mr. Schroeder,Asian,White
Ms. Vasquez,Mr. Vasquez,Hispanic,Hispanic
Ms. Hoang,Ms. Declay,Asian,Native
Ms. Tabaha,Ms. Kidane,Native,Black
Ms. Cabrera,Mr. Parsons,Hispanic,White
Mr. Ng,Mr. Boyle,Asian,White
Ms. Mejia,Ms. Krueger,Hispanic,White
Ms. Soto,Ms. Brennan,Hispanic,White
Mr. Declay,Mr. Dang,Native,Asian
Ms. Owen,Ms. Etsitty,White,Native
Mr. Mcmahon,Mr. Laughing,White,Native
Mr. Kaur,Mr. Secody,Asian,Native
Ms. Ochoa,Ms. Vasquez,Hispanic,Hispanic
Ms. Nwosu,Mr. Notah,Black,Native
Ms. Nwosu,Mr. Hernandez,Black,Hispanic
Ms. Apachito,Mr. Calixte,Native,Black
Ms. Rangel,Mr. Belizaire,Hispanic,Black
Ms. Walsh,Ms. Littlelight,White,Native
Mr. Jeancharles,Mr. Rodriguez,Black,Hispanic
Mr. Cline,Ms. Meza,White,Hispanic
Mr. Gupta,Ms. Wauneka,Asian,Native
Ms. Mekonnen,Ms. Snyder,Black,White
Ms. Case,Ms. Dominguez,White,Hispanic
Mr. Keams,Ms. Guo,Native,Asian
Mr. Schmidt,Mr. Osei,White,Black
Mr. Yeboah,Ms. Goldtooth,Black,Native
Ms. Friedman,Mr. Sandoval,White,Hispanic
Ms. Vu,Ms. Medina,Asian,Hispanic
Mr. Morales,Ms. Peshlakai,Hispanic,Native
Mr. Schultz,Ms. Yoo,White,Asian
Ms. Stfleur,Mr. Hansen,Black,White
Ms. Suarez,Mr. Clitso,Hispanic,Native
Ms. Addo,Mr. Cephas,Black,Black
Ms. Schroeder,Mr. Tsosie,White,Native
Ms. Cheng,Ms. Nguyen,Asian,Asian
Mr. Velazquez,Mr. Altaha,Hispanic,Native
Ms. Mendez,Ms. Robles,Hispanic,Hispanic
Mr. Mahoney,Mr. Coaxum,White,Black
Mr. Vue,Mr. Secatero,Asian,Native
Ms. Smalls,Ms. Jeanbaptiste,Black,Black
Ms. Benallie,Ms. Grandberry,Native,Black
Ms. Calderon,Ms. Spottedhorse,Hispanic,Native
Ms. Keita,Ms. Talayumptewa,Black,Native
Ms. Keyonnie,Ms. Schmidt,Native,White
Mr. Orozco,Ms. Abebe,Hispanic,Black
Mr. Huffman,Mr. Salas,White,Hispanic
Mr. Meyer,Mr. Nielsen,White,White
Mr. Tabaha,Ms. Guo,Native,Asian
Ms. Cabrera,Ms. Le,Hispanic,Asian
Mr. Wauneka,Mr. Bitsilly,Native,Native
Mr. Kline,Ms. Littledog,White,Native
Ms. Arcoren,Mr. Castillo,Native,Hispanic
Mr. Larson,Ms. Boyle,White,White
Mr. Fry,Ms. Guo,White,Asian
Mr. Becenti,Mr. Wigfall,Native,Black
Mr. Berger,Mr. Avila,White,Hispanic
Mr. Brandt,Mr. Abebe,White,Black
Mr. Declay,Mr. Castillo,Native,Hispanic
Ms. Padilla,Ms. Stfleur,Hispanic,Black
Ms. Kidane,Ms. Jimenez,Black,Hispanic
Ms. Ravenell,Ms. Peck,Black,White
Ms. Shin,Ms. Blackgoat,Asian,Native
Ms. Keams,Mr. Owusu,Native,Black
Mr. Kwon,Mr. Kamara,Asian,Black
Ms. Peshlakai,Ms. Jeanpierre,Native,Black
Mr. Ahasteen,Ms. Sexton,Native,White
Mr. Keyonnie,Ms. Pan,Native,Asian
Ms. Benally,Ms. Rivera,Native,Hispanic
Mr. Gao,Ms. Cayaditto,Asian,Native
Ms. Serrano,Mr. Figueroa,Hispanic,Hispanic
Ms. Jain,Mr. Moreno,Asian,Hispanic
Mr. Ajayi,Ms. Olson,Black,White
Mr. Mayweather,Mr. Zhou,Black,Asian
Mr. Dominguez,Ms. Asare,Hispanic,Black
Mr. Diop,Ms. Huber,Black,White
Mr. Vasquez,Mr. Hoang,Hispanic,Asian
Ms. Okoro,Mr. Weiss,Black,White
Ms. Benallie,Ms. Rangel,Native,Hispanic
Mr. Reilly,Ms. Hailu,White,Black
Ms. Tabaha,Mr. Serrano,Native,Hispanic
Ms. Torres,Mr. Jeanpierre,Hispanic,Black
Mr. Duong,Ms. Kidane,Asian,Black
Mr. Ojo,Mr. Colelay,Black,Native
Mr. Todacheenie,Ms. Mayweather,Native,Black
Ms. Mahoney,Mr. Ng,White,Asian
Ms. Valenzuela,Ms. Crane,Hispanic,White
Ms. Keita,Ms. Lopez,Black,Hispanic
Mr. Her,Mr. Prophete,Asian,Black
Mr. Abebe,Ms. Yohannes,Black,Black
Ms. Schaefer,Mr. Wolf,White,White
Mr. Flynn,Mr. Traore,White,Black
Mr. Moreno,Mr. Juarez,Hispanic,Hispanic
Ms. Secatero,Mr. Velazquez,Native,Hispanic
Ms. Blueeyes,Ms. Yoo,Native,Asian
Mr. Edouard,Ms. Gutierrez,Black,Hispanic
Ms. Mondesir,Mr. Chasinghawk,Black,Native
Mr. Attakai,Ms. Clitso,Native,Native
Mr. Brennan,Ms. Lopez,White,Hispanic
Ms. Njoroge,Mr. Jeanjacques,Black,Black
Mr. Su,Ms. Saintil,Asian,Black
Ms. Whiteface,Mr. Gomez,Native,Hispanic
Ms. Luong,Ms. Chowdhury,Asian,Asian
Ms. Aguilar,Mr. Abebe,Hispanic,Black
Ms. Ayala,Mr. Beyene,Hispanic,Black
Ms. Wolf,Ms. Weiss,White,White
Mr. Salas,Mr. Escobar,Hispanic,Hispanic
Mr. Mekonnen,Mr. Appiah,Black,Black
Ms. Chinana,Mr. Pena,Native,Hispanic
Mr. Blackgoat,Ms. Sanchez,Native,Hispanic
Mr. He,Ms. Cheung,Asian,Asian
Ms. Altaha,Mr. Yan,Native,Asian
Mr. Jeanjacques,Mr. Bitsui,Black,Native
Ms. Delgado,Ms. Vo,Hispanic,Asian
Mr. Yang,Mr. Hess,Asian,White
Ms. Hsu,Ms. Werito,Asian,Native
Mr. Peck,Mr. Zhu,White,Asian
Mr. Littlelight,Ms. Chinana,Native,Native
Mr. Bigcrow,Mr. Chiu,Native,Asian
Ms. Dong,Mr. Cheung,Asian,Asian
Ms. Blackgoat,Ms. Talayumptewa,Native,Native
Ms. Duong,Ms. Kidane,Asian,Black
Ms. Sanchez,Ms. Chiu,Hispanic,Asian
Ms. Duffy,Mr. Whiteplume,White,Native
Mr. Liang,Ms. Melendez,Asian,Hispanic
Mr. Kamara,Ms. Serrano,Black,Hispanic
Ms. Flores,Mr. Pierrelouis,Hispanic,Black
Mr. Okeke,Ms. Cheng,Black,Asian
Mr. Mohamud,Mr. Vazquez,Black,Hispanic
Ms. Fluellen,Mr. Hyppolite,Black,Black
Mr. Velasquez,Mr. Vo,Hispanic,Asian
Ms. Vargas,Ms. Brennan,Hispanic,White
Ms. Moyer,Ms. Yohannes,White,Black
Ms. Hahn,Ms. Wolfe,White,White
Mr. Ha,Ms. Huynh,Asian,Asian
Ms. Garcia,Mr. Vega,Hispanic,Hispanic
Mr. Cervantes,Mr. Zhang,Hispanic,Asian
Ms. Tapaha,Ms. Begay,Native,Native
Mr. Hailu,Ms. Tadesse,Black,Black
Ms. Becker,Ms. Campos,White,Hispanic
Ms. Beyene,Ms. Schroeder,Black,White
Ms. Cowboy,Mr. Sharma,Native,Asian
Ms. Prophete,Ms. Rosales,Black,Hispanic
Ms. Torres,Ms. Jeanpierre,Hispanic,Black
Ms. Salinas,Ms. Belizaire,Hispanic,Black
Mr. Odonnell,Ms. Blueeyes,White,Native
Ms. Jeanpierre,Ms. Arcoren,Black,Native
Mr. Desta,Ms. Kaur,Black,Asian
Ms. Tsinnie,Ms. Wang,Native,Asian
Ms. Moua,Mr. Tabaha,Asian,Native
Ms. Crane,Mr. Blackhorse,White,Native
Ms. Meza,Ms. Saintlouis,Hispanic,Black
Ms. Whiteface,Mr. Fobbs,Native,Black
Mr. Adjei,Mr. Her,Black,Asian
Ms. Calabaza,Mr. Sow,Native,Black
Ms. Delgarito,Ms. Pineda,Native,Hispanic
Ms. Asare,Mr. Estrada,Black,Hispanic
Mr. Hsu,Mr. Werito,Asian,Native
Ms. Kramer,Mr. Figueroa,White,Hispanic
Ms. Dayzie,Ms. Padilla,Native,Hispanic
Ms. Lim,Ms. Donovan,Asian,White
Mr. Hu,Ms. Le,Asian,Asian
Mr. Traore,Mr. Hahn,Black,White
Mr. Alvarado,Mr. Kwon,Hispanic,Asian
Ms. Ethelbah,Ms. Dominguez,Native,Hispanic
Mr. Calabaza,Mr. Hartman,Native,White
Mr. Mendez,Ms. Friedman,Hispanic,White
Mr. Lim,Mr. Ng,Asian,Asian
Ms. Begay,Mr. Bauer,Native,White
Mr. Jalloh,Mr. Leung,Black,Asian
Ms. Wauneka,Mr. Ryan,Native,White
Ms. Dominguez,Mr. Bedonie,Hispanic,Native
Mr. Kallestewa,Ms. Bitsilly,Native,Native
Ms. Frimpong,Ms. Adjei,Black,Black
Ms. Goseyun,Mr. Cardenas,Native,Hispanic
Mr. Kramer,Ms. Tesfaye,White,Black
Mr. Jeanlouis,Ms. Conrad,Black,White
Mr. Parsons,Mr. Mueller,White,White
Mr. Macdonald,Mr. Benallie,White,Native
Mr. Henio,Mr. Stark,Native,White
Mr. Hoover,Ms. Xu,White,Asian
Ms. Trevino,Ms. Chasinghawk,Hispanic,Native
Ms. Vassell,Ms. Ayze,Black,Native
Ms. Salas,Ms. Escobar,Hispanic,Hispanic
Ms. Saintil,Ms. Cheung,Black,Asian
Ms. Vasquez,Mr. Diallo,Hispanic,Black
Ms. Tsethlikai,Mr. Kameroff,Native,Native
Ms. Vega,Mr. Diaz,Hispanic,Hispanic
Mr. Mekonnen,Ms. Benally,Black,Native
Ms. Balogun,Ms. Brandt,Black,White
Ms. Desir,Ms. Mondesir,Black,Black
Ms. Boyle,Ms. Prophete,White,Black
Mr. Jama,Ms. Mensah,Black,Black
Ms. Parsons,Ms. Lopez,White,Hispanic
Ms. Hebert,Ms. Sesay,White,Black
Mr. Zimmerman,Mr. Benallie,White,Native
Ms. Owen,Mr. Escobar,White,Hispanic
Mr. Louissaint,Mr. Bui,Black,Asian
Ms. Herrera,Mr. Calabaza,Hispanic,Native
Mr. Begum,Ms. Ajayi,Asian,Black
Mr. Chu,Ms. Beck,Asian,White
Ms. Sharma,Ms. Ng,Asian,Asian
Mr. Gomez,Mr. Mohamud,Hispanic,Black
Ms. Ma,Ms. Duffy,Asian,White
Ms. Macias,Ms. Choi,Hispanic,Asian
Mr. Osei,Ms. Gallagher,Black,White
Ms. Snyder,Ms. Asante,White,Black
Mr. Fischer,Mr. Manuelito,White,Native
Ms. Vasquez,Mr. Schroeder,Hispanic,White
Ms. Littlewhiteman,Ms. Foley,Native,White
Mr. Bangura,Ms. Bui,Black,Asian
Ms. Pineda,Ms. Velazquez,Hispanic,Hispanic
Mr. Keams,Mr. Owusu,Native,Black
Ms. Vazquez,Ms. Gomez,Hispanic,Hispanic
Mr. Bekele,Ms. Littlelight,Black,Native
Ms. Hansen,Ms. Nunez,White,Hispanic
Mr. Notafraid,Mr. Ruiz,Native,Hispanic
Ms. Chau,Mr. Vassell,Asian,Black
Mr. Wagner,Mr. Jeanlouis,White,Black
Mr. Meyer,Mr. Tsinnie,White,Native
Mr. Okafor,Ms. Chery,Black,Black
Mr. Huber,Ms. Brandt,White,White
Ms. Zhang,Mr. Arias,Asian,Hispanic
Mr. Blankenship,Mr. Lo,White,Asian
Ms. Kang,Mr. Case,Asian,White
Ms. Cardenas,Mr. Hwang,Hispanic,Asian
Mr. Dong,Mr. Bitsie,Asian,Native
Mr. Sexton,Mr. Donovan,White,White
Mr. Lin,Mr. Boateng,Asian,Black
Ms. Cosay,Ms. Sexton,Native,White
Mr. Bedonie,Ms. Wassillie,Native,Native
Ms. Boyle,Mr. Bitsuie,White,Native
Mr. Ganadonegro,Mr. Balogun,Native,Black
Mr. Liang,Mr. Ma,Asian,Asian
Mr. Ulysse,Mr. Fofana,Black,Black
Ms. Ryan,Mr. Madplume,White,Native
Ms. Shaffer,Mr. Stark,White,White
Ms. Yoo,Mr. Maldonado,Asian,Hispanic
Mr. Kidane,Mr. Jimenez,Black,Hispanic
Ms. Louissaint,Mr. Asante,Black,Black
Mr. Heavyrunner,Mr. Ganadonegro,Native,Native
Ms. Shije,Mr. Keita,Native,Black
Ms. Mondesir,Mr. Tan,Black,Asian
Mr. Conrad,Ms. Schroeder,White,White
Ms. Fry,Mr. Tadesse,White,Black
Mr. Ly,Mr. Leung,Asian,Asian
Ms. Krueger,Ms. Sanchez,White,Hispanic
Ms. Keams,Mr. Guo,Native,Asian
Mr. Coaxum,Mr. Schneider,Black,White
Ms. Gonzalez,Ms. Okeke,Hispanic,Black
Ms. Ibarra,Ms. Mondesir,Hispanic,Black
Mr. Parsons,Mr. Choi,White,Asian
Ms. Exantus,Ms. Xu,Black,Asian
Ms. Escobar,Ms. Eriacho,Hispanic,Native
Ms. Gupta,Mr. Lai,Asian,Asian
Ms. Tessay,Mr. Mendez,Native,Hispanic
Mr. Smallcanyon,Ms. Vega,Native,Hispanic
Mr. Lin,Mr. Gallegos,Asian,Hispanic
Ms. Padilla,Ms. Her,Hispanic,Asian
Ms. Whitehat,Mr. Clitso,Native,Native
Ms. Ajayi,Ms. Vazquez,Black,Hispanic
Mr. Moua,Mr. Vazquez,Asian,Hispanic
Ms. Traore,Ms. Chung,Black,Asian
Mr. Chowdhury,Mr. Trevino,Asian,Hispanic
Ms. Tsethlikai,Mr. Schneider,Native,White
Ms. Ethelbah,Mr. Shije,Native,Native
Mr. Oconnor,Mr. Rangel,White,Hispanic
Ms. Mohamud,Mr. Ha,Black,Asian
Mr. Hartman,Ms. Alvarez,White,Hispanic
Mr. Tsethlikai,Mr. Schneider,Native,White
Mr. Sun,Mr. Secody,Asian,Native
Ms. Choi,Mr. Sweeney,Asian,White
Ms. Chen,Ms. Lai,Asian,Asian
Mr. Blackhorse,Mr. Shaffer,Native,White
Mr. Lim,Ms. Donovan,Asian,White
Mr. Campos,Mr. Wigfall,Hispanic,Black
Mr. Escobar,Mr. Petersen,Hispanic,White
Mr. Berger,Mr. Boykins,White,Black
Ms. Beyale,Ms. Conrad,Native,White
Ms. Zhao,Mr. Su,Asian,Asian
Mr. Moreno,Ms. Juarez,Hispanic,Hispanic
Mr. Nunez,Ms. Chiu,Hispanic,Asian
Ms. Vassell,Mr. Velazquez,Black,Hispanic
Ms. Zhu,Mr. Fobbs,Asian,Black
Mr. Veasley,Mr. Do,Black,Asian
Mr. Barrera,Mr. Jain,Hispanic,Asian
Ms. Bitsie,Ms. Alvarado,Native,Hispanic
Ms. Ochoa,Mr. Vasquez,Hispanic,Hispanic
Ms. Sow,Ms. Gonzalez,Black,Hispanic
Mr. Straughter,Ms. Tsosie,Black,Native
Mr. Russo,Ms. Walsh,White,White
Mr. Friedman,Ms. Poorbear,White,Native
Ms. Begay,Mr. Valenzuela,Native,Hispanic
Mr. Yellowman,Mr. Thai,Native,Asian
Mr. Guzman,Ms. Bah,Hispanic,Black
Mr. Carrillo,Ms. Abdullahi,Hispanic,Black
Mr. Gueye,Mr. Trevino,Black,Hispanic
Mr. Hoang,Mr. Kline,Asian,White
Ms. Asante,Mr. Knapp,Black,White
Mr. Keyonnie,Ms. Abdullahi,Native,Black
Ms. Munoz,Mr. Boykins,Hispanic,Black
Mr. Declay,Mr. Calabaza,Native,Native
Ms. Yepa,Mr. Asare,Native,Black
Ms. Cline,Ms. Brennan,White,White
Mr. Mohamud,Ms. Beyale,Black,Native
Mr. Rangel,Mr. Carrillo,Hispanic,Hispanic
Mr. Diaz,Mr. Appiah,Hispanic,Black
Mr. Flores,Ms. Pierrelouis,Hispanic,Black
Mr. Njoroge,Mr. Gutierrez,Black,Hispanic
Mr. Roanhorse,Mr. Bitsilly,Native,Native
Mr. Cowboy,Mr. Boateng,Native,Black
Ms. Donovan,Ms. Prophete,White,Black
Ms. Huffman,Ms. Dong,White,Asian
Ms. Asare,Ms. Hurley,Black,White
Ms. Christensen,Mr. Leung,White,Asian
Ms. Galvan,Ms. Leung,Hispanic,Asian
Ms. Gonzalez,Mr. Do,Hispanic,Asian
Mr. Duffy,Ms. Zheng,White,Asian
Mr. Ruiz,Mr. Meza,Hispanic,Hispanic
Mr. Arcoren,Ms. Tesfaye,Native,Black
Mr. Mueller,Ms. Leung,White,Asian
Ms. Wassillie,Mr. Standingrock,Native,Native
Ms. Crane,Ms. Berg,White,White
Mr. Dosela,Mr. Etcitty,Native,Native
Ms. Kaur,Mr. Secody,Asian,Native
Mr. Littledog,Mr. Swanson,Native,White
Ms. Vassell,Ms. Addo,Black,Black
Ms. Grandberry,Mr. Molina,Black,Hispanic
Mr. Etcitty,Ms. Notah,Native,Native
Ms. Fuentes,Ms. Bah,Hispanic,Black
Ms. Jiang,Ms. Krueger,Asian,White
Mr. Asante,Ms. Knapp,Black,White
Ms. Shaffer,Ms. Owusu,White,Black
Ms. Brennan,Mr. Okafor,White,Black
Mr. Tsinnie,Ms. Rivas,Native,Hispanic
Ms. Rivas,Mr. Lasiloo,Hispanic,Native
Ms. Dosela,Ms. Ibarra,Native,Hispanic
Mr. Chen,Mr. Nez,Asian,Native
Mr. Velez,Mr. Wauneka,Hispanic,Native
Ms. Begay,Ms. Whiteface,Native,Native
Mr. Desta,Mr. Molina,Black,Hispanic
Mr. Duffy,Mr. Keita,White,Black
Mr. Begay,Ms. Valenzuela,Native,Hispanic
Mr. Rivas,Ms. Li,Hispanic,Asian
Mr. Kameroff,Ms. Luu,Native,Asian
Mr. Guerrero,Mr. Chery,Hispanic,Black
Mr. Sow,Ms. Kidane,Black,Black
Ms. Hanson,Mr. Swanson,White,White
Mr. Gonzalez,Ms. Do,Hispanic,Asian
Mr. Manigault,Mr. Standingrock,Black,Native
Mr. Kebede,Mr. Friedman,Black,White
Ms. Manygoats,Mr. Walkingeagle,Native,Native
Ms. Prioleau,Ms. Ayala,Black,Hispanic
Mr. Chen,Mr. Abebe,Asian,Black
Ms. Runningcrane,Mr. Friedman,Native,White
Mr. Pan,Ms. Coaxum,Asian,Black
Ms. Bigcrow,Ms. Mayweather,Native,Black
Mr. Conteh,Mr. Walsh,Black,White
Mr. Ngo,Ms. Sun,Asian,Asian
Ms. Exantus,Mr. Solis,Black,Hispanic
Mr. Mondesir,Mr. Cline,Black,White
Ms. Claw,Ms. Weiss,Native,White
Ms. Walkingeagle,Mr. Chowdhury,Native,Asian
Mr. Thao,Mr. Kamara,Asian,Black
Mr. Manigault,Ms. Standingrock,Black,Native
Mr. Flynn,Mr. Littlewhiteman,White,Native
Mr. Cowboy,Mr. Bullbear,Native,Native
Mr. Diop,Mr. Becenti,Black,Native
Ms. Ayze,Mr. Snyder,Native,White
Mr. Hoffman,Mr. Talayumptewa,White,Native
Mr. Ho,Mr. Dang,Asian,Asian
Mr. Yazzie,Ms. Vu,Native,Asian
Mr. Jalloh,Ms. Coaxum,Black,Black
Mr. Toure,Mr. Do,Black,Asian
Ms. Kallestewa,Ms. Lim,Native,Asian
Ms. Mensah,Mr. Gallegos,Black,Hispanic
Mr. Peshlakai,Ms. Wauneka,Native,Native
Ms. Mayer,Ms. Todacheenie,White,Native
Ms. Asante,Mr. Tapaha,Black,Native
Mr. Fischer,Mr. Vu,White,Asian
Mr. Jimenez,Ms. Maldonado,Hispanic,Hispanic
Ms. Jain,Ms. Lor,Asian,Asian
Mr. Peck,Mr. Bitsie,White,Native
Ms. Smallcanyon,Mr. Oneill,Native,White
Ms. Yi,Ms. Kallestewa,Asian,Native
Ms. Bullbear,Ms. Molina,Native,Hispanic
Mr. Ortega,Ms. Bui,Hispanic,Asian
Mr. Cayaditto,Ms. Berhane,Native,Black
Mr. Bah,Mr. Abdullahi,Black,Black
Ms. Trinh,Mr. Snyder,Asian,White
Mr. Ma,Ms. Duffy,Asian,White
Mr. Campos,Ms. Wigfall,Hispanic,Black
Ms. Rojas,Ms. Hardnett,Hispanic,Black
Ms. Fischer,Mr. Nunez,White,Hispanic
Ms. Keller,Mr. Orozco,White,Hispanic
Mr. Castaneda,Ms. Becker,Hispanic,White
Mr. Wu,Ms. Olson,Asian,White
Ms. Abebe,Mr. Tsethlikai,Black,Native
Ms. Tang,Ms. Ravenell,Asian,Black
Ms. Shaffer,Mr. Yang,White,Asian
Ms. Ruiz,Mr. Lu,Hispanic,Asian
Ms. Solis,Ms. Kline,Hispanic,White
Mr. Escobar,Ms. Eriacho,Hispanic,Native
Mr. Phan,Ms. Barrera,Asian,Hispanic
Ms. Jalloh,Mr. Tessay,Black,Native
Ms. Cosay,Mr. Yellowhair,Native,Native
Mr. Trinh,Mr. Oh,Asian,Asian
Ms. Escobar,Ms. Toure,Hispanic,Black
Ms. Tang,Ms. Conrad,Asian,White
Mr. Do,Ms. Metellus,Asian,Black
Mr. Obrien,Mr. Salinas,White,Hispanic
Ms. Bitsie,Mr. Hardnett,Native,Black
Ms. Lasiloo,Ms. Weber,Native,White
Mr. Escobar,Mr. Ha,Hispanic,Asian
Mr. Nunez,Mr. Bitsilly,Hispanic,Native
Mr. Lor,Mr. Yellowman,Asian,Native
Mr. Macdonald,Ms. Oneill,White,White
Mr. Peshlakai,Mr. Bauer,Native,White
Ms. Ko,Mr. Notafraid,Asian,Native
Ms. Santana,Mr. Ganadonegro,Hispanic,Native
Mr. Olsen,Mr. Huffman,White,White
Mr. Maldonado,Mr. Etsitty,Hispanic,Native
Mr. Jalloh,Mr. Coaxum,Black,Black
Ms. Pena,Mr. Sharma,Hispanic,Asian
Mr. Huang,Ms. Serrano,Asian,Hispanic
Mr. Sweeney,Ms. Moyer,White,White
Ms. Knapp,Mr. Yoder,White,White
Ms. Ojo,Mr. Prophete,Black,Black
Ms. Olson,Mr. Whitehat,White,Native
Ms. Mayweather,Ms. Larson,Black,White
Mr. Gadson,Mr. Ngo,Black,Asian
Ms. Haskie,Ms. Erickson,Native,White
Ms. Hosteen,Mr. Cho,Native,Asian
Ms. Kameroff,Ms. Hoffman,Native,White
Mr. Ahasteen,Mr. Boateng,Native,Black
Ms. Hahn,Ms. Yu,White,Asian
Ms. Mwangi,Mr. Berg,Black,White
Ms. Hwang,Mr. Keyonnie,Asian,Native
Mr. Mayer,Mr. Vasquez,White,Hispanic
Ms. Yellowhair,Mr. Abdullahi,Native,Black
Mr. Tang,Mr. Ravenell,Asian,Black
Ms. Eriacho,Ms. Delgado,Native,Hispanic
Mr. Tam,Ms. Campos,Asian,Hispanic
Ms. Cervantes,Ms. Avila,Hispanic,Hispanic
Ms. Hebert,Mr. Manygoats,White,Native
Ms. Altaha,Ms. Yan,Native,Asian
Mr. Opoku,Mr. Barrera,Black,Hispanic
Ms. Clitso,Mr. Garcia,Native,Hispanic
Mr. Sun,Ms. Valenzuela,Asian,Hispanic
Ms. Bitsilly,Ms. Cowboy,Native,Native
Mr. Ramirez,Mr. Dorvil,Hispanic,Black
Mr. Mccarthy,Mr. Espinoza,White,Hispanic
Mr. Ojo,Mr. Tam,Black,Asian
Ms. Pena,Mr. Hensley,Hispanic,White
Mr. Lu,Ms. Schaefer,Asian,White
Ms. Yellowhair,Ms. Walkingeagle,Native,Native
Mr. Littledog,Ms. Leung,Native,Asian
Ms. Thai,Ms. Fofana,Asian,Black
Mr. Velazquez,Ms. Chowdhury,Hispanic,Asian
Ms. Kameroff,Mr. Hoffman,Native,White
Mr. Decker,Mr. Weiss,White,White
Ms. Thai,Mr. Phan,Asian,Asian
Mr. Lopez,Ms. Owusu,Hispanic,Black
Mr. Song,Mr. Rosales,Asian,Hispanic
Ms. Christensen,Mr. Ruiz,White,Hispanic
Mr. Veasley,Ms. Do,Black,Asian
Mr. Goldtooth,Ms. Ahasteen,Native,Native
Mr. Walkingeagle,Mr. Mayweather,Native,Black
Mr. Trevino,Ms. Chasinghawk,Hispanic,Native
Mr. Juarez,Ms. Sharma,Hispanic,Asian
Ms. Ha,Ms. Huynh,Asian,Asian
Ms. Schaefer,Ms. Mekonnen,White,Black
Mr. Benallie,Mr. Flynn,Native,White
Ms. Martinez,Ms. Mahoney,Hispanic,White
Ms. Case,Mr. Sexton,White,White
Mr. Beyene,Ms. Benallie,Black,Native
Ms. Sow,Ms. Kidane,Black,Black
Ms. Kidane,Ms. Shen,Black,Asian
Mr. Hsu,Ms. Werito,Asian,Native
Mr. Cowboy,Ms. Salazar,Native,Hispanic
Mr. Larsen,Ms. Exantus,White,Black
Ms. Dayzie,Ms. Traore,Native,Black
Mr. Donovan,Mr. Oconnor,White,White
Mr. Standingrock,Mr. Klein,Native,White
Ms. Hahn,Ms. Mensah,White,Black
Ms. Filsaime,Mr. Abdullahi,Black,Black
Mr. Boykins,Mr. Saintil,Black,Black
Ms. Dong,Ms. Cheung,Asian,Asian
Mr. Jacobson,Mr. Gishie,White,Native
Ms. Cosay,Mr. Sharma,Native,Asian
Ms. Colelay,Ms. Li,Native,Asian
Ms. Fobbs,Mr. Choi,Black,Asian
Mr. Vasquez,Ms. Hoang,Hispanic,Asian
Ms. Okafor,Mr. Chery,Black,Black
Mr. Yoon,Ms. Ahasteen,Asian,Native
Ms. Goseyun,Mr. Snyder,Native,White
Mr. Obrien,Ms. Hoover,White,White
Ms. Rivas,Ms. Li,Hispanic,Asian
Ms. Berger,Ms. Bullbear,White,Native
Ms. Clah,Ms. Lopez,Native,Hispanic
Ms. Fischer,Ms. Nunez,White,Hispanic
Mr. Medina,Ms. Hanson,Hispanic,White
Mr. Balogun,Ms. Delgado,Black,Hispanic
Mr. Cardenas,Mr. Smallcanyon,Hispanic,Native
Mr. Rasmussen,Mr. Cephas,White,Black
Mr. Kang,Mr. Littlewhiteman,Asian,Native
Mr. Crane,Ms. Ko,White,Asian
Ms. Jama,Ms. Mensah,Black,Black
Mr. Berger,Ms. Zhao,White,Asian
Mr. Hsu,Ms. Pham,Asian,Asian
Mr. Hu,Mr. Atcitty,Asian,Native
Ms. Wagner,Mr. He,White,Asian
Ms. Begum,Ms. Santana,Asian,Hispanic
Ms. Sweeney,Ms. Petitfrere,White,Black
Ms. Ayala,Ms. Beyene,Hispanic,Black
Ms. Tesfaye,Mr. Tang,Black,Asian
Mr. Diallo,Ms. Escobar,Black,Hispanic
Ms. Garza,Ms. Shaffer,Hispanic,White
Ms. Wang,Mr. Yan,Asian,Asian
Mr. Becker,Mr. Jain,White,Asian
Mr. Kanuho,Mr. Hwang,Native,Asian
Ms. Robles,Mr. Thao,Hispanic,Asian
Ms. Cervantes,Mr. Jeancharles,Hispanic,Black
Mr. Schaefer,Ms. Han,White,Asian
Ms. Phan,Ms. Zhu,Asian,Asian
Mr. Krueger,Ms. Shin,White,Asian
Ms. Yeboah,Ms. Gallegos,Black,Hispanic
Mr. Dayzie,Mr. Walsh,Native,White
Ms. Delgarito,Ms. Moua,Native,Asian
Mr. Notafraid,Ms. Cline,Native,White
Mr. Perez,Ms. Brennan,Hispanic,White
Ms. Okafor,Mr. Petersen,Black,White
Mr. Patel,Mr. Wolf,Asian,White
Ms. Ortiz,Mr. Jalloh,Hispanic,Black
Mr. Njoroge,Ms. Jeanjacques,Black,Black
Ms. Pan,Mr. Tang,Asian,Asian
Mr. Jain,Ms. Coaxum,Asian,Black
Mr. Twobulls,Mr. Han,Native,Asian
Ms. Vassell,Mr. Ayze,Black,Native
Mr. Chowdhury,Ms. Bui,Asian,Asian
Mr. Mayweather,Mr. Mekonnen,Black,Black
Mr. Liu,Mr. Fofana,Asian,Black
Mr. Vue,Mr. Ly,Asian,Asian
Ms. Moreno,Mr. Odonnell,Hispanic,White
Ms. Mendez,Ms. Bigcrow,Hispanic,Native
Mr. Beck,Mr. Todacheene,White,Native
Ms. Asare,Mr. Kwon,Black,Asian
Ms. Laughing,Ms. Mayweather,Native,Black
Ms. Asare,Mr. Cosay,Black,Native
Mr. Vue,Mr. Walsh,Asian,White
Ms. Lin,Ms. Chen,Asian,Asian
Ms. Blackgoat,Mr. Sweeney,Native,White
Ms. Sun,Ms. Dorvil,Asian,Black
Ms. Su,Ms. Spottedhorse,Asian,Native
Mr. Schroeder,Mr. Rangel,White,Hispanic
Ms. Yi,Ms. Bienaime,Asian,Black
Mr. Erickson,Mr. Eriacho,White,Native
Mr. Runningcrane,Mr. Chowdhury,Native,Asian
Ms. Begum,Ms. Wolf,Asian,White
Mr. Chen,Ms. Medina,Asian,Hispanic
Mr. Laughing,Ms. Notah,Native,Native
Mr. Orozco,Mr. Sharma,Hispanic,Asian
Mr. Flores,Ms. Tessay,Hispanic,Native
Mr. Friedman,Ms. Larsen,White,White
Mr. Friedman,Mr. Poorbear,White,Native
Mr. Bekele,Mr. Trinh,Black,Asian
Ms. Petersen,Ms. Luong,White,Asian
Mr. Villarreal,Mr. Salas,Hispanic,Hispanic
Mr. Dong,Ms. Martinez,Asian,Hispanic
Mr. Cervantes,Mr. Jeancharles,Hispanic,Black
Mr. Saintlouis,Mr. Kidane,Black,Black
Ms. Ravenell,Ms. Begum,Black,Asian
Ms. Madplume,Mr. Zhu,Native,Asian
Mr. Olsen,Ms. Gao,White,Asian
Ms. Talayumptewa,Ms. Mueller,Native,White
Mr. Oconnor,Ms. Bartlett,White,White
Mr. Zhu,Mr. Meyer,Asian,White
Ms. Carlson,Mr. Vue,White,Asian
Mr. Rojas,Mr. Hardnett,Hispanic,Black
Mr. Velasquez,Ms. Njoroge,Hispanic,Black
Mr. Gonzalez,Ms. Okeke,Hispanic,Black
Mr. Etsitty,Ms. Bauer,Native,White
Mr. Ngo,Mr. Mondesir,Asian,Black
Ms. Boykins,Mr. Saintil,Black,Black
Mr. Asante,Ms. Tapaha,Black,Native
Mr. Jeanpierre,Ms. Suarez,Black,Hispanic
Ms. Yeboah,Mr. Duong,Black,Asian
Ms. Eriacho,Ms. Cheng,Native,Asian
Mr. Contreras,Mr. Owen,Hispanic,White
Mr. Chery,Ms. Chasinghawk,Black,Native
Mr. Cho,Mr. Whiteplume,Asian,Native
Ms. Chu,Ms. Beck,Asian,White
Ms. Peck,Ms. Pineda,White,Hispanic
Ms. Kang,Ms. Case,Asian,White
Ms. Howe,Ms. Hurley,White,White
Mr. Oconnor,Ms. Benallie,White,Native
Ms. Ethelbah,Ms. Shije,Native,Native
Ms. Martinez,Ms. Spottedhorse,Hispanic,Native
Ms. Pena,Mr. Tessay,Hispanic,Native
Ms. Olson,Mr. Dominguez,White,Hispanic
Mr. Krueger,Ms. Sanchez,White,Hispanic
Ms. Oconnor,Mr. Boateng,White,Black
Mr. Hsu,Mr. Pham,Asian,Asian
Mr. Rojas,Ms. Hardnett,Hispanic,Black
Ms. Gutierrez,Ms. Martinez,Hispanic,Hispanic
Ms. Wigfall,Mr. Swanson,Black,White
Mr. Blackhorse,Ms. Smalls,Native,Black
Mr. Jeanlouis,Mr. Cheung,Black,Asian
Ms. Bekele,Ms. Littlelight,Black,Native
Mr. Su,Mr. Carlson,Asian,White
Mr. Phan,Mr. Barrera,Asian,Hispanic
Mr. Yang,Mr. Laughing,Asian,Native
Ms. Hyppolite,Mr. Song,Black,Asian
Mr. Ly,Ms. Wigfall,Asian,Black
Mr. Todacheenie,Mr. Oh,Native,Asian
Mr. Manuelito,Mr. Bullbear,Native,Native
Ms. Begum,Mr. Ajayi,Asian,Black
Mr. Calixte,Mr. Zhang,Black,Asian
Ms. Nez,Mr. Lawal,Native,Black
Mr. Avila,Mr. Obrien,Hispanic,White
Ms. Rivas,Ms. Hyppolite,Hispanic,Black
Mr. Runningcrane,Mr. Birdinground,Native,Native
Mr. Owen,Ms. Tang,White,Asian
Ms. Herrera,Ms. Cabrera,Hispanic,Hispanic
Ms. Vazquez,Mr. Her,Hispanic,Asian
Mr. Oneill,Mr. Nez,White,Native
Ms. Vega,Mr. Abebe,Hispanic,Black
Ms. Walsh,Mr. Odonnell,White,White
Ms. Gomez,Ms. Apachito,Hispanic,Native
Mr. Huang,Mr. Zhang,Asian,Asian
Mr. Campos,Mr. Sharma,Hispanic,Asian
Mr. Su,Mr. Spottedhorse,Asian,Native
Mr. Cho,Ms. Trevino,Asian,Hispanic
Mr. Hu,Mr. Shaffer,Asian,White
Ms. Boykins,Ms. Dao,Black,Asian
Mr. Castillo,Mr. Chinana,Hispanic,Native
Mr. Cheung,Ms. Chu,Asian,Asian
Mr. Nwosu,Mr. Ryan,Black,White
Ms. Roth,Ms. Carlson,White,White
Mr. Solis,Mr. Kline,Hispanic,White
Mr. Figueroa,Mr. Stfleur,Hispanic,Black
Mr. Oconnor,Ms. Dinh,White,Asian
Mr. Her,Ms. Whiteface,Asian,Native
Ms. Dorvil,Ms. Walkingeagle,Black,Native
Mr. Warsame,Ms. Okafor,Black,Black
Mr. Ho,Mr. Ortiz,Asian,Hispanic
Mr. Chavez,Mr. Yellowhair,Hispanic,Native
Ms. Berg,Mr. Brandt,White,White
Ms. Wauneka,Mr. Lawal,Native,Black
Ms. Hensley,Mr. Ko,White,Asian
Ms. Yepa,Mr. Schultz,Native,White
Mr. Le,Mr. Phan,Asian,Asian
Ms. Bienaime,Ms. Larson,Black,White
Ms. Galvan,Mr. Leung,Hispanic,Asian
Mr. Laughing,Mr. Notah,Native,Native
Ms. Straughter,Ms. Tsosie,Black,Native
Mr. Fobbs,Ms. Choi,Black,Asian
Mr. Conrad,Mr. Schroeder,White,White
Ms. Le,Mr. Ajayi,Asian,Black
Ms. Owen,Ms. Filsaime,White,Black
Ms. Bitsuie,Ms. Tesfaye,Native,Black
Ms. Tsosie,Mr. Kamara,Native,Black
Ms. Mcmahon,Mr. Schneider,White,White
Ms. Hess,Mr. Runningcrane,White,Native
Ms. Lesane,Ms. Bullbear,Black,Native
Mr. Juarez,Mr. Garcia,Hispanic,Hispanic
Ms. Jacobson,Mr. Carlson,White,White
Mr. Chery,Ms. Figueroa,Black,Hispanic
Ms. Manigault,Mr. Rivera,Black,Hispanic
Ms. Appiah,Mr. Rasmussen,Black,White
Ms. Ly,Ms. Zuniga,Asian,Hispanic
Ms. Runningcrane,Ms. Zamora,Native,Hispanic
Ms. Perez,Ms. Delgarito,Hispanic,Native
Mr. Rodriguez,Mr. Hernandez,Hispanic,Hispanic
Mr. Jiang,Ms. Krueger,Asian,White
Ms. Spottedeagle,Mr. Ryan,Native,White
Mr. Louissaint,Ms. Asante,Black,Black
Mr. Lesane,Mr. Pena,Black,Hispanic
Mr. Le,Mr. Madplume,Asian,Native
Mr. Diallo,Mr. Jalloh,Black,Black
Mr. Wauneka,Ms. Chu,Native,Asian
Mr. Hensley,Mr. Diop,White,Black
Mr. Yazzie,Mr. Hanson,Native,White
Mr. Liang,Ms. Cephas,Asian,Black
Ms. Claw,Mr. Kebede,Native,Black
Ms. Mejia,Ms. Truong,Hispanic,Asian
Ms. Dinh,Ms. Whiteplume,Asian,Native
Mr. Rivera,Mr. Saintlouis,Hispanic,Black
Mr. Altaha,Mr. Peck,Native,White
Mr. Rios,Ms. Valenzuela,Hispanic,Hispanic
Ms. Rasmussen,Ms. Cephas,White,Black
Ms. Alvarez,Mr. Nguyen,Hispanic,Asian
Mr. Hoover,Ms. Velasquez,White,Hispanic
Mr. Yellowhair,Ms. Abdullahi,Native,Black
Ms. Etsitty,Ms. Bauer,Native,White
Mr. Ng,Ms. Peshlakai,Asian,Native
Ms. Okafor,Ms. Petersen,Black,White
Ms. Notafraid,Ms. Ruiz,Native,Hispanic
Ms. Salas,Ms. Pham,Hispanic,Asian
Mr. Belizaire,Mr. Dominguez,Black,Hispanic
Mr. Mueller,Mr. Leung,White,Asian
Mr. Begum,Mr. Beyale,Asian,Native
Mr. Arcoren,Mr. Castillo,Native,Hispanic
Ms. Chen,Mr. Brennan,Asian,White
Mr. Conteh,Ms. Robles,Black,Hispanic
Ms. Rasmussen,Mr. Cephas,White,Black
Mr. Cline,Ms. Roanhorse,White,Native
Ms. Pineda,Ms. Fobbs,Hispanic,Black
Ms. Yoo,Ms. Cheung,Asian,Asian
Mr. Hu,Ms. Bangura,Asian,Black
Ms. Escobar,Mr. Ha,Hispanic,Asian
Mr. Castillo,Mr. Morales,Hispanic,Hispanic
Ms. Begum,Mr. Wolf,Asian,White
Mr. Beck,Ms. Todacheene,White,Native
Ms. Serrano,Ms. Manygoats,Hispanic,Native
Mr. Johnston,Mr. Nielsen,White,White
Mr. Diallo,Mr. Escobar,Black,Hispanic
Ms. Stein,Ms. Dosela,White,Native
Ms. Stein,Ms. Ryan,White,White
Ms. Adjei,Mr. Her,Black,Asian
Ms. Benallie,Mr. Pan,Native,Asian
Ms. Boykins,Mr. Espinoza,Black,Hispanic
Ms. Kidane,Mr. Wolfe,Black,White
Ms. Keyonnie,Ms. Ochoa,Native,Hispanic
Ms. Fobbs,Mr. Tabaha,Black,Native
Mr. Martinez,Mr. Mahoney,Hispanic,White
Mr. Lasiloo,Mr. Todacheenie,Native,Native
Ms. Schwartz,Ms. Traore,White,Black
Ms. Song,Mr. Case,Asian,White
Ms. Frimpong,Mr. Notafraid,Black,Native
Mr. Clitso,Ms. Garcia,Native,Hispanic
Ms. Gomez,Ms. Mohamud,Hispanic,Black
Ms. Schwartz,Ms. Schaefer,White,White
Ms. Johnston,Ms. Begum,White,Asian
Ms. Beyale,Ms. Diaz,Native,Hispanic
Mr. Oh,Mr. Beck,Asian,White
Ms. Ma,Mr. Bitsui,Asian,Native
Mr. Hu,Mr. Bangura,Asian,Black
Ms. Erickson,Ms. Eriacho,White,Native
Mr. Stout,Ms. Desta,White,Black
Mr. Brennan,Mr. Lai,White,Asian
Mr. Schwartz,Mr. Tsethlikai,White,Native
Ms. Sanchez,Ms. Benallie,Hispanic,Native
Ms. Santana,Ms. Ganadonegro,Hispanic,Native
Ms. Contreras,Ms. Bullbear,Hispanic,Native
Mr. Runningcrane,Ms. Chowdhury,Native,Asian
Ms. Hanson,Mr. Herrera,White,Hispanic
Mr. Lin,Ms. Cline,Asian,White
Mr. Veasley,Mr. Leaks,Black,Black
Ms. Perez,Mr. Brennan,Hispanic,White
Ms. Beyene,Ms. Dorvil,Black,Black
Ms. Twobulls,Mr. Manigault,Native,Black
Ms. Frimpong,Ms. Notafraid,Black,Native
Mr. Morse,Mr. Fischer,White,White
Ms. Cephas,Mr. Begay,Black,Native
Ms. Song,Ms. Case,Asian,White
Ms. Fluellen,Ms. Li,Black,Asian
Mr. Velasquez,Ms. Vo,Hispanic,Asian
Mr. Balogun,Mr. Thai,Black,Asian
Ms. Prophete,Ms. Pierrelouis,Black,Black
Ms. Fofana,Ms. Notafraid,Black,Native
Mr. Hyppolite,Ms. Ravenell,Black,Black
Mr. Altaha,Mr. Yan,Native,Asian
Ms. Calderon,Ms. Larsen,Hispanic,White
Ms. Chung,Ms. Kameroff,Asian,Native
Ms. Larsen,Ms. Exantus,White,Black
Mr. Ravenell,Ms. Rojas,Black,Hispanic
Ms. Tsinnie,Mr. Traore,Native,Black
Ms. Fischer,Ms. Meyer,White,White
Ms. Shije,Ms. Salazar,Native,Hispanic
Mr. Conteh,Mr. Vassell,Black,Black
Mr. Delgarito,Ms. Wigfall,Native,Black
Ms. Truong,Mr. Shaffer,Asian,White
Mr. Cisse,Mr. Yoo,Black,Asian
Mr. Gadson,Mr. Tadesse,Black,Black
Ms. Zhang,Ms. Whitehat,Asian,Native
Ms. Osei,Mr. Nez,Black,Native
Mr. Schaefer,Mr. Alvarado,White,Hispanic
Mr. Addo,Ms. Medina,Black,Hispanic
Mr. Arias,Ms. Delgado,Hispanic,Hispanic
Mr. Moyer,Ms. Tam,White,Asian
Ms. Hoang,Ms. Kline,Asian,White
Mr. Ly,Mr. Wigfall,Asian,Black
Ms. Benallie,Ms. Pan,Native,Asian
Ms. Benallie,Mr. Bullbear,Native,Native
Mr. Nunez,Mr. Fry,Hispanic,White
Mr. Cline,Mr. Yang,White,Asian
Mr. Mayweather,Mr. Alvarez,Black,Hispanic
Ms. Weber,Ms. Jensen,White,White
Mr. Yu,Mr. Metellus,Asian,Black
Ms. Fofana,Ms. Krueger,Black,White
Mr. Ma,Mr. Bitsui,Asian,Native
Ms. Etsitty,Ms. Jeanfrancois,Native,Black
Mr. Bitsilly,Mr. Soto,Native,Hispanic
Mr. Mondesir,Ms. Edouard,Black,Black
Ms. Case,Mr. Delgarito,White,Native
Mr. Hoffman,Ms. Schultz,White,White
Ms. Kang,Ms. Abebe,Asian,Black
Ms. Pineda,Mr. Shen,Hispanic,Asian
Mr. Mayer,Ms. Leaks,White,Black
Ms. Dominguez,Mr. Beck,Hispanic,White
Mr. Jeanlouis,Mr. Conrad,Black,White
Ms. Mahoney,Mr. Erickson,White,White
Ms. Velez,Mr. Gueye,Hispanic,Black
Ms. Ortega,Ms. Foley,Hispanic,White
Ms. Hyppolite,Ms. Rios,Black,Hispanic
Ms. Stein,Mr. Ryan,White,White
Ms. Veasley,Ms. Figueroa,Black,Hispanic
Mr. Tsethlikai,Ms. Kameroff,Native,Native
Mr. Runningcrane,Ms. Birdinground,Native,Native
Mr. Jain,Ms. Lor,Asian,Asian
Ms. Rivera,Ms. Hoover,Hispanic,White
Ms. Henio,Mr. Espinoza,Native,Hispanic
Ms. Desai,Ms. Meyer,Asian,White
Mr. Song,Ms. Duong,Asian,Asian
Ms. Ndiaye,Ms. Dong,Black,Asian
Ms. Patel,Ms. Balogun,Asian,Black
Mr. Becenti,Mr. Begay,Native,Native
Ms. Ravenell,Ms. Rojas,Black,Hispanic
Mr. Opoku,Mr. Okafor,Black,Black
Ms. Fry,Ms. Foley,White,White
Mr. Juarez,Ms. Zimmerman,Hispanic,White
Ms. Petitfrere,Mr. Wauneka,Black,Native
Mr. Yoon,Ms. Rivas,Asian,Hispanic
Ms. He,Ms. Hoover,Asian,White
Ms. Kamara,Ms. Mueller,Black,White
Ms. Edouard,Mr. Arcoren,Black,Native
Mr. Shin,Ms. Veasley,Asian,Black
Ms. Lai,Ms. Gallagher,Asian,White
Mr. Rangel,Ms. Pham,Hispanic,Asian
Mr. Secody,Ms. Nez,Native,Native
Ms. Larsen,Ms. Altaha,White,Native
Ms. Decker,Ms. Weiss,White,White
Ms. Wassillie,Ms. Manigault,Native,Black
Mr. Contreras,Ms. Figueroa,Hispanic,Hispanic
Mr. Secody,Ms. Salinas,Native,Hispanic
Ms. Melendez,Ms. Her,Hispanic,Asian
Ms. Li,Ms. Ly,Asian,Asian
Mr. Garcia,Ms. Dayzie,Hispanic,Native
Mr. Keller,Ms. Pan,White,Asian
Ms. Delgado,Ms. Campos,Hispanic,Hispanic
Mr. Duffy,Mr. Whiteplume,White,Native
Mr. Lo,Mr. Hernandez,Asian,Hispanic
Mr. Boyle,Ms. Sexton,White,White
Ms. Etcitty,Mr. Notah,Native,Native
Ms. Lozano,Mr. Haskie,Hispanic,Native
Ms. Lawal,Mr. Keita,Black,Black
Ms. Jeanlouis,Mr. Cheung,Black,Asian
Mr. Veasley,Ms. Mcmahon,Black,White
Mr. Thai,Ms. Phan,Asian,Asian
Mr. Stark,Mr. Zheng,White,Asian
Ms. Goldtooth,Ms. Ahasteen,Native,Native
Mr. Chasinghawk,Mr. Herrera,Native,Hispanic
Ms. Yan,Ms. Lor,Asian,Asian
Ms. Oneill,Mr. Nez,White,Native
Mr. Delgado,Mr. Vo,Hispanic,Asian
Ms. Manygoats,Mr. Chery,Native,Black
Ms. Henio,Ms. Heavyrunner,Native,Native
Mr. Mehta,Ms. Poorbear,Asian,Native
Ms. Moua,Ms. Vazquez,Asian,Hispanic
Ms. Figueroa,Ms. Chau,Hispanic,Asian
Mr. Pham,Ms. Bangura,Asian,Black
Mr. Yang,Ms. Aguirre,Asian,Hispanic
Mr. Chen,Ms. Brennan,Asian,White
Mr. Etcitty,Ms. Hwang,Native,Asian
Ms. Cayaditto,Ms. Berhane,Native,Black
Ms. Bigcrow,Mr. Vargas,Native,Hispanic
Mr. Stein,Mr. Ryan,White,White
Mr. Tsethlikai,Ms. Stfleur,Native,Black
Ms. Tsinnijinnie,Mr. Mcmahon,Native,White
Ms. Gupta,Ms. Zuniga,Asian,Hispanic
Ms. Weber,Ms. Ho,White,Asian
Ms. Trinh,Ms. Ortega,Asian,Hispanic
Ms. Marquez,Mr. Velazquez,Hispanic,Hispanic
Ms. Abebe,Ms. Martinez,Black,Hispanic
Ms. Nguyen,Ms. Ganadonegro,Asian,Native
Ms. Carlson,Mr. Birdinground,White,Native
Mr. Macias,Mr. Wolfe,Hispanic,White
Mr. Adjei,Ms. Her,Black,Asian
Ms. Munoz,Ms. Boykins,Hispanic,Black
Mr. Figueroa,Ms. Goldtooth,Hispanic,Native
Ms. Xiong,Ms. Hailu,Asian,Black
Ms. Pierrelouis,Mr. Zimmerman,Black,White
Ms. Hardnett,Ms. Krueger,Black,White
Mr. Espinoza,Ms. Owusu,Hispanic,Black
Mr. Dominguez,Mr. Asare,Hispanic,Black
Ms. Luong,Mr. Clah,Asian,Native
Mr. Hanson,Mr. Herrera,White,Hispanic
Ms. Ruiz,Mr. Yellowman,Hispanic,Native
Mr. Cho,Ms. Whiteplume,Asian,Native
Ms. Ganadonegro,Mr. Velazquez,Native,Hispanic
Mr. Tadesse,Ms. Rodriguez,Black,Hispanic
Ms. Mejia,Mr. Tsosie,Hispanic,Native
Ms. Foley,Mr. Maldonado,White,Hispanic
Mr. Bauer,Ms. Duffy,White,White
Ms. Her,Ms. Whiteface,Asian,Native
Ms. Tsinnie,Mr. Carlson,Native,White
Mr. Atcitty,Ms. Clitso,Native,Native
Ms. Velez,Mr. Wauneka,Hispanic,Native
Ms. Tapaha,Mr. Guo,Native,Asian
Mr. Desta,Ms. Mensah,Black,Black
Mr. Sweeney,Mr. Petitfrere,White,Black
Ms. Thai,Ms. Phan,Asian,Asian
Mr. Hahn,Mr. Yu,White,Asian
Ms. Begay,Ms. Bauer,Native,White
Mr. Boateng,Ms. Apachito,Black,Native
Ms. Marquez,Ms. Adjei,Hispanic,Black
Ms. Mayer,Ms. Dong,White,Asian
Ms. Blackgoat,Mr. Talayumptewa,Native,Native
Ms. Mejia,Mr. Krueger,Hispanic,White
Ms. Haskie,Ms. Tam,Native,Asian
Mr. Tsosie,Ms. Bigcrow,Native,Native
Ms. Mensah,Ms. Colelay,Black,Native
Ms. Exantus,Mr. Xu,Black,Asian
Mr. Stfleur,Mr. Zuniga,Black,Hispanic
Ms. Tran,Mr. Diaz,Asian,Hispanic
Mr. Cisse,Ms. Yoo,Black,Asian
Ms. Reilly,Mr. Calabaza,White,Native
Ms. Ochoa,Ms. Hyppolite,Hispanic,Black
Ms. Alvarado,Ms. Sexton,Hispanic,White
Mr. Larsen,Ms. Conrad,White,White
Mr. Aguirre,Mr. Gutierrez,Hispanic,Hispanic
Ms. Suarez,Mr. Flynn,Hispanic,White
Mr. Goseyun,Ms. Blackgoat,Native,Native
Mr. Okeke,Ms. Orozco,Black,Hispanic
Mr. Whiteface,Ms. Olanna,Native,Native
Ms. Figueroa,Ms. Johnston,Hispanic,White
Mr. Obrien,Mr. Hoover,White,White
Ms. Yu,Ms. Berger,Asian,White
Mr. Vassell,Mr. Huang,Black,Asian
Ms. Huang,Ms. Yeboah,Asian,Black
Mr. Rojas,Ms. Calderon,Hispanic,Hispanic
Mr. Lawal,Ms. Bitsuie,Black,Native
Ms. Petitfrere,Ms. Wauneka,Black,Native
Mr. Cheung,Ms. Abebe,Asian,Black
Mr. Choi,Mr. Sweeney,Asian,White
Mr. Foley,Ms. Stout,White,White
Ms. Weiss,Mr. Oh,White,Asian
Ms. Yi,Mr. Hebert,Asian,White
Mr. Dinh,Ms. Marquez,Asian,Hispanic
Mr. Peck,Mr. Chery,White,Black
Ms. Rasmussen,Ms. Schwartz,White,White
Ms. Todacheene,Ms. Njoroge,Native,Black
Ms. Blackhorse,Mr. Gallegos,Native,Hispanic
Mr. Dosela,Mr. Ibarra,Native,Hispanic
Mr. Peshlakai,Ms. Lu,Native,Asian
Mr. Bauer,Ms. Galvan,White,Hispanic
Mr. Chu,Mr. Boykins,Asian,Black
Ms. Yeboah,Mr. Gallegos,Black,Hispanic
Ms. Fobbs,Mr. Mondesir,Black,Black
Mr. Yazzie,Mr. Vu,Native,Asian
Ms. Luong,Ms. Saintil,Asian,Black
Mr. Peck,Ms. Owen,White,White
Mr. Edouard,Mr. Ng,Black,Asian
Mr. Wang,Mr. Yan,Asian,Asian
Ms. Ethelbah,Mr. Owusu,Native,Black
Mr. Guzman,Ms. Yepa,Hispanic,Native
Ms. Chiu,Ms. Trevino,Asian,Hispanic
Ms. Hartman,Mr. Sexton,White,White
Mr. Prioleau,Mr. Lai,Black,Asian
Ms. Huffman,Ms. Zimmerman,White,White
Mr. Velazquez,Mr. Ruiz,Hispanic,Hispanic
Ms. Choi,Mr. Chiu,Asian,Asian
Mr. Zhang,Ms. Hwang,Asian,Asian
Mr. Galvan,Ms. Boateng,Hispanic,Black
Ms. Mendez,Mr. Robles,Hispanic,Hispanic
Mr. Okafor,Ms. Petersen,Black,White
Ms. Yu,Ms. Metellus,Asian,Black
Ms. Perez,Ms. Brennan,Hispanic,White
Ms. Koch,Mr. Salinas,White,Hispanic
Ms. Calabaza,Mr. Begaye,Native,Native
Ms. Hoover,Ms. Desir,White,Black
Ms. Adjei,Ms. Guzman,Black,Hispanic
Ms. Jiang,Mr. Hu,Asian,Asian
Mr. Trevino,Ms. Bekele,Hispanic,Black
Ms. Boateng,Mr. Lor,Black,Asian
Ms. Olsen,Mr. Pena,White,Hispanic
Mr. Poorbear,Ms. Munoz,Native,Hispanic
Ms. Talayumptewa,Mr. Mondesir,Native,Black
Mr. Hoover,Ms. Eriacho,White,Native
Mr. Filsaime,Mr. Abdullahi,Black,Black
Ms. Ibarra,Mr. Herman,Hispanic,White
Ms. Lara,Ms. Chasinghawk,Hispanic,Native
Ms. Kwon,Ms. Sharma,Asian,Asian
Mr. Kline,Ms. Mcmahon,White,White
Ms. Secatero,Ms. Notafraid,Native,Native
Ms. Bartlett,Mr. Stfleur,White,Black
Mr. Zhang,Mr. Crane,Asian,White
Ms. Tsosie,Mr. Oconnor,Native,White
Mr. Adjei,Ms. Guzman,Black,Hispanic
Mr. Beck,Ms. Zhu,White,Asian
Mr. Kwon,Mr. Cervantes,Asian,Hispanic
Ms. Bauer,Mr. Duffy,White,White
Ms. Hartman,Ms. Ngo,White,Asian
Ms. Attakai,Mr. Xu,Native,Asian
Mr. Xu,Mr. Yellowman,Asian,Native
Mr. Yellowhair,Mr. Walkingeagle,Native,Native
Ms. Figueroa,Mr. Chau,Hispanic,Asian
Ms. Guerrero,Mr. Chery,Hispanic,Black
Mr. Trinh,Mr. Ortega,Asian,Hispanic
Ms. Cline,Mr. Lesane,White,Black
Ms. Kramer,Mr. Bullbear,White,Native
Mr. Huber,Mr. Jeancharles,White,Black
Mr. Robles,Mr. Thao,Hispanic,Asian
Ms. Wigfall,Ms. Owusu,Black,Black
Ms. Guzman,Mr. Lara,Hispanic,Hispanic
Ms. Becenti,Ms. Trevino,Native,Hispanic
Mr. Hartman,Ms. Manigault,White,Black
Mr. Chu,Mr. Lo,Asian,Asian
Mr. Ly,Ms. Russo,Asian,White
Ms. Beyene,Mr. Barrera,Black,Hispanic
Mr. Shah,Ms. Grandberry,Asian,Black
Ms. Yang,Ms. Adjei,Asian,Black
Ms. Russo,Ms. Conteh,White,Black
Ms. Yellowman,Ms. Knapp,Native,White
Ms. Dang,Mr. Eriacho,Asian,Native
Mr. Ulysse,Ms. Fofana,Black,Black
Mr. Luong,Ms. Macias,Asian,Hispanic
Ms. Abdullahi,Mr. Cheng,Black,Asian
Ms. Molina,Ms. Yi,Hispanic,Asian
Mr. Valenzuela,Ms. Cardenas,Hispanic,Hispanic
Ms. Yu,Mr. Contreras,Asian,Hispanic
Mr. Larson,Mr. Ortiz,White,Hispanic
Ms. Hernandez,Ms. Trevino,Hispanic,Hispanic
Mr. Macias,Ms. Choi,Hispanic,Asian
Mr. Wolfe,Mr. Belizaire,White,Black
Ms. Le,Ms. Madplume,Asian,Native
Mr. Roth,Mr. Carlson,White,White
Mr. Liang,Mr. Yoder,Asian,White
Mr. Do,Mr. Huffman,Asian,White
Ms. Chavez,Mr. Aguilar,Hispanic,Hispanic
Mr. Luu,Mr. Altaha,Asian,Native
Ms. Mahoney,Ms. Coaxum,White,Black
Mr. Jeanbaptiste,Mr. Sexton,Black,White
Mr. Delgarito,Mr. Moua,Native,Asian
Mr. Tran,Mr. Decker,Asian,White
Mr. Balogun,Mr. Delgado,Black,Hispanic
Ms. Mehta,Ms. Lara,Asian,Hispanic
Mr. Yellowhair,Ms. Vargas,Native,Hispanic
Ms. Chasinghawk,Ms. Lai,Native,Asian
Mr. Rivera,Ms. Yellowman,Hispanic,Native
Ms. Berhane,Ms. Rivera,Black,Hispanic
Mr. Guo,Mr. Figueroa,Asian,Hispanic
Mr. Jeanbaptiste,Mr. Tan,Black,Asian
Ms. Olanna,Mr. Exantus,Native,Black
Mr. Ryan,Ms. Estrada,White,Hispanic
Mr. Ramirez,Mr. Secody,Hispanic,Native
Mr. Ayala,Mr. Beyene,Hispanic,Black
Ms. Oconnor,Mr. Bartlett,White,White
Mr. Macias,Mr. Choi,Hispanic,Asian
Mr. Schneider,Mr. Alvarez,White,Hispanic
Mr. Smalls,Mr. Jeanbaptiste,Black,Black
Ms. Dosela,Ms. Kang,Native,Asian
Ms. Moua,Mr. Chowdhury,Asian,Asian
Ms. Yu,Mr. Metellus,Asian,Black
Mr. Bitsie,Mr. Alvarado,Native,Hispanic
Ms. Filsaime,Mr. Cheung,Black,Asian
Mr. Notah,Mr. Vu,Native,Asian
Ms. Jalloh,Mr. Russo,Black,White
Ms. Sun,Mr. Stout,Asian,White
Ms. Hensley,Ms. Walkingeagle,White,Native
Mr. Vo,Mr. Bui,Asian,Asian
Ms. Kallestewa,Ms. Boyle,Native,White
Ms. Laughing,Mr. Zhou,Native,Asian
Ms. Adjei,Ms. Mwangi,Black,Black
Mr. Crane,Ms. Campos,White,Hispanic
Mr. Yellowman,Ms. Petitfrere,Native,Black
Ms. Smallcanyon,Mr. Mekonnen,Native,Black
Mr. Cosay,Ms. Castaneda,Native,Hispanic
Mr. Patel,Ms. Wolf,Asian,White
Ms. Carrillo,Ms. Castillo,Hispanic,Hispanic
Mr. Bui,Ms. Ayze,Asian,Native
Mr. Secody,Mr. Fischer,Native,White
Mr. Haskie,Ms. Tam,Native,Asian
Ms. Arcoren,Ms. Hoffman,Native,White
Ms. Jacobson,Ms. Saintil,White,Black
Ms. Goldtooth,Mr. Ko,Native,Asian
Ms. Ly,Ms. Kameroff,Asian,Native
Mr. Yi,Mr. Bienaime,Asian,Black
Mr. Clitso,Ms. Bitsui,Native,Native
Ms. Torres,Ms. Robles,Hispanic,Hispanic
Ms. Diop,Ms. Belizaire,Black,Black
Mr. Schaefer,Ms. Cosay,White,Native
Ms. Cervantes,Ms. Laughing,Hispanic,Native
Ms. Littlewhiteman,Mr. Calderon,Native,Hispanic
Mr. Gallegos,Mr. Dominguez,Hispanic,Hispanic
Mr. Mahoney,Ms. Erickson,White,White
Mr. Galvan,Mr. Boateng,Hispanic,Black
Mr. Kidane,Mr. Shen,Black,Asian
Mr. Reilly,Mr. Calabaza,White,Native
Ms. Jeanfrancois,Mr. Huber,Black,White
Mr. Vega,Mr. Gupta,Hispanic,Asian
Ms. Moyer,Mr. Moreno,White,Hispanic
Ms. Hyppolite,Mr. Rios,Black,Hispanic
Mr. Balogun,Ms. Thai,Black,Asian
Ms. Chavez,Ms. Yellowhair,Hispanic,Native
Ms. Wolf,Ms. Secody,White,Native
Mr. Notah,Mr. Opoku,Native,Black
Mr. Cosay,Ms. Yellowhair,Native,Native
Mr. Chung,Ms. Cephas,Asian,Black
Ms. Gallegos,Mr. Hu,Hispanic,Asian
Mr. Tessay,Mr. Todacheenie,Native,Native
Ms. Vo,Ms. Chery,Asian,Black
Ms. Apachito,Mr. Reilly,Native,White
Ms. Shin,Mr. Huynh,Asian,Asian
Ms. Ajayi,Mr. Vazquez,Black,Hispanic
Ms. Schwartz,Mr. Tsethlikai,White,Native
Ms. Exantus,Ms. Chinana,Black,Native
Ms. Sharma,Ms. Bitsie,Asian,Native
Mr. Zhao,Mr. Arias,Asian,Hispanic
Mr. Marquez,Mr. Ganadonegro,Hispanic,Native
Mr. Pham,Mr. Vasquez,Asian,Hispanic
Mr. Gomez,Mr. Apachito,Hispanic,Native
Ms. Serrano,Mr. Han,Hispanic,Asian
Mr. Duffy,Mr. Zheng,White,Asian
Ms. Hardnett,Mr. Krueger,Black,White
Mr. Solis,Ms. Tapaha,Hispanic,Native
Ms. Beck,Ms. Todacheene,White,Native
Mr. Bah,Ms. Alvarez,Black,Hispanic
Ms. Wang,Ms. Yan,Asian,Asian
Mr. Liu,Ms. Chowdhury,Asian,Asian
Ms. Okeke,Mr. Cheng,Black,Asian
Mr. Chau,Mr. Henio,Asian,Native
Mr. Ojo,Mr. Prophete,Black,Black
Ms. Vo,Ms. Ganadonegro,Asian,Native
Ms. Chen,Mr. Nez,Asian,Native
Ms. Petitfrere,Mr. Mayer,Black,White
Mr. Case,Mr. Dominguez,White,Hispanic
Ms. Klein,Mr. Roanhorse,White,Native
Ms. Ochoa,Ms. Schultz,Hispanic,White
Ms. Ibarra,Mr. Avila,Hispanic,Hispanic
Mr. Wang,Ms. Yan,Asian,Asian
Ms. Mehta,Ms. Berg,Asian,White
Mr. Ruiz,Ms. Conteh,Hispanic,Black
Ms. Liu,Mr. Avila,Asian,Hispanic
Ms. Erickson,Mr. Eriacho,White,Native
Mr. Macias,Ms. Bedonie,Hispanic,Native
Ms. Mendez,Mr. Shen,Hispanic,Asian
Mr. Smalls,Mr. Do,Black,Asian
Mr. Xiong,Ms. Jimenez,Asian,Hispanic
Ms. Rivas,Mr. Hyppolite,Hispanic,Black
Mr. Hess,Mr. Patel,White,Asian
Ms. Barrera,Ms. Fobbs,Hispanic,Black
Ms. Chery,Mr. Do,Black,Asian
Ms. Larson,Mr. Ortiz,White,Hispanic
Ms. Howe,Mr. Tran,White,Asian
Mr. Nguyen,Ms. Ganadonegro,Asian,Native
Mr. Leaks,Mr. Traore,Black,Black
Mr. Avila,Mr. Goldtooth,Hispanic,Native
Ms. Calderon,Ms. Mwangi,Hispanic,Black
Mr. Eriacho,Ms. Delgado,Native,Hispanic
Ms. Zamora,Mr. Hahn,Hispanic,White
Ms. Lawal,Mr. Bitsuie,Black,Native
Ms. Chery,Ms. Chasinghawk,Black,Native
Ms. Garcia,Ms. Vega,Hispanic,Hispanic
Mr. Wolfe,Mr. Mccarthy,White,White
Mr. Vasquez,Mr. Diallo,Hispanic,Black
Mr. Keller,Mr. Becker,White,White
Mr. Yoon,Ms. Ryan,Asian,White
Ms. Gadson,Mr. Morales,Black,Hispanic
Ms. Bekele,Ms. Trinh,Black,Asian
Ms. Klein,Ms. Roanhorse,White,Native
Mr. Ayze,Mr. Torres,Native,Hispanic
Mr. Oh,Mr. Xiong,Asian,Asian
Mr. Haskie,Mr. Erickson,Native,White
Mr. Calabaza,Ms. Begaye,Native,Native
Mr. Maldonado,Ms. Sandoval,Hispanic,Hispanic
Mr. Zhou,Ms. Standingrock,Asian,Native
Ms. Lai,Mr. Smallcanyon,Asian,Native
Ms. Warsame,Mr. Ayala,Black,Hispanic
Mr. Mccarthy,Ms. Berger,White,White
Mr. Moua,Mr. Shaffer,Asian,White
Mr. Castillo,Ms. Morales,Hispanic,Hispanic
Mr. Cabrera,Mr. Parsons,Hispanic,White
Ms. Alvarado,Ms. Mekonnen,Hispanic,Black
Mr. Vo,Ms. Melendez,Asian,Hispanic
Ms. Jimenez,Ms. Huynh,Hispanic,Asian
Mr. Nunez,Mr. Chiu,Hispanic,Asian
Ms. Abdullahi,Ms. Cheng,Black,Asian
Mr. Pham,Ms. Vasquez,Asian,Hispanic
Mr. Macdonald,Ms. Ajayi,White,Black
Ms. Yi,Ms. Ibarra,Asian,Hispanic
Mr. Mwangi,Ms. Liu,Black,Asian
Ms. Cabrera,Ms. Flores,Hispanic,Hispanic
Mr. Todacheenie,Ms. Garza,Native,Hispanic
Ms. Su,Ms. Saintil,Asian,Black
Mr. Torres,Mr. Secody,Hispanic,Native
Mr. Ajayi,Mr. Sharma,Black,Asian
Ms. Jeanfrancois,Ms. Gadson,Black,Black
Mr. Guo,Mr. Jeancharles,Asian,Black
Ms. Huffman,Mr. Dong,White,Asian
Mr. Wolf,Ms. Secody,White,Native
Mr. Castaneda,Mr. Becker,Hispanic,White
Ms. Asante,Ms. Knapp,Black,White
Ms. Todacheenie,Ms. Keams,Native,Native
Mr. Song,Mr. Secody,Asian,Native
Ms. Huynh,Ms. Owen,Asian,White
Ms. Ryan,Mr. Estrada,White,Hispanic
Mr. Lozano,Ms. Roth,Hispanic,White
Mr. Li,Ms. Sow,Asian,Black
Mr. Ochoa,Mr. Hyppolite,Hispanic,Black
Mr. Martinez,Ms. Spottedhorse,Hispanic,Native
Ms. Mayer,Mr. Dong,White,Asian
Mr. Boyle,Mr. Bitsuie,White,Native
Ms. Beyale,Mr. Diaz,Native,Hispanic
Mr. Sandoval,Mr. Ngo,Hispanic,Asian
Mr. Perez,Mr. Hwang,Hispanic,Asian
Mr. Ayala,Mr. Hoang,Hispanic,Asian
Mr. Eriacho,Ms. Huffman,Native,White
Ms. Erickson,Mr. Hebert,White,White
Ms. Cline,Ms. Roanhorse,White,Native
Ms. Moreno,Ms. Etsitty,Hispanic,Native
Ms. Keyonnie,Mr. Abdullahi,Native,Black
Ms. Benallie,Ms. Bullbear,Native,Native
Mr. Koroma,Ms. Etsitty,Black,Native
Ms. Begay,Ms. Valenzuela,Native,Hispanic
Ms. Johnston,Ms. Nielsen,White,White
Ms. Kim,Ms. Kamara,Asian,Black
Ms. Yoon,Mr. Ryan,Asian,White
Ms. Vo,Mr. Melendez,Asian,Hispanic
Ms. Toure,Mr. Padilla,Black,Hispanic
Mr. Keams,Mr. Guo,Native,Asian
Ms. Thao,Ms. Cheung,Asian,Asian
Ms. Bitsuie,Mr. Rodriguez,Native,Hispanic
Ms. Kanuho,Ms. Hwang,Native,Asian
Ms. Runningcrane,Mr. Zamora,Native,Hispanic
Mr. Villarreal,Mr. Jacobson,Hispanic,White
Mr. Jensen,Mr. Belizaire,White,Black
Ms. Larson,Ms. Smallcanyon,White,Native
Mr. Vang,Mr. Contreras,Asian,Hispanic
Ms. Kang,Ms. Littlewhiteman,Asian,Native
Mr. Stein,Mr. Dosela,White,Native
Ms. Hoang,Ms. Fuentes,Asian,Hispanic
Mr. Barrera,Ms. Blackgoat,Hispanic,Native
Ms. Calixte,Mr. Zhang,Black,Asian
Mr. Okafor,Mr. Chery,Black,Black
Ms. Fluellen,Ms. Hyppolite,Black,Black
Mr. Valenzuela,Mr. Jiang,Hispanic,Asian
Ms. Traore,Mr. Hahn,Black,White
Ms. Mahoney,Mr. Coaxum,White,Black
Ms. Duffy,Mr. Schultz,White,White
Mr. Aguirre,Ms. Olson,Hispanic,White
Mr. Saintlouis,Ms. Christensen,Black,White
Ms. Spottedeagle,Mr. Petitfrere,Native,Black
Mr. Exantus,Mr. Chinana,Black,Native
Ms. Schultz,Ms. Velez,White,Hispanic
Mr. Gishie,Mr. Dinh,Native,Asian
Ms. Ko,Ms. Fobbs,Asian,Black
Mr. Begum,Mr. Wolf,Asian,White
Mr. Mcmahon,Mr. Medina,White,Hispanic
Mr. Hahn,Mr. Wolfe,White,White
Mr. Escobar,Ms. Toure,Hispanic,Black
Ms. Robles,Ms. Chasinghawk,Hispanic,Native
Mr. Prophete,Ms. Zhu,Black,Asian
Mr. Diallo,Mr. Moyer,Black,White
Ms. Wang,Mr. Mahoney,Asian,White
Mr. Salinas,Mr. Chiu,Hispanic,Asian
Ms. Berhane,Mr. Rivera,Black,Hispanic
Mr. Schultz,Ms. Velez,White,Hispanic
Ms. Jeanpierre,Ms. Bah,Black,Black
Mr. Filsaime,Ms. Madplume,Black,Native
Ms. Keller,Ms. Njoroge,White,Black
Mr. Lesane,Ms. Pena,Black,Hispanic
Mr. Alvarez,Ms. Ruiz,Hispanic,Hispanic
Ms. Ng,Mr. Hu,Asian,Asian
Mr. Jiang,Mr. Koroma,Asian,Black
Mr. Tadesse,Ms. Fry,Black,White
Ms. Her,Mr. Prophete,Asian,Black
Mr. Larsen,Ms. Zamora,White,Hispanic
Ms. Dong,Mr. Martinez,Asian,Hispanic
Ms. Owen,Mr. Reilly,White,White
Ms. Mensah,Ms. Gallegos,Black,Hispanic
Mr. Diop,Ms. Vang,Black,Asian
Ms. Vang,Mr. Sweeney,Asian,White
Mr. Suarez,Ms. Clitso,Hispanic,Native
Ms. Sexton,Mr. Mensah,White,Black
Ms. Garcia,Ms. Hanson,Hispanic,White
Ms. Oconnor,Mr. Rangel,White,Hispanic
Mr. Gallagher,Mr. Boykins,White,Black
Ms. Tsinnijinnie,Mr. Escobar,Native,Hispanic
Mr. Yeboah,Ms. Duong,Black,Asian
Mr. Weiss,Mr. Littlelight,White,Native
Mr. Fluellen,Mr. Li,Black,Asian
Ms. Fluellen,Mr. Shaffer,Black,White
Mr. Salazar,Ms. Alvarado,Hispanic,Hispanic
Ms. Benallie,Mr. Rangel,Native,Hispanic
Mr. Mora,Ms. Berger,Hispanic,White
Ms. Valenzuela,Ms. Cardenas,Hispanic,Hispanic
Mr. Russo,Mr. Vazquez,White,Hispanic
Mr. Weber,Mr. Jensen,White,White
Mr. Robles,Ms. Moyer,Hispanic,White
Ms. Aguilar,Mr. Suarez,Hispanic,Hispanic
Ms. Mora,Ms. Gallegos,Hispanic,Hispanic
Mr. Hernandez,Mr. Trevino,Hispanic,Hispanic
Mr. Bedonie,Ms. Toure,Native,Black
Ms. Campos,Mr. Vega,Hispanic,Hispanic
Ms. Gonzalez,Ms. Do,Hispanic,Asian
Ms. Medina,Mr. Hanson,Hispanic,White
Ms. Diallo,Ms. Jalloh,Black,Black
Mr. Apachito,Ms. Salas,Native,Hispanic
Ms. Meza,Mr. Molina,Hispanic,Hispanic
Mr. Liu,Mr. Avila,Asian,Hispanic
Mr. Dong,Ms. Bitsie,Asian,Native
Mr. Fluellen,Ms. Hyppolite,Black,Black
Mr. Etsitty,Mr. Bauer,Native,White
Mr. Kebede,Mr. Peshlakai,Black,Native
Ms. Beck,Mr. Todacheene,White,Native
Ms. Liang,Mr. Begay,Asian,Native
Mr. Bitsie,Mr. Hardnett,Native,Black
Ms. Schroeder,Ms. Jeanpierre,White,Black
Ms. Berhane,Mr. Cosay,Black,Native
Ms. Calabaza,Mr. Hartman,Native,White
Mr. Warsame,Mr. Okafor,Black,Black
Ms. Vu,Mr. Tsethlikai,Asian,Native
Mr. Lopez,Mr. Talayumptewa,Hispanic,Native
Ms. Manuelito,Mr. Bullbear,Native,Native
Mr. Chery,Mr. Flynn,Black,White
Ms. Bienaime,Mr. Ho,Black,Asian
Mr. Vega,Ms. Gupta,Hispanic,Asian
Mr. Hoover,Mr. Xu,White,Asian
Ms. Ojo,Mr. Oneill,Black,White
Ms. Sexton,Ms. Villarreal,White,Hispanic
Mr. Gadson,Ms. Tadesse,Black,Black
Mr. Ly,Mr. Kameroff,Asian,Native
Mr. Mejia,Mr. Krueger,Hispanic,White
Mr. Peck,Ms. Zhu,White,Asian
Ms. Owusu,Mr. Boykins,Black,Black
Mr. Etcitty,Mr. Schwartz,Native,White
Ms. Stein,Ms. Jeancharles,White,Black
Mr. Gishie,Ms. Perez,Native,Hispanic
Ms. Gadson,Mr. Johnston,Black,White
Mr. Solis,Ms. Su,Hispanic,Asian
Ms. Blackhorse,Mr. Yi,Native,Asian
Ms. Clitso,Ms. Bitsui,Native,Native
Mr. Peshlakai,Mr. Lu,Native,Asian
Mr. Huynh,Ms. Orozco,Asian,Hispanic
Mr. Padilla,Ms. Tsosie,Hispanic,Native
Mr. Ibarra,Mr. Herman,Hispanic,White
Mr. Her,Ms. Alvarez,Asian,Hispanic
Mr. Hyppolite,Mr. Mccarthy,Black,White
Ms. Mayweather,Ms. Goldtooth,Black,Native
Mr. Ayze,Ms. Han,Native,Asian
Ms. Cheng,Mr. Velez,Asian,Hispanic
Ms. Metellus,Ms. Thao,Black,Asian
Ms. Ha,Ms. Weber,Asian,White
Mr. Pham,Mr. Tsosie,Asian,Native
Ms. Wagner,Mr. Jeanlouis,White,Black
Mr. Prioleau,Mr. Sexton,Black,White
Mr. Hu,Ms. Shaffer,Asian,White
Mr. Balogun,Mr. Okeke,Black,Black
Ms. Yellowhair,Mr. Krueger,Native,White
Mr. Gueye,Ms. Yoon,Black,Asian
Mr. Jeanjacques,Mr. Chery,Black,Black
Ms. Parsons,Ms. Mueller,White,White
Ms. Keyonnie,Ms. Abdullahi,Native,Black
Ms. Le,Mr. Madplume,Asian,Native
Ms. Twobulls,Mr. Jacobson,Native,White
Mr. Howe,Mr. Tran,White,Asian
Ms. Prophete,Mr. Pierrelouis,Black,Black
Ms. Dosela,Ms. Osei,Native,Black
Mr. Fofana,Ms. Krueger,Black,White
Ms. Calderon,Ms. Torres,Hispanic,Hispanic
Mr. Mahoney,Mr. Poorbear,White,Native
Ms. Morse,Mr. Fischer,White,White
Mr. Bah,Mr. Ahasteen,Black,Native
Mr. Rivera,Ms. Munoz,Hispanic,Hispanic
Mr. Her,Ms. Prophete,Asian,Black
Ms. Keller,Ms. Pan,White,Asian
Ms. Gadson,Ms. Etsitty,Black,Native
Ms. Mora,Mr. Yepa,Hispanic,Native
Ms. Lesane,Mr. Huynh,Black,Asian
Mr. Arias,Mr. Delgado,Hispanic,Hispanic
Ms. Yoder,Mr. Thai,White,Asian
Mr. Hosteen,Ms. Roanhorse,Native,Native
Ms. Jimenez,Mr. Jeanbaptiste,Hispanic,Black
Mr. Guerrero,Mr. Flores,Hispanic,Hispanic
Mr. Ndiaye,Ms. Mayer,Black,White
Mr. Juarez,Mr. Jeancharles,Hispanic,Black
Mr. Roth,Mr. Truong,White,Asian
Mr. Berhane,Ms. Kebede,Black,Black
Ms. Kim,Ms. Clah,Asian,Native
Ms. Xiong,Ms. Laughing,Asian,Native
Ms. Mondesir,Mr. Cline,Black,White
Mr. Rios,Mr. Valenzuela,Hispanic,Hispanic
Mr. Castaneda,Mr. Sun,Hispanic,Asian
Ms. Edouard,Ms. Gutierrez,Black,Hispanic
Mr. Wolfe,Mr. Cabrera,White,Hispanic
Mr. Tsinnie,Mr. Carlson,Native,White
Ms. Leung,Ms. Chavez,Asian,Hispanic
Mr. Ryan,Mr. Madplume,White,Native
Ms. Veasley,Ms. Do,Black,Asian
Ms. Lesane,Mr. Shaffer,Black,White
Mr. Chowdhury,Ms. Mwangi,Asian,Black
Ms. Erickson,Ms. Hebert,White,White
Mr. Melendez,Mr. Her,Hispanic,Asian
Ms. Shen,Ms. Delgarito,Asian,Native
Mr. Goldtooth,Mr. Mensah,Native,Black
Mr. Vassell,Mr. Ayze,Black,Native
Mr. Jeanjacques,Mr. Jensen,Black,White
Ms. Blueeyes,Ms. Hyppolite,Native,Black
Mr. Hess,Mr. Salinas,White,Hispanic
Ms. Bitsilly,Ms. Dinh,Native,Asian
Mr. Juarez,Mr. Zimmerman,Hispanic,White
Mr. Meyer,Ms. Conteh,White,Black
Ms. Cayaditto,Mr. Berhane,Native,Black
Mr. Spottedeagle,Ms. Ryan,Native,White
Mr. Song,Mr. Njoroge,Asian,Black
Ms. Bauer,Ms. Dong,White,Asian
Ms. Yazzie,Mr. Valenzuela,Native,Hispanic
Mr. Oneill,Mr. Erickson,White,White
Ms. Fry,Mr. Bitsie,White,Native
Mr. Velasquez,Mr. Krueger,Hispanic,White
Mr. Shen,Ms. Robles,Asian,Hispanic
Mr. Arcoren,Ms. Oh,Native,Asian
Mr. Larsen,Ms. Altaha,White,Native
Ms. Bui,Mr. Ayze,Asian,Native
Ms. Etsitty,Mr. Vu,Native,Asian
Mr. Zimmerman,Ms. Benallie,White,Native
Mr. Peshlakai,Ms. Bauer,Native,White
Mr. Filsaime,Ms. Campos,Black,Hispanic
Mr. Orozco,Ms. Estrada,Hispanic,Hispanic
Mr. Ayze,Mr. Frimpong,Native,Black
Ms. Stout,Mr. Bauer,White,White
Mr. Boyle,Mr. Sexton,White,White
Ms. Hyppolite,Ms. Song,Black,Asian
Mr. Kamara,Ms. Jeanbaptiste,Black,Black
Mr. Padilla,Mr. Stfleur,Hispanic,Black
Ms. Velez,Ms. Gueye,Hispanic,Black
Mr. Alvarez,Mr. Cisse,Hispanic,Black
Ms. Jeancharles,Mr. Tsinnijinnie,Black,Native
Ms. Reilly,Ms. Jacobson,White,White
Ms. Sharma,Mr. Ng,Asian,Asian
Mr. Eriacho,Ms. Cheng,Native,Asian
Ms. Medina,Ms. Xu,Hispanic,Asian
Ms. Parsons,Mr. Mueller,White,White
Ms. Song,Mr. Rosales,Asian,Hispanic
Ms. Boateng,Ms. Salas,Black,Hispanic
Ms. Cosay,Ms. Sharma,Native,Asian
Ms. Gao,Mr. Petitfrere,Asian,Black
Mr. Yoder,Ms. Diallo,White,Black
Mr. Villarreal,Ms. Salas,Hispanic,Hispanic
Mr. Santana,Mr. Addo,Hispanic,Black
Mr. Guo,Ms. Yi,Asian,Asian
Ms. Truong,Ms. Tabaha,Asian,Native
Ms. Walkingeagle,Ms. Wauneka,Native,Native
Mr. Dosela,Ms. Osei,Native,Black
Mr. Blueeyes,Mr. Yoo,Native,Asian
Ms. Wu,Ms. Olson,Asian,White
Mr. Attakai,Mr. Chavez,Native,Hispanic
Ms. Swanson,Ms. Schwartz,White,White
Mr. Chung,Ms. Delgado,Asian,Hispanic
Ms. Soto,Mr. Pena,Hispanic,Hispanic
Ms. Kanuho,Ms. Jeanfrancois,Native,Black
Ms. Calabaza,Mr. Yoo,Native,Asian
Mr. Duong,Mr. Kidane,Asian,Black
Ms. Cephas,Ms. Begay,Black,Native
Ms. Lawal,Mr. Kim,Black,Asian
Ms. Schroeder,Ms. Rangel,White,Hispanic
Mr. Blueeyes,Mr. Maldonado,Native,Hispanic
Ms. Chen,Mr. Abebe,Asian,Black
Ms. Sow,Mr. Kang,Black,Asian
Mr. Berhane,Ms. Hsu,Black,Asian
Ms. Moreno,Ms. Odonnell,Hispanic,White
Ms. Clitso,Ms. Trinh,Native,Asian
Mr. Munoz,Mr. Pham,Hispanic,Asian
Mr. Olsen,Mr. Gao,White,Asian
Ms. Apachito,Mr. Dinh,Native,Asian
Ms. Mendez,Mr. Bigcrow,Hispanic,Native
Mr. Secatero,Ms. Kang,Native,Asian
Mr. Jeanjacques,Ms. Jensen,Black,White
Mr. Choi,Ms. Cayaditto,Asian,Native
Mr. Begay,Mr. Zhang,Native,Asian
Ms. Friedman,Mr. Poorbear,White,Native
Ms. Bangura,Ms. Tessay,Black,Native
Mr. Wu,Ms. Avila,Asian,Hispanic
Mr. Schaefer,Ms. Wolf,White,White
Ms. Mora,Ms. Berger,Hispanic,White
Ms. Njoroge,Ms. Cheng,Black,Asian
Mr. Xu,Ms. Filsaime,Asian,Black
Mr. Lin,Ms. Gallegos,Asian,Hispanic
Mr. Petersen,Mr. Mwangi,White,Black
Ms. Mayweather,Mr. Larson,Black,White
Mr. He,Mr. Secody,Asian,Native
Mr. Sweeney,Ms. Valenzuela,White,Hispanic
Mr. Song,Ms. Secody,Asian,Native
Ms. Orozco,Mr. Estrada,Hispanic,Hispanic
Ms. Talayumptewa,Mr. Yang,Native,Asian
Mr. Herman,Mr. Hurley,White,White
Mr. Diallo,Ms. Beyale,Black,Native
Mr. Dominguez,Mr. Yoon,Hispanic,Asian
Mr. Wu,Mr. Avila,Asian,Hispanic
Mr. Zamora,Mr. Ho,Hispanic,Asian
Ms. Hardnett,Mr. Chu,Black,Asian
Mr. Wu,Ms. Prophete,Asian,Black
Ms. Melendez,Mr. Her,Hispanic,Asian
Mr. Oh,Ms. Xiong,Asian,Asian
Mr. Vu,Ms. Abebe,Asian,Black
Mr. Vassell,Mr. Velazquez,Black,Hispanic
Mr. Pierrelouis,Ms. Zimmerman,Black,White
Ms. Melendez,Ms. Bekele,Hispanic,Black
Ms. Kwon,Ms. Kamara,Asian,Black
Ms. Yoon,Ms. He,Asian,Asian
Mr. Vargas,Ms. Brennan,Hispanic,White
Ms. Xu,Ms. Mejia,Asian,Hispanic
Ms. Laughing,Ms. Notah,Native,Native
Mr. Han,Ms. Frimpong,Asian,Black
Ms. Huber,Ms. Jeancharles,White,Black
Ms. Atcitty,Ms. Desir,Native,Black
Mr. Saintlouis,Mr. Birdinground,Black,Native
Ms. Hu,Mr. Bangura,Asian,Black
Mr. Bartlett,Ms. Hoang,White,Asian
Mr. Zhao,Mr. Becker,Asian,White
Mr. Owusu,Mr. Fischer,Black,White
Mr. Snyder,Ms. Meza,White,Hispanic
Ms. Exantus,Ms. Parsons,Black,White
Mr. Wauneka,Mr. Soto,Native,Hispanic
Mr. Xiong,Ms. Lai,Asian,Asian
Mr. Perez,Ms. Hwang,Hispanic,Asian
Mr. Ng,Mr. Sesay,Asian,Black
Mr. Morales,Mr. Zamora,Hispanic,Hispanic
Ms. Hess,Ms. Salinas,White,Hispanic
Mr. Jeanbaptiste,Mr. Perez,Black,Hispanic
Ms. Laughing,Mr. Mayweather,Native,Black
Ms. Stark,Ms. Molina,White,Hispanic
Mr. Tang,Ms. Juarez,Asian,Hispanic
Ms. Lopez,Ms. Chavez,Hispanic,Hispanic
Ms. Manuelito,Ms. Decker,Native,White
Ms. Hahn,Mr. Yu,White,Asian
Mr. Abdullahi,Mr. Peck,Black,White
Ms. Duong,Ms. Lor,Asian,Asian
Mr. Warsame,Mr. Tam,Black,Asian
Ms. Mwangi,Mr. Abebe,Black,Black
Ms. Belizaire,Mr. Etsitty,Black,Native
Mr. Shije,Mr. Larson,Native,White
Ms. Lesane,Ms. Shaffer,Black,White
Ms. Jeancharles,Ms. Sexton,Black,White
Ms. Beck,Mr. Zhu,White,Asian
Mr. Rodriguez,Mr. Tsethlikai,Hispanic,Native
Mr. Bitsui,Ms. Frimpong,Native,Black
Mr. Olanna,Mr. Exantus,Native,Black
Mr. Secatero,Mr. Njoroge,Native,Black
Mr. Vang,Ms. Sweeney,Asian,White
Mr. Asare,Ms. Estrada,Black,Hispanic
Mr. Atcitty,Ms. Desir,Native,Black
Ms. Nielsen,Mr. Xu,White,Asian
Mr. Tessay,Ms. Mendez,Native,Hispanic
Mr. Kebede,Ms. Friedman,Black,White
Ms. Castaneda,Ms. Rios,Hispanic,Hispanic
Ms. Hebert,Ms. Hoover,White,White
Ms. Nez,Mr. Nielsen,Native,White
Mr. Cheng,Mr. Hanson,Asian,White
Ms. Thao,Mr. Rojas,Asian,Hispanic
Mr. Herrera,Ms. Thai,Hispanic,Asian
Mr. Bienaime,Ms. Larson,Black,White
Mr. Warsame,Mr. Ayala,Black,Hispanic
Mr. Petitfrere,Ms. Wauneka,Black,Native
Mr. Zimmerman,Mr. Kidane,White,Black
Mr. Kaur,Mr. Barrera,Asian,Hispanic
Ms. Gao,Mr. Russo,Asian,White
Ms. Olsen,Mr. Ndiaye,White,Black
Ms. Valenzuela,Mr. Jiang,Hispanic,Asian
Mr. Dougherty,Mr. Torres,White,Hispanic
Ms. Boykins,Ms. Koch,Black,White
Mr. Carlson,Ms. Obrien,White,White
Mr. Kang,Ms. Zhao,Asian,Asian
Ms. Tsinnie,Mr. Delgarito,Native,Native
Ms. Petitfrere,Mr. Luong,Black,Asian
Mr. Barrera,Ms. Jain,Hispanic,Asian
Mr. Tapaha,Mr. Berger,Native,White
Mr. Friedman,Mr. Sandoval,White,Hispanic
Mr. Okeke,Mr. Straughter,Black,Black
Mr. Luong,Mr. Chowdhury,Asian,Asian
Mr. Klein,Mr. Velazquez,White,Hispanic
Mr. Smalls,Ms. Clah,Black,Native
Mr. Nwosu,Ms. Hernandez,Black,Hispanic
Ms. Chau,Ms. Kramer,Asian,White
Ms. Garcia,Mr. Dayzie,Hispanic,Native
Mr. Hebert,Ms. Manygoats,White,Native
Ms. Her,Mr. Cline,Asian,White
Ms. Fluellen,Ms. Shaffer,Black,White
Ms. Hernandez,Ms. Yellowhair,Hispanic,Native
Ms. Chowdhury,Mr. Kameroff,Asian,Native
Ms. Hu,Mr. Atcitty,Asian,Native
Ms. Bekele,Mr. Littlelight,Black,Native
Ms. Solis,Mr. Tapaha,Hispanic,Native
Mr. Gishie,Ms. Dinh,Native,Asian
Mr. Swanson,Ms. Boykins,White,Black
Mr. Hartman,Mr. Ngo,White,Asian
Ms. Keams,Mr. Stein,Native,White
Mr. Fobbs,Ms. Foley,Black,White
Mr. Dougherty,Mr. Kidane,White,Black
Mr. Padilla,Mr. Her,Hispanic,Asian
Mr. Mahoney,Mr. Erickson,White,White
Mr. Calderon,Ms. Torres,Hispanic,Hispanic
Mr. Gonzalez,Ms. Morales,Hispanic,Hispanic
Ms. Ayze,Ms. Snyder,Native,White
Mr. Guo,Ms. Kameroff,Asian,Native
Ms. Hanson,Ms. Swanson,White,White
Ms. Sanchez,Mr. Benallie,Hispanic,Native
Mr. Liang,Ms. Yoder,Asian,White
Mr. Whitehat,Mr. Espinoza,Native,Hispanic
Mr. Fuentes,Ms. Garcia,Hispanic,Hispanic
Mr. Maldonado,Ms. Roth,Hispanic,White
Ms. Jeancharles,Mr. Sexton,Black,White
Ms. Gutierrez,Mr. Warsame,Hispanic,Black
Ms. Mehta,Mr. Poorbear,Asian,Native
Mr. Oconnor,Ms. Boateng,White,Black
Ms. Yellowman,Ms. Keams,Native,Native
Ms. Jimenez,Ms. Tsosie,Hispanic,Native
Mr. Vassell,Ms. Huang,Black,Asian
Mr. Ng,Ms. Boyle,Asian,White
Mr. Todacheene,Mr. Ortiz,Native,Hispanic
Mr. Shah,Ms. Cline,Asian,White
Mr. Salinas,Mr. Gonzalez,Hispanic,Hispanic
Ms. Hyppolite,Ms. Mccarthy,Black,White
Mr. Sharma,Ms. Bitsie,Asian,Native
Ms. Bitsuie,Mr. Tesfaye,Native,Black
Mr. Rios,Ms. Weiss,Hispanic,White
Mr. Bedonie,Mr. Johnston,Native,White
Ms. Hurley,Ms. Friedman,White,White
Mr. Ulysse,Mr. Friedman,Black,White
Mr. Werito,Ms. Cosay,Native,Native
Mr. Begay,Mr. Kamara,Native,Black
Ms. Nguyen,Mr. Ganadonegro,Asian,Native
Mr. Nielsen,Ms. Clitso,White,Native
Ms. Addo,Ms. Medina,Black,Hispanic
Ms. Tesfaye,Mr. Addo,Black,Black
Mr. Shije,Ms. Keita,Native,Black
Ms. Soto,Mr. Tesfaye,Hispanic,Black
Mr. Tesfaye,Ms. Yellowhair,Black,Native
Mr. Schultz,Mr. Nez,White,Native
Ms. Bitsui,Mr. Gishie,Native,Native
Mr. Bitsui,Ms. Liu,Native,Asian
Ms. Lu,Ms. Schaefer,Asian,White
Mr. Yoon,Mr. Ryan,Asian,White
Mr. Hoffman,Ms. Talayumptewa,White,Native
Ms. Desta,Mr. Mensah,Black,Black
Mr. Castillo,Ms. Ngo,Hispanic,Asian
Mr. Kwon,Ms. Kamara,Asian,Black
Mr. Heavyrunner,Ms. Ganadonegro,Native,Native
Ms. Twobulls,Mr. Bitsie,Native,Native
Ms. Henio,Ms. Yang,Native,Asian
Ms. Mueller,Mr. Carlson,White,White
Mr. Yellowhair,Mr. Tan,Native,Asian
Ms. Gutierrez,Ms. Yepa,Hispanic,Native
Mr. Yu,Ms. Madplume,Asian,Native
Ms. Osei,Mr. Hu,Black,Asian
Ms. Twobulls,Ms. Macias,Native,Hispanic
Mr. Thai,Ms. Gutierrez,Asian,Hispanic
Mr. Lai,Ms. Gallagher,Asian,White
Mr. Tam,Mr. Henio,Asian,Native
Ms. Twobulls,Mr. Han,Native,Asian
Mr. Vo,Mr. Ganadonegro,Asian,Native
Mr. Gallegos,Ms. Obrien,Hispanic,White
Ms. Coaxum,Ms. Yan,Black,Asian
Ms. Prophete,Mr. Hoover,Black,White
Ms. Keller,Ms. Atcitty,White,Native
Ms. Estrada,Mr. Castaneda,Hispanic,Hispanic
Mr. Avila,Mr. Vue,Hispanic,Asian
Mr. Tan,Mr. Jiang,Asian,Asian
Ms. Larson,Mr. Boyle,White,White
Ms. Klein,Mr. Ngo,White,Asian
Mr. Abdullahi,Mr. Cheng,Black,Asian
Mr. Gao,Ms. Petitfrere,Asian,Black
Mr. Foley,Ms. Gadson,White,Black
Mr. Hosteen,Mr. Roanhorse,Native,Native
Ms. Tran,Ms. Vassell,Asian,Black
Ms. Bitsui,Ms. Frimpong,Native,Black
Ms. Liang,Mr. Melendez,Asian,Hispanic
Mr. Thao,Ms. Kamara,Asian,Black
Mr. Duong,Ms. Espinoza,Asian,Hispanic
Ms. Gao,Ms. Vega,Asian,Hispanic
Ms. Okeke,Ms. Cheng,Black,Asian
Ms. Patel,Ms. Tsinnie,Asian,Native
Mr. Brennan,Ms. Lai,White,Asian
Mr. Desta,Mr. Kaur,Black,Asian
Ms. Sharma,Mr. Vazquez,Asian,Hispanic
Mr. Hansen,Ms. Dayzie,White,Native
Ms. Pineda,Ms. Shen,Hispanic,Asian
Ms. Meza,Mr. Saintlouis,Hispanic,Black
Mr. Yepa,Ms. Asare,Native,Black
Mr. Salazar,Mr. Yang,Hispanic,Asian
Mr. Spottedeagle,Mr. Gallegos,Native,Hispanic
Ms. Contreras,Mr. Bullbear,Hispanic,Native
Ms. Ly,Mr. Zuniga,Asian,Hispanic
Mr. Garcia,Mr. Leaks,Hispanic,Black
Ms. Colelay,Mr. Belizaire,Native,Black
Ms. Oh,Mr. Beck,Asian,White
Ms. Krueger,Mr. Sanchez,White,Hispanic
Ms. Apachito,Mr. Salas,Native,Hispanic
Ms. Saintlouis,Mr. Kidane,Black,Black
Ms. Claw,Ms. Castillo,Native,Hispanic
Mr. Yoder,Mr. Johnston,White,White
Ms. Ahasteen,Ms. Keams,Native,Native
Ms. Galvan,Ms. Friedman,Hispanic,White
Ms. Saintil,Mr. Colelay,Black,Native
Ms. Torres,Mr. Schaefer,Hispanic,White
Ms. Ramirez,Mr. Beck,Hispanic,White
Mr. Frimpong,Ms. Arias,Black,Hispanic
Mr. Okoro,Mr. Weiss,Black,White
Mr. Nielsen,Ms. Hurley,White,White
Mr. Conrad,Mr. Duong,White,Asian
Mr. Dong,Mr. Cheung,Asian,Asian
Mr. Bauer,Mr. Sesay,White,Black
Mr. Thai,Mr. Gutierrez,Asian,Hispanic
Ms. Standingrock,Mr. Cao,Native,Asian
Mr. Attakai,Ms. Chavez,Native,Hispanic
Mr. Munoz,Mr. Rios,Hispanic,Hispanic
Ms. Jalloh,Ms. Russo,Black,White
Ms. Serrano,Mr. Kidane,Hispanic,Black
Ms. Spottedhorse,Mr. Perez,Native,Hispanic
Ms. Marquez,Mr. Nielsen,Hispanic,White
Mr. Odonnell,Ms. Figueroa,White,Hispanic
Mr. Pham,Mr. Zhang,Asian,Asian
Ms. Flores,Ms. Tan,Hispanic,Asian
Mr. Robles,Mr. Chasinghawk,Hispanic,Native
Mr. Galvan,Mr. Leung,Hispanic,Asian
Mr. Oneill,Ms. Grandberry,White,Black
Mr. Vazquez,Ms. Case,Hispanic,White
Ms. Cao,Ms. Vo,Asian,Asian
Mr. Hu,Mr. Espinoza,Asian,Hispanic
Mr. Yu,Mr. Shah,Asian,Asian
Mr. Stfleur,Ms. Beyene,Black,Black
Mr. Donovan,Ms. Littlewhiteman,White,Native
Ms. Werito,Mr. Ravenell,Native,Black
Mr. Zheng,Ms. Jiang,Asian,Asian
Mr. Hoffman,Mr. Marquez,White,Hispanic
Ms. Maldonado,Mr. Sandoval,Hispanic,Hispanic
Ms. Fry,Mr. Guo,White,Asian
Mr. Morales,Ms. Chery,Hispanic,Black
Mr. Frimpong,Mr. Adjei,Black,Black
Mr. Addo,Ms. Goseyun,Black,Native
Mr. Arias,Ms. Wang,Hispanic,Asian
Mr. Okafor,Mr. Cabrera,Black,Hispanic
Mr. Tran,Ms. Vassell,Asian,Black
Mr. Wolf,Mr. Le,White,Asian
Mr. Yohannes,Mr. Christensen,Black,White
Mr. Littledog,Mr. Jama,Native,Black
Ms. Tessay,Ms. Johnston,Native,White
Ms. Vang,Mr. Luong,Asian,Asian
Mr. Mwangi,Mr. Morales,Black,Hispanic
Ms. Begaye,Mr. Trevino,Native,Hispanic
Mr. Salazar,Mr. Jalloh,Hispanic,Black
Mr. Coaxum,Ms. Pineda,Black,Hispanic
Ms. Schultz,Mr. Velez,White,Hispanic
Ms. Le,Ms. Estrada,Asian,Hispanic
Ms. Kwon,Ms. Cervantes,Asian,Hispanic
Ms. Jama,Ms. Olson,Black,White
Mr. Zuniga,Ms. Begaye,Hispanic,Native
Mr. Kline,Ms. Cervantes,White,Hispanic
Ms. Walkingeagle,Ms. Ramirez,Native,Hispanic
Ms. Olanna,Mr. Tessay,Native,Native
Ms. Lin,Ms. Gallegos,Asian,Hispanic
Ms. Le,Ms. Ajayi,Asian,Black
Mr. Dougherty,Mr. Schultz,White,White
Mr. Conteh,Ms. Walsh,Black,White
Mr. Okeke,Mr. Mcmahon,Black,White
Ms. Jensen,Ms. Oconnor,White,White
Ms. Ngo,Ms. Sun,Asian,Asian
Mr. Sexton,Mr. Mensah,White,Black
Mr. Dao,Ms. Hoover,Asian,White
Mr. Frimpong,Ms. Notafraid,Black,Native
Ms. Snyder,Ms. Tapaha,White,Native
Ms. Kameroff,Mr. Ochoa,Native,Hispanic
Ms. Todacheenie,Ms. Mayweather,Native,Black
Mr. Lim,Mr. Zamora,Asian,Hispanic
Mr. Desta,Mr. Chinana,Black,Native
Ms. Oneill,Ms. Nez,White,Native
Ms. Hess,Mr. Patel,White,Asian
Ms. Bitsie,Ms. Tam,Native,Asian
Mr. Nwosu,Ms. Pan,Black,Asian
Mr. Delgarito,Ms. Etcitty,Native,Native
Ms. Guzman,Mr. Bah,Hispanic,Black
Mr. Petersen,Mr. Munoz,White,Hispanic
Mr. Blueeyes,Ms. Yoo,Native,Asian
Ms. Molina,Mr. Espinoza,Hispanic,Hispanic
Mr. Kameroff,Ms. Hailu,Native,Black
Ms. Bienaime,Mr. Larson,Black,White
Ms. Perez,Mr. Delgarito,Hispanic,Native
Ms. Wu,Ms. Li,Asian,Asian
Mr. Rosales,Ms. Leaks,Hispanic,Black
Ms. Cline,Mr. Yang,White,Asian
Ms. Boykins,Ms. Attakai,Black,Native
Mr. Erickson,Ms. Medina,White,Hispanic
Mr. Vazquez,Mr. Case,Hispanic,White
Ms. Barrera,Mr. Knapp,Hispanic,White
Mr. Herrera,Ms. Koch,Hispanic,White
Ms. Delgarito,Mr. Huffman,Native,White
Ms. Traore,Ms. Bekele,Black,Black
Ms. Ortiz,Ms. Jalloh,Hispanic,Black
Ms. Ayze,Mr. Frimpong,Native,Black
Mr. Chiu,Mr. Tan,Asian,Asian
Mr. Dosela,Ms. Klein,Native,White
Mr. Keams,Ms. Pineda,Native,Hispanic
Mr. Serrano,Ms. Manygoats,Hispanic,Native
Mr. Hanson,Mr. Swanson,White,White
Ms. Lozano,Ms. Roth,Hispanic,White
Ms. Jeanpierre,Mr. Suarez,Black,Hispanic
Mr. Zamora,Ms. Berhane,Hispanic,Black
Ms. Li,Ms. Meyer,Asian,White
Ms. Hoover,Mr. Eriacho,White,Native
Ms. Yan,Ms. Mueller,Asian,White
Ms. Hensley,Ms. Ko,White,Asian
Mr. Begum,Ms. Vu,Asian,Asian
Mr. Bienaime,Mr. Ruiz,Black,Hispanic
Ms. Wolf,Mr. Weiss,White,White
Ms. Delgado,Mr. Christensen,Hispanic,White
Mr. Talayumptewa,Mr. Mueller,Native,White
Mr. Larson,Ms. Smallcanyon,White,Native
Mr. Escobar,Mr. Toure,Hispanic,Black
Mr. Attakai,Ms. Xu,Native,Asian
Mr. Orozco,Mr. Keyonnie,Hispanic,Native
Ms. Belizaire,Ms. Reilly,Black,White
Mr. Yang,Ms. Adjei,Asian,Black
Mr. Coaxum,Ms. Stfleur,Black,Black
Mr. Yan,Ms. Tesfaye,Asian,Black
Mr. Fluellen,Mr. Heavyrunner,Black,Native
Ms. Ulysse,Mr. Fofana,Black,Black
Ms. Madplume,Ms. Kramer,Native,White
Mr. Beck,Ms. Hoover,White,White
Mr. Bigcrow,Ms. Mayweather,Native,Black
Mr. Roanhorse,Ms. Balogun,Native,Black
Mr. Declay,Ms. Calabaza,Native,Native
Ms. Obrien,Ms. Yepa,White,Native
Ms. Olanna,Mr. Perez,Native,Hispanic
Mr. Nunez,Ms. Figueroa,Hispanic,Hispanic
Mr. Colelay,Mr. Claw,Native,Native
Mr. Cosay,Mr. Sharma,Native,Asian
Ms. Yazzie,Mr. Vu,Native,Asian
Mr. Serrano,Ms. Figueroa,Hispanic,Hispanic
Ms. Birdinground,Mr. Donovan,Native,White
Mr. Metellus,Ms. Schultz,Black,White
Ms. Owen,Ms. Escobar,White,Hispanic
Ms. Njoroge,Ms. Jeanjacques,Black,Black
Mr. Fofana,Mr. Notafraid,Black,Native
Mr. Guo,Ms. Jeancharles,Asian,Black
Ms. Liang,Mr. Cephas,Asian,Black
Mr. Pineda,Mr. Fobbs,Hispanic,Black
Ms. Donovan,Ms. Campos,White,Hispanic
Mr. Patel,Ms. Tsinnie,Asian,Native
Mr. Tran,Mr. Diaz,Asian,Hispanic
Ms. Beyene,Ms. Benallie,Black,Native
Mr. Diaz,Mr. Wang,Hispanic,Asian
Ms. Campos,Mr. Flynn,Hispanic,White
Mr. Fofana,Mr. Molina,Black,Hispanic
Mr. Ortega,Ms. Foley,Hispanic,White
Mr. Swanson,Mr. Peshlakai,White,Native
Mr. Zimmerman,Ms. Su,White,Asian
Ms. Ortega,Mr. Bui,Hispanic,Asian
Ms. Notah,Ms. Opoku,Native,Black
Mr. Knapp,Mr. Dominguez,White,Hispanic
Ms. Yellowhair,Ms. Abdullahi,Native,Black
Ms. Hahn,Mr. Mensah,White,Black
Mr. Tsinnijinnie,Ms. Mcmahon,Native,White
Mr. Rojas,Mr. Calderon,Hispanic,Hispanic
Mr. Xiong,Mr. Laughing,Asian,Native
Ms. Vargas,Mr. Bullbear,Hispanic,Native
Ms. Clah,Mr. Lopez,Native,Hispanic
Ms. Ruiz,Ms. Keller,Hispanic,White
Mr. Birdinground,Ms. Pineda,Native,Hispanic
Ms. Wauneka,Mr. Chu,Native,Asian
Mr. Martinez,Mr. Desta,Hispanic,Black
Ms. Larson,Mr. Smallcanyon,White,Native
Mr. Ortiz,Mr. Rivas,Hispanic,Hispanic
Mr. Delgado,Ms. Campos,Hispanic,Hispanic
Ms. Bigcrow,Ms. Vargas,Native,Hispanic
Ms. Ochoa,Mr. Gishie,Hispanic,Native
Ms. Manygoats,Ms. Chery,Native,Black
Ms. Lo,Ms. Flynn,Asian,White
Ms. Pierrelouis,Mr. Ortega,Black,Hispanic
Mr. Galvan,Mr. Friedman,Hispanic,White
Ms. Aguilar,Mr. Oh,Hispanic,Asian
Ms. Jama,Mr. Olson,Black,White
Ms. Delgado,Ms. Hyppolite,Hispanic,Black
Mr. Chau,Mr. Velez,Asian,Hispanic
Mr. Stein,Ms. Dosela,White,Native
Mr. Lim,Ms. Ulysse,Asian,Black
Ms. Berg,Mr. Osei,White,Black
Ms. Dosela,Ms. Etcitty,Native,Native
Ms. Chinana,Ms. Shije,Native,Native
Ms. Velasquez,Ms. Haskie,Hispanic,Native
Mr. Rivas,Mr. Lasiloo,Hispanic,Native
Ms. Pena,Ms. Hensley,Hispanic,White
Ms. Lara,Mr. Robles,Hispanic,Hispanic
Mr. Goseyun,Ms. Okafor,Native,Black
Ms. Zuniga,Mr. Leung,Hispanic,Asian
Mr. Cao,Ms. Gallagher,Asian,White
Ms. Bah,Mr. Le,Black,Asian
Mr. Koch,Ms. Salinas,White,Hispanic
Mr. Manygoats,Mr. Espinoza,Native,Hispanic
Ms. Shen,Ms. Nielsen,Asian,White
Ms. Cervantes,Mr. Weber,Hispanic,White
Mr. Jiang,Ms. Yellowman,Asian,Native
Ms. Shije,Ms. Atcitty,Native,Native
Ms. Berg,Mr. Maldonado,White,Hispanic
Ms. Schroeder,Ms. Tsosie,White,Native
Ms. Hardnett,Mr. Kanuho,Black,Native
Ms. Nguyen,Ms. Munoz,Asian,Hispanic
Ms. Sandoval,Ms. Mohamud,Hispanic,Black
Ms. Chiu,Mr. Bauer,Asian,White
Mr. Trevino,Ms. Conrad,Hispanic,White
Mr. Declay,Ms. Hyppolite,Native,Black
Ms. Decker,Ms. Rojas,White,Hispanic
Mr. Kallestewa,Ms. Boyle,Native,White
Mr. Robles,Ms. Louissaint,Hispanic,Black
Mr. Tadesse,Mr. Rodriguez,Black,Hispanic
Mr. Blueeyes,Mr. Huffman,Native,White
Ms. Foley,Ms. Yu,White,Asian
Mr. Guo,Ms. Figueroa,Asian,Hispanic
Ms. Larson,Ms. Conteh,White,Black
Ms. Nunez,Mr. Frimpong,Hispanic,Black
Ms. Brandt,Ms. Ethelbah,White,Native
Mr. Cheng,Mr. Velez,Asian,Hispanic
Mr. Dang,Ms. Moyer,Asian,White
Ms. Hernandez,Ms. Tam,Hispanic,Asian
Mr. Ko,Ms. Jiang,Asian,Asian
Mr. Prioleau,Ms. Ayala,Black,Hispanic
Mr. Liang,Mr. Begay,Asian,Native
Ms. Keyonnie,Mr. Schmidt,Native,White
Ms. Kang,Mr. Abebe,Asian,Black
Mr. Sun,Ms. Hwang,Asian,Asian
Ms. Leung,Mr. Chavez,Asian,Hispanic
Ms. Kaur,Ms. Chiu,Asian,Asian
Ms. Altaha,Ms. Peck,Native,White
Mr. Hartman,Ms. Ngo,White,Asian
Mr. Serrano,Ms. Kidane,Hispanic,Black
Ms. Chowdhury,Mr. Bui,Asian,Asian
Mr. Kameroff,Mr. Hailu,Native,Black
Ms. Diaz,Ms. Wang,Hispanic,Asian
Ms. Cayaditto,Ms. Zheng,Native,Asian
Mr. Hensley,Ms. Meza,White,Hispanic
Ms. Fischer,Ms. Vu,White,Asian
Ms. Kline,Mr. Cervantes,White,Hispanic
Ms. Luu,Ms. Zamora,Asian,Hispanic
Mr. Bitsie,Mr. Ryan,Native,White
Ms. Abebe,Mr. Yohannes,Black,Black
Ms. Stein,Ms. Zhu,White,Asian
Ms. Hardnett,Ms. Conteh,Black,Black
Mr. Asante,Ms. Guo,Black,Asian
Mr. Ha,Ms. Delgarito,Asian,Native
Ms. Notafraid,Mr. Cline,Native,White
Mr. Bitsuie,Mr. Tesfaye,Native,Black
Ms. Ngo,Ms. Ruiz,Asian,Hispanic
Ms. Her,Ms. Prophete,Asian,Black
Mr. Yoon,Mr. Jama,Asian,Black
Ms. Hyppolite,Mr. Mccarthy,Black,White
Mr. Schultz,Mr. Yoo,White,Asian
Ms. Contreras,Mr. Figueroa,Hispanic,Hispanic
Ms. Rangel,Mr. Koch,Hispanic,White
Mr. Lara,Mr. Yoo,Hispanic,Asian
Ms. Nielsen,Mr. Ulysse,White,Black
Mr. Apachito,Mr. Calixte,Native,Black
Mr. Trevino,Mr. Yang,Hispanic,Asian
Ms. Littlewhiteman,Mr. Foley,Native,White
Ms. Traore,Ms. Fuentes,Black,Hispanic
Ms. Roth,Mr. Villarreal,White,Hispanic
Mr. Toure,Ms. Parsons,Black,White
Mr. Zheng,Ms. Chinana,Asian,Native
Ms. Mekonnen,Ms. Benally,Black,Native
Ms. Cardenas,Mr. Mendez,Hispanic,Hispanic
Mr. Su,Ms. Herrera,Asian,Hispanic
Ms. Her,Mr. Hu,Asian,Asian
Ms. Blackgoat,Ms. Jeanpierre,Native,Black
Ms. Espinoza,Mr. Spottedhorse,Hispanic,Native
Ms. Fry,Mr. Velasquez,White,Hispanic
Ms. Choi,Mr. Asante,Asian,Black
Ms. Meza,Ms. Henio,Hispanic,Native
Mr. Mensah,Mr. Colelay,Black,Native
Mr. Hurley,Ms. Cephas,White,Black
Ms. Donovan,Ms. Cheng,White,Asian
Ms. Hanson,Mr. Yan,White,Asian
Ms. Villarreal,Ms. Chung,Hispanic,Asian
Ms. Gomez,Ms. Mahoney,Hispanic,White
Mr. Hansen,Ms. Yoo,White,Asian
Ms. Stout,Ms. Bauer,White,White
Ms. Wolf,Ms. Solis,White,Hispanic
Ms. Schwartz,Mr. Traore,White,Black
Mr. Ethelbah,Mr. Patel,Native,Asian
Mr. Ortiz,Mr. Jalloh,Hispanic,Black
Mr. Ho,Ms. Mccarthy,Asian,White
Mr. Todacheene,Ms. Begay,Native,Native
Mr. Lesane,Mr. Huynh,Black,Asian
Ms. Berger,Ms. Avila,White,Hispanic
Ms. Littlewhiteman,Mr. Ma,Native,Asian
Ms. Olsen,Ms. Delgarito,White,Native
Mr. Henio,Mr. Yang,Native,Asian
Mr. Wigfall,Mr. Zhao,Black,Asian
Mr. Chu,Ms. Chavez,Asian,Hispanic
Mr. Nez,Ms. Lawal,Native,Black
Ms. Luu,Mr. Zamora,Asian,Hispanic
Mr. Colelay,Ms. Claw,Native,Native
Mr. Zhao,Ms. Arias,Asian,Hispanic
Mr. Ojo,Ms. Gomez,Black,Hispanic
Ms. Figueroa,Mr. Goldtooth,Hispanic,Native
Mr. Roanhorse,Mr. Vazquez,Native,Hispanic
Ms. Boyle,Mr. Ramirez,White,Hispanic
Ms. Ibarra,Mr. Tabaha,Hispanic,Native
Mr. Vu,Mr. Ly,Asian,Asian
Mr. Zhu,Mr. Fobbs,Asian,Black
Mr. Yan,Mr. Lor,Asian,Asian
Mr. Kidane,Ms. Edouard,Black,Black
Ms. Campos,Mr. Wigfall,Hispanic,Black
Mr. Abebe,Ms. Krueger,Black,White
Ms. Cabrera,Ms. Ganadonegro,Hispanic,Native
Mr. Tsinnie,Ms. Carlson,Native,White
Ms. Klein,Mr. Velazquez,White,Hispanic
Ms. Haskie,Mr. Asare,Native,Black
Ms. Prophete,Mr. Cayaditto,Black,Native
Mr. Tsosie,Ms. Chen,Native,Asian
Mr. Chau,Mr. Kramer,Asian,White
Ms. Coaxum,Mr. Pineda,Black,Hispanic
Ms. Conrad,Ms. Duong,White,Asian
Ms. Medina,Mr. Castaneda,Hispanic,Hispanic
Mr. Werito,Mr. Ruiz,Native,Hispanic
Ms. Nielsen,Ms. Xu,White,Asian
Ms. Cheung,Ms. Etsitty,Asian,Native
Ms. Chu,Mr. Chavez,Asian,Hispanic
Mr. Oneill,Mr. Grandberry,White,Black
Ms. Hoang,Ms. Yan,Asian,Asian
Mr. Cheung,Ms. Etsitty,Asian,Native
Mr. Pena,Mr. Tessay,Hispanic,Native
Mr. Metellus,Ms. Medina,Black,Hispanic
Ms. Prioleau,Ms. Mondesir,Black,Black
Mr. Lim,Ms. Zamora,Asian,Hispanic
Ms. Foley,Ms. Gadson,White,Black
Mr. Littlewhiteman,Ms. Calderon,Native,Hispanic
Mr. Truong,Ms. Luu,Asian,Asian
Mr. Kwon,Mr. Smallcanyon,Asian,Native
Mr. Beck,Mr. Gadson,White,Black
Mr. Hoang,Ms. Fuentes,Asian,Hispanic
Ms. Edouard,Ms. Berg,Black,White
Ms. Addo,Ms. Goseyun,Black,Native
Ms. Kang,Mr. Zhao,Asian,Asian
Ms. Asare,Ms. Kwon,Black,Asian
Mr. Blankenship,Mr. Atcitty,White,Native
Ms. Kamara,Ms. Shije,Black,Native
Ms. Mcmahon,Mr. Laughing,White,Native
Ms. Morales,Mr. Oconnor,Hispanic,White
Mr. Cervantes,Mr. Weber,Hispanic,White
Ms. Donovan,Ms. Oconnor,White,White
Mr. Her,Mr. Hu,Asian,Asian
Ms. Mahoney,Ms. Erickson,White,White
Ms. Abdullahi,Mr. Castaneda,Black,Hispanic
Mr. Klein,Mr. Jeanlouis,White,Black
Mr. Parsons,Ms. Sesay,White,Black
Mr. Claw,Mr. Olanna,Native,Native
Mr. Jain,Mr. Moreno,Asian,Hispanic
Ms. Orozco,Mr. Keyonnie,Hispanic,Native
Ms. Haskie,Mr. Tam,Native,Asian
Ms. Orozco,Mr. Abebe,Hispanic,Black
Ms. Koroma,Mr. Lim,Black,Asian
Ms. Vo,Ms. Melendez,Asian,Hispanic
Ms. Todacheene,Mr. Begay,Native,Native
Ms. Salazar,Mr. Alvarado,Hispanic,Hispanic
Ms. Lawal,Ms. Hurley,Black,White
Mr. Kaur,Ms. Chiu,Asian,Asian
Ms. Duffy,Ms. Schultz,White,White
Ms. Bangura,Ms. Hanson,Black,White
Mr. Rivas,Ms. Lasiloo,Hispanic,Native
Ms. Grandberry,Ms. Molina,Black,Hispanic
Mr. Roanhorse,Ms. Bitsilly,Native,Native
Ms. Straughter,Mr. Munoz,Black,Hispanic
Ms. Calixte,Ms. Zhang,Black,Asian
Ms. Salazar,Ms. Jalloh,Hispanic,Black
Ms. Tapaha,Ms. Soto,Native,Hispanic
Ms. Lasiloo,Ms. Rodriguez,Native,Hispanic
Mr. Tan,Ms. Jeanlouis,Asian,Black
Mr. Kamara,Mr. Jeanbaptiste,Black,Black
Ms. Mohamud,Ms. Vazquez,Black,Hispanic
Ms. Tran,Mr. Secatero,Asian,Native
Ms. Belizaire,Mr. Phan,Black,Asian
Mr. Zhao,Mr. Bitsuie,Asian,Native
Ms. Ajayi,Ms. Asare,Black,Black
Ms. Arcoren,Ms. Castillo,Native,Hispanic
Ms. Roth,Mr. Carlson,White,White
Mr. Hoover,Ms. Desir,White,Black
Ms. Howe,Ms. Ibarra,White,Hispanic
Mr. Zamora,Mr. Hahn,Hispanic,White
Mr. Owusu,Ms. Keams,Black,Native
Mr. Yi,Mr. Zheng,Asian,Asian
Ms. Jeanbaptiste,Ms. Claw,Black,Native
Mr. Cephas,Ms. Begay,Black,Native
Ms. Filsaime,Ms. Stein,Black,White
Ms. Diaz,Mr. Mccarthy,Hispanic,White
Mr. Chiu,Ms. Walkingeagle,Asian,Native
Mr. Martinez,Ms. Guzman,Hispanic,Hispanic
Mr. Huang,Mr. Mccarthy,Asian,White
Mr. Christensen,Ms. Leung,White,Asian
Ms. Oneill,Mr. Dang,White,Asian
Ms. Cowboy,Mr. Boateng,Native,Black
Ms. Ahasteen,Ms. Boateng,Native,Black
Ms. Bah,Mr. Howe,Black,White
Ms. Cosay,Mr. Sexton,Native,White
Mr. Villarreal,Mr. Njoroge,Hispanic,Black
Ms. Lai,Mr. Tan,Asian,Asian
Mr. Leung,Ms. Wauneka,Asian,Native
Ms. Kidane,Mr. Arcoren,Black,Native
Ms. Ortega,Mr. Spottedhorse,Hispanic,Native
Mr. Berhane,Ms. Rivera,Black,Hispanic
Mr. Claw,Mr. Tam,Native,Asian
Ms. Huffman,Mr. Tadesse,White,Black
Mr. Leung,Ms. Chavez,Asian,Hispanic
Mr. Parsons,Mr. Tsinnie,White,Native
Mr. Ochoa,Mr. Gishie,Hispanic,Native
Mr. Wang,Ms. Cisse,Asian,Black
Mr. Bangura,Mr. Villarreal,Black,Hispanic
Ms. Vu,Mr. Keller,Asian,White
Ms. Wang,Ms. Mahoney,Asian,White
Mr. Kim,Mr. Kamara,Asian,Black
Ms. Hanson,Ms. Herrera,White,Hispanic
Ms. Rivera,Mr. Zhu,Hispanic,Asian
Ms. Castaneda,Mr. Diallo,Hispanic,Black
Mr. Ngo,Mr. Ruiz,Asian,Hispanic
Ms. Bitsilly,Mr. Odonnell,Native,White
Ms. Swanson,Ms. Peshlakai,White,Native
Ms. Kidane,Ms. Edouard,Black,Black
Mr. Contreras,Mr. Huang,Hispanic,Asian
Ms. Li,Mr. Altaha,Asian,Native
Mr. Yellowhair,Ms. Tan,Native,Asian
Ms. Maldonado,Ms. Warsame,Hispanic,Black
Mr. Ahasteen,Mr. Zhang,Native,Asian
Mr. Vasquez,Ms. Diallo,Hispanic,Black
Ms. Dosela,Mr. Klein,Native,White
Mr. Stout,Mr. Ma,White,Asian
Ms. Xiong,Mr. Jimenez,Asian,Hispanic
Ms. Warsame,Ms. Tam,Black,Asian
Mr. Yi,Ms. Kallestewa,Asian,Native
Mr. Hebert,Mr. Velasquez,White,Hispanic
Ms. Hsu,Ms. Pham,Asian,Asian
Ms. Bah,Ms. Abdullahi,Black,Black
Mr. Campos,Mr. Olanna,Hispanic,Native
Ms. Bigcrow,Ms. Stout,Native,White
Ms. Colelay,Ms. Belizaire,Native,Black
Ms. Schwartz,Mr. Guo,White,Asian
Ms. Velazquez,Ms. Altaha,Hispanic,Native
Mr. Hanson,Mr. Yan,White,Asian
Mr. Ajayi,Ms. Sharma,Black,Asian
Mr. Vassell,Ms. Addo,Black,Black
Ms. Meyer,Ms. Gomez,White,Hispanic
Mr. Etcitty,Ms. Salazar,Native,Hispanic
Mr. Cisse,Mr. Ajayi,Black,Black
Ms. Whiteplume,Mr. Edouard,Native,Black
Ms. Velazquez,Ms. Ruiz,Hispanic,Hispanic
Ms. Truong,Ms. Lawal,Asian,Black
Mr. Han,Ms. Cheng,Asian,Asian
Ms. Gishie,Mr. Jeanpierre,Native,Black
Ms. Edouard,Ms. Arcoren,Black,Native
Ms. Nguyen,Mr. Abdullahi,Asian,Black
Ms. Mahoney,Ms. Ng,White,Asian
Mr. Twobulls,Ms. Macias,Native,Hispanic
Ms. Ortega,Ms. Bui,Hispanic,Asian
Ms. Carlson,Ms. Velasquez,White,Hispanic
Mr. Desai,Ms. Gadson,Asian,Black
Ms. Olanna,Ms. Jiang,Native,Asian
Ms. Schwartz,Mr. Schaefer,White,White
Ms. Hwang,Mr. Owusu,Asian,Black
Mr. Jeanpierre,Mr. Bah,Black,Black
Ms. Metellus,Ms. Medina,Black,Hispanic
Ms. Sanchez,Ms. Stout,Hispanic,White
Mr. Goldtooth,Ms. Ko,Native,Asian
Ms. Torres,Mr. Secody,Hispanic,Native
Ms. Littledog,Ms. Whitehat,Native,Native
Mr. Hahn,Ms. Mensah,White,Black
Mr. Tessay,Ms. Moua,Native,Asian
Ms. Velez,Mr. Ryan,Hispanic,White
Ms. Huber,Ms. Ortiz,White,Hispanic
Mr. Bartlett,Ms. Wauneka,White,Native
Mr. Cao,Mr. Trevino,Asian,Hispanic
Mr. Cline,Mr. Lesane,White,Black
Ms. Conteh,Mr. Zhu,Black,Asian
Ms. Manuelito,Ms. Hu,Native,Asian
Ms. Whitehat,Ms. Clitso,Native,Native
Ms. He,Mr. Boateng,Asian,Black
Ms. Rosales,Ms. Juarez,Hispanic,Hispanic
Ms. Jacobson,Ms. Gishie,White,Native
Mr. Walkingeagle,Ms. Chowdhury,Native,Asian
Mr. Hosteen,Ms. Dorvil,Native,Black
Mr. Mensah,Ms. Reilly,Black,White
Mr. Vassell,Ms. Velazquez,Black,Hispanic
Ms. Torres,Mr. Robles,Hispanic,Hispanic
Ms. Rasmussen,Mr. Schwartz,White,White
Ms. Todacheene,Ms. Ortiz,Native,Hispanic
Mr. Vo,Ms. Chery,Asian,Black
Ms. Kang,Ms. Zhao,Asian,Asian
Ms. Zuniga,Mr. Macias,Hispanic,Hispanic
Ms. Fofana,Ms. Addo,Black,Black
Ms. Schroeder,Mr. Han,White,Asian
Mr. Conrad,Ms. Gutierrez,White,Hispanic
Mr. Oh,Ms. Beck,Asian,White
Mr. Hensley,Ms. Walkingeagle,White,Native
Ms. Petitfrere,Mr. Orozco,Black,Hispanic
Ms. Todacheene,Ms. Donovan,Native,White
Mr. Kallestewa,Ms. Lim,Native,Asian
Ms. Vassell,Mr. Huang,Black,Asian
Mr. Rangel,Mr. Belizaire,Hispanic,Black
Mr. Huffman,Ms. Salas,White,Hispanic
Ms. Fuentes,Mr. He,Hispanic,Asian
Ms. Bienaime,Ms. Ho,Black,Asian
Mr. Vega,Mr. Diaz,Hispanic,Hispanic
Ms. Fry,Mr. Foley,White,White
Mr. Grandberry,Ms. Molina,Black,Hispanic
Mr. Jalloh,Mr. Gallegos,Black,Hispanic
Ms. Brandt,Mr. Abebe,White,Black
Ms. Ayze,Mr. Torres,Native,Hispanic
Ms. Her,Mr. Alvarez,Asian,Hispanic
Ms. Nielsen,Ms. Ulysse,White,Black
Ms. Ly,Mr. Wigfall,Asian,Black
Mr. Olanna,Mr. Jiang,Native,Asian
Ms. Aguirre,Ms. Goseyun,Hispanic,Native
Ms. Eriacho,Mr. Cheng,Native,Asian
Ms. Etcitty,Mr. Hwang,Native,Asian
Mr. Garcia,Ms. Hanson,Hispanic,White
Ms. Odonnell,Mr. Her,White,Asian
Ms. Zuniga,Mr. Kidane,Hispanic,Black
Ms. Mehta,Mr. Hwang,Asian,Asian
Ms. Fobbs,Ms. Foley,Black,White
Ms. Zhao,Ms. Su,Asian,Asian
Mr. Huynh,Ms. Owen,Asian,White
Ms. Velazquez,Ms. Gueye,Hispanic,Black
Mr. Begay,Mr. Bauer,Native,White
Mr. Sexton,Ms. Villarreal,White,Hispanic
Ms. Osei,Ms. Hu,Black,Asian
Ms. Asare,Mr. Hurley,Black,White
Mr. Marquez,Ms. Velazquez,Hispanic,Hispanic
Mr. Walsh,Ms. Yan,White,Asian
Ms. Trevino,Mr. Yang,Hispanic,Asian
Mr. Chavez,Mr. Lor,Hispanic,Asian
Ms. Lara,Ms. Robles,Hispanic,Hispanic
Ms. Mayer,Ms. Hoover,White,White
Mr. Kebede,Mr. Cervantes,Black,Hispanic
Mr. Keita,Ms. Talayumptewa,Black,Native
Ms. Ethelbah,Mr. Dominguez,Native,Hispanic
Ms. Etcitty,Ms. Notah,Native,Native
Mr. Jimenez,Mr. Huynh,Hispanic,Asian
Ms. Thai,Ms. Gutierrez,Asian,Hispanic
Mr. Cisse,Ms. Galvan,Black,Hispanic
Mr. Schaefer,Ms. Alvarado,White,Hispanic
Mr. Atcitty,Mr. Clitso,Native,Native
Ms. Nguyen,Ms. Schwartz,Asian,White
Ms. Bullbear,Mr. Molina,Native,Hispanic
Ms. Littlewhiteman,Ms. Ma,Native,Asian
Mr. Cabrera,Ms. Ganadonegro,Hispanic,Native
Mr. Ma,Mr. Duong,Asian,Asian
Ms. Aguirre,Ms. Dang,Hispanic,Asian
Mr. Becker,Ms. Dorvil,White,Black
Ms. Yellowhair,Ms. Tan,Native,Asian
Ms. Kim,Ms. Zhou,Asian,Asian
Ms. Olson,Ms. Luong,White,Asian
Mr. Larson,Mr. Ko,White,Asian
Mr. Keyonnie,Ms. Ochoa,Native,Hispanic
Ms. Conteh,Mr. Vassell,Black,Black
Mr. Keams,Ms. Owusu,Native,Black
Ms. Cheung,Mr. Macias,Asian,Hispanic
Ms. Notafraid,Mr. Luu,Native,Asian
Ms. Velez,Ms. Oh,Hispanic,Asian
Ms. Beyale,Mr. Asare,Native,Black
Mr. Benallie,Ms. Bullbear,Native,Native
Mr. Case,Mr. Desai,White,Asian
Mr. Delgarito,Mr. Wigfall,Native,Black
Ms. Vue,Ms. Secatero,Asian,Native
Mr. Wauneka,Ms. Ryan,Native,White
Ms. Todacheenie,Mr. Keams,Native,Native
Ms. Tang,Ms. Pham,Asian,Asian
Mr. Morse,Mr. Ramirez,White,Hispanic
Ms. Appiah,Ms. Alvarado,Black,Hispanic
Ms. Delgarito,Ms. Huffman,Native,White
Ms. Fobbs,Ms. Choi,Black,Asian
Mr. Yi,Ms. Zheng,Asian,Asian
Mr. Manigault,Ms. Rivera,Black,Hispanic
Mr. Koroma,Mr. Cardenas,Black,Hispanic
Ms. Hoover,Mr. Xu,White,Asian
Ms. Littlelight,Mr. Chinana,Native,Native
Mr. Li,Ms. Meyer,Asian,White
Ms. Jeanfrancois,Mr. Gadson,Black,Black
Ms. Shin,Ms. Meyer,Asian,White
Mr. Koch,Ms. Larsen,White,White
Ms. Delgado,Mr. Vo,Hispanic,Asian
Mr. Avila,Mr. Leaks,Hispanic,Black
Mr. Crane,Ms. Berg,White,White
Mr. Whiteplume,Mr. Stark,Native,White
Mr. Cabrera,Ms. Flores,Hispanic,Hispanic
Ms. Ibarra,Ms. Herman,Hispanic,White
Ms. Bienaime,Mr. Yepa,Black,Native
Ms. Petersen,Ms. Mwangi,White,Black
Mr. Jama,Mr. Clah,Black,Native
Mr. Hoffman,Ms. Stfleur,White,Black
Ms. Hensley,Mr. Meza,White,Hispanic
Ms. Obrien,Mr. Hoover,White,White
Mr. Calixte,Mr. Padilla,Black,Hispanic
Ms. Luong,Ms. Parsons,Asian,White
Mr. Yang,Mr. Aguirre,Asian,Hispanic
Mr. Gutierrez,Mr. Hansen,Hispanic,White
Ms. Lor,Ms. Fry,Asian,White
Mr. Mekonnen,Mr. Alvarado,Black,Hispanic
Mr. Yellowman,Mr. Keams,Native,Native
Mr. Dominguez,Ms. Bedonie,Hispanic,Native
Mr. Chinana,Ms. Toure,Native,Black
Ms. Nguyen,Mr. Schwartz,Asian,White
Ms. Weber,Mr. Jensen,White,White
Ms. Larson,Ms. Ortiz,White,Hispanic
Ms. Secody,Mr. Bui,Native,Asian
Ms. Hernandez,Mr. Tam,Hispanic,Asian
Mr. Yeboah,Mr. Blankenship,Black,White
Mr. Yellowhair,Mr. Abdullahi,Native,Black
Ms. Zhang,Ms. Opoku,Asian,Black
Mr. Desir,Mr. Nielsen,Black,White
Ms. Berhane,Mr. Larsen,Black,White
Mr. Meyer,Mr. Gomez,White,Hispanic
Mr. Ayze,Mr. Snyder,Native,White
Ms. Kanuho,Ms. Huffman,Native,White
Mr. Molina,Mr. Yi,Hispanic,Asian
Ms. Lim,Mr. Donovan,Asian,White
Ms. Tran,Mr. Kaur,Asian,Asian
Mr. Schwartz,Mr. Traore,White,Black
Mr. Yazzie,Ms. Henio,Native,Native
Mr. Gueye,Ms. Trevino,Black,Hispanic
Mr. Thao,Mr. Cheung,Asian,Asian
Ms. Ma,Mr. Duong,Asian,Asian
Ms. Chung,Mr. Cephas,Asian,Black
Ms. Morse,Ms. Jalloh,White,Black
Ms. Phan,Ms. Blackgoat,Asian,Native
Mr. Castaneda,Mr. Diallo,Hispanic,Black
Mr. Notafraid,Mr. Nwosu,Native,Black
Mr. Kwon,Ms. Shaffer,Asian,White
Ms. Okoro,Mr. Calixte,Black,Black
Mr. Tam,Mr. Campos,Asian,Hispanic
Mr. Apachito,Mr. Wauneka,Native,Native
Ms. Decker,Ms. Cowboy,White,Native
Ms. Chavez,Ms. Nwosu,Hispanic,Black
Ms. Jeanfrancois,Mr. Littlewhiteman,Black,Native
Mr. Tessay,Ms. Bah,Native,Black
Ms. Chung,Mr. Nguyen,Asian,Asian
Ms. Vue,Mr. Mendez,Asian,Hispanic
Mr. Tsethlikai,Ms. Diaz,Native,Hispanic
Mr. Ma,Ms. Bitsui,Asian,Native
Ms. Poorbear,Mr. Fofana,Native,Black
Mr. Xu,Ms. Yellowman,Asian,Native
Ms. Campos,Ms. Sharma,Hispanic,Asian
Ms. Carlson,Ms. Vue,White,Asian
Mr. Toure,Ms. Dosela,Black,Native
Mr. Sweeney,Ms. Yan,White,Asian
Mr. Whitehat,Mr. Wang,Native,Asian
Ms. Jimenez,Mr. Huynh,Hispanic,Asian
Mr. Notafraid,Mr. Benallie,Native,Native
Ms. Dao,Ms. Mendez,Asian,Hispanic
Ms. Roanhorse,Ms. Balogun,Native,Black
Mr. Bullbear,Mr. Sexton,Native,White
Mr. Njoroge,Ms. Brennan,Black,White
Ms. Han,Mr. Blueeyes,Asian,Native
Mr. Marquez,Ms. Ganadonegro,Hispanic,Native
Ms. Saintil,Mr. Lopez,Black,Hispanic
Mr. Bah,Ms. Abdullahi,Black,Black
Ms. Desta,Ms. Mensah,Black,Black
Ms. Lim,Mr. Ulysse,Asian,Black
Ms. Hwang,Ms. Keyonnie,Asian,Native
Ms. Obrien,Mr. Hardnett,White,Black
Ms. Medina,Ms. Hanson,Hispanic,White
Ms. Crane,Mr. Ko,White,Asian
Mr. Ryan,Mr. Estrada,White,Hispanic
Mr. Veasley,Ms. Figueroa,Black,Hispanic
Mr. Sandoval,Mr. Alvarez,Hispanic,Hispanic
Mr. Bitsuie,Ms. Rodriguez,Native,Hispanic
Ms. Haskie,Ms. Ibarra,Native,Hispanic
Mr. Stout,Mr. Bauer,White,White
Ms. Her,Mr. Whiteface,Asian,Native
Mr. Traore,Ms. Notafraid,Black,Native
Ms. Gallegos,Mr. Obrien,Hispanic,White
Ms. Chavez,Ms. Aguilar,Hispanic,Hispanic
Ms. Ulysse,Mr. Salas,Black,Hispanic
Ms. Kidane,Mr. Edouard,Black,Black
Mr. Oconnor,Mr. Boateng,White,Black
Mr. Dominguez,Ms. Beck,Hispanic,White
Mr. Ha,Ms. Weber,Asian,White
Mr. Lawal,Mr. Hurley,Black,White
Mr. Metellus,Ms. Thao,Black,Asian
Ms. Bigcrow,Mr. Mayweather,Native,Black
Mr. Gallagher,Ms. Delgarito,White,Native
Mr. Zamora,Ms. Standingrock,Hispanic,Native
Mr. Ethelbah,Mr. Dominguez,Native,Hispanic
Ms. Ha,Mr. Delgarito,Asian,Native
Ms. Brennan,Ms. Okafor,White,Black
Ms. Jacobson,Mr. Zheng,White,Asian
Mr. Hernandez,Mr. Kramer,Hispanic,White
Ms. Dang,Ms. Moyer,Asian,White
Ms. Todacheene,Mr. Donovan,Native,White
Ms. Hu,Ms. Le,Asian,Asian
Mr. Prioleau,Ms. Sexton,Black,White
Ms. Tesfaye,Ms. Mueller,Black,White
Mr. Fry,Mr. Guo,White,Asian
Ms. Gueye,Ms. Bitsilly,Black,Native
Mr. Hurley,Ms. Castillo,White,Hispanic
Ms. Huynh,Ms. Yellowhair,Asian,Native
Ms. Balogun,Mr. Brandt,Black,White
Mr. Cardenas,Mr. Berger,Hispanic,White
Mr. Desai,Ms. Kwon,Asian,Asian
Ms. Boyle,Ms. Ramirez,White,Hispanic
Mr. Hardnett,Ms. Chu,Black,Asian
Ms. Vue,Ms. Mendez,Asian,Hispanic
Mr. Garza,Mr. Nwosu,Hispanic,Black
Mr. Macias,Ms. Medina,Hispanic,Hispanic
Mr. Aguilar,Ms. Blueeyes,Hispanic,Native
Mr. Wolf,Mr. Secody,White,Native
Ms. Jalloh,Mr. Gallegos,Black,Hispanic
Ms. Wolfe,Mr. Mccarthy,White,White
Mr. Secody,Mr. Salinas,Native,Hispanic
Mr. Blackhorse,Mr. Gallegos,Native,Hispanic
Ms. Ko,Ms. Boyle,Asian,White
Mr. Goldtooth,Mr. Ko,Native,Asian
Mr. Yeboah,Ms. Blankenship,Black,White
Ms. Straughter,Mr. Duffy,Black,White
Ms. Xiong,Mr. Lai,Asian,Asian
Ms. Ngo,Mr. Mondesir,Asian,Black
Ms. Zhang,Ms. Hwang,Asian,Asian
Ms. Nez,Mr. Hernandez,Native,Hispanic
Ms. Hurley,Mr. Cephas,White,Black
Mr. Ravenell,Mr. Begum,Black,Asian
Ms. Ko,Mr. Jiang,Asian,Asian
Mr. Standingrock,Ms. Cao,Native,Asian
Ms. Ayze,Ms. Frimpong,Native,Black
Mr. Beyale,Ms. Chung,Native,Asian
Mr. Foley,Mr. Maldonado,White,Hispanic
Ms. Luong,Mr. Macias,Asian,Hispanic
Mr. Garza,Ms. Whiteface,Hispanic,Native
Mr. Flynn,Ms. Ng,White,Asian
Mr. Vasquez,Mr. Vasquez,Hispanic,Hispanic
Ms. Desai,Mr. Melendez,Asian,Hispanic
Ms. Mensah,Mr. Thao,Black,Asian
Mr. Traore,Mr. Notafraid,Black,Native
Ms. Han,Ms. Salazar,Asian,Hispanic
Ms. Declay,Mr. Hyppolite,Native,Black
Mr. Pena,Ms. Padilla,Hispanic,Hispanic
Mr. Howe,Mr. Hurley,White,White
Ms. Liang,Ms. Cephas,Asian,Black
Ms. Prophete,Mr. Zhu,Black,Asian
Mr. Jeancharles,Ms. Sexton,Black,White
Mr. Metellus,Ms. Keyonnie,Black,Native
Mr. Christensen,Ms. Secatero,White,Native
Ms. Ramirez,Ms. Mora,Hispanic,Hispanic
Mr. Suarez,Ms. Yi,Hispanic,Asian
Mr. Vang,Ms. Contreras,Asian,Hispanic
Mr. Hosteen,Mr. Calderon,Native,Hispanic
Mr. Jeanbaptiste,Ms. Claw,Black,Native
Ms. Huber,Ms. Cao,White,Asian
Ms. Vazquez,Mr. Littlelight,Hispanic,Native
Ms. Hailu,Mr. Huber,Black,White
Ms. Vasquez,Ms. Hoang,Hispanic,Asian
Ms. Clitso,Mr. Bitsui,Native,Native
Ms. Goseyun,Mr. Yi,Native,Asian
Mr. Clah,Ms. Lopez,Native,Hispanic
Mr. Schroeder,Ms. Tsosie,White,Native
Ms. Yu,Mr. Berger,Asian,White
Ms. Walsh,Ms. Valenzuela,White,Hispanic
Ms. Dougherty,Mr. Kidane,White,Black
Ms. Begum,Ms. Vu,Asian,Asian
Ms. Luong,Ms. Macias,Asian,Hispanic
Ms. Weber,Ms. Mensah,White,Black
Mr. Mayweather,Mr. Larson,Black,White
Mr. Yellowman,Ms. Knapp,Native,White
Ms. Ndiaye,Mr. Mayer,Black,White
Mr. Fobbs,Mr. Choi,Black,Asian
Ms. Salazar,Ms. Goldtooth,Hispanic,Native
Ms. Metellus,Mr. Keyonnie,Black,Native
Ms. Vassell,Ms. Huang,Black,Asian
Ms. Cao,Mr. Arcoren,Asian,Native
Mr. Stfleur,Ms. Shen,Black,Asian
Mr. Salas,Ms. Notah,Hispanic,Native
Mr. Gutierrez,Mr. Warsame,Hispanic,Black
Ms. Gueye,Ms. Hartman,Black,White
Ms. Bui,Ms. Tang,Asian,Asian
Mr. Luong,Ms. Saintil,Asian,Black
Mr. Pena,Ms. Ravenell,Hispanic,Black
Mr. Sun,Ms. Secody,Asian,Native
Ms. Carlson,Mr. Opoku,White,Black
Ms. Duong,Mr. Lor,Asian,Asian
Ms. Berger,Mr. Bullbear,White,Native
Ms. Tsethlikai,Ms. Kameroff,Native,Native
Mr. Arcoren,Ms. Kanuho,Native,Native
Mr. Huber,Ms. Ahasteen,White,Native
Mr. Alvarado,Mr. Calabaza,Hispanic,Native
Mr. Flores,Ms. Weiss,Hispanic,White
Mr. Sharma,Mr. Bitsie,Asian,Native
Mr. Hwang,Mr. Keyonnie,Asian,Native
Ms. Tsinnijinnie,Ms. Louissaint,Native,Black
Ms. Fofana,Mr. Krueger,Black,White
Ms. Petersen,Mr. Munoz,White,Hispanic
Ms. Shaffer,Ms. Stark,White,White
Ms. Madplume,Ms. Ojo,Native,Black
Ms. Liang,Mr. Yoder,Asian,White
Mr. Notafraid,Ms. Nwosu,Native,Black
Mr. Pineda,Mr. Donovan,Hispanic,White
Mr. Ibarra,Mr. Wu,Hispanic,Asian
Mr. Jacobson,Mr. Vazquez,White,Hispanic
Ms. Chasinghawk,Mr. Henio,Native,Native
Ms. Ayala,Mr. Hoang,Hispanic,Asian
Mr. Gao,Mr. Petitfrere,Asian,Black
Mr. Talayumptewa,Mr. Yang,Native,Asian
Mr. Bartlett,Ms. Pena,White,Hispanic
Ms. Zimmerman,Ms. Benallie,White,Native
Mr. Torres,Ms. Robles,Hispanic,Hispanic
Mr. Hernandez,Ms. Yellowhair,Hispanic,Native
Mr. Mohamud,Mr. Hensley,Black,White
Mr. Calixte,Ms. Ethelbah,Black,Native
Ms. Jalloh,Mr. Leung,Black,Asian
Mr. Walkingeagle,Ms. Wauneka,Native,Native
Mr. Blankenship,Mr. Rios,White,Hispanic
Ms. Howe,Mr. Ibarra,White,Hispanic
Mr. Sanchez,Ms. Stout,Hispanic,White
Ms. Chau,Ms. Henio,Asian,Native
Ms. Leaks,Ms. Espinoza,Black,Hispanic
Mr. Mueller,Ms. Carlson,White,White
Ms. Rojas,Mr. Calderon,Hispanic,Hispanic
Mr. Yazzie,Mr. Valenzuela,Native,Hispanic
Mr. Hensley,Mr. Mayer,White,White
Mr. Jama,Mr. Olson,Black,White
Ms. Traore,Mr. Bekele,Black,Black
Ms. Sesay,Ms. Chen,Black,Asian
Ms. Twobulls,Ms. Jacobson,Native,White
Ms. Han,Mr. Cheng,Asian,Asian
Ms. Opoku,Mr. Moyer,Black,White
Mr. Exantus,Ms. Xu,Black,Asian
Ms. Perez,Ms. Hwang,Hispanic,Asian
Mr. Tang,Ms. Conrad,Asian,White
Ms. Gishie,Mr. Dinh,Native,Asian
Ms. Poorbear,Ms. Munoz,Native,Hispanic
Ms. Wu,Ms. Goseyun,Asian,Native
Mr. Smalls,Mr. Clah,Black,Native
Ms. Snyder,Ms. Olsen,White,White
Ms. Roth,Ms. Villarreal,White,Hispanic
Ms. Gutierrez,Ms. Hansen,Hispanic,White
Ms. Escobar,Mr. Meza,Hispanic,Hispanic
Ms. Nwosu,Mr. Pan,Black,Asian
Mr. Guzman,Ms. Sweeney,Hispanic,White
Mr. Saintil,Mr. Cheung,Black,Asian
Ms. Mayer,Mr. Vasquez,White,Hispanic
Ms. Becenti,Mr. Begay,Native,Native
Ms. Duffy,Ms. Zheng,White,Asian
Ms. Ngo,Ms. Gishie,Asian,Native
Ms. Calixte,Ms. Njoroge,Black,Black
Ms. Fofana,Mr. Desai,Black,Asian
Mr. Hwang,Mr. Gao,Asian,Asian
Ms. Diaz,Ms. Appiah,Hispanic,Black
Ms. Mwangi,Ms. Liu,Black,Asian
Ms. Zimmerman,Ms. Kidane,White,Black
Ms. Dayzie,Mr. Su,Native,Asian
Mr. Bitsui,Ms. Perez,Native,Hispanic
Mr. Lai,Mr. Juarez,Asian,Hispanic
Ms. Luu,Ms. Altaha,Asian,Native
Ms. Avila,Ms. Vue,Hispanic,Asian
Ms. Tadesse,Ms. Yi,Black,Asian
Mr. Colelay,Ms. Li,Native,Asian
Mr. Coaxum,Ms. Schneider,Black,White
Ms. Zimmerman,Mr. Su,White,Asian
Ms. Marquez,Mr. Adjei,Hispanic,Black
Ms. Meza,Ms. Molina,Hispanic,Hispanic
Mr. Sharma,Ms. Ng,Asian,Asian
Ms. Heavyrunner,Mr. Zamora,Native,Hispanic
Mr. Pham,Ms. Zhang,Asian,Asian
Mr. Wolf,Ms. Solis,White,Hispanic
Mr. Manuelito,Ms. Jeanjacques,Native,Black
Mr. Jain,Ms. Moreno,Asian,Hispanic
Mr. Tessay,Ms. Todacheenie,Native,Native
Mr. Talayumptewa,Mr. Vega,Native,Hispanic
Mr. Marquez,Mr. Velazquez,Hispanic,Hispanic
Ms. Guerrero,Mr. Obrien,Hispanic,White
Ms. Moua,Mr. Vazquez,Asian,Hispanic
Mr. Boykins,Mr. Espinoza,Black,Hispanic
Mr. Notah,Ms. Rasmussen,Native,White
Ms. Traore,Ms. Notafraid,Black,Native
Mr. Pierrelouis,Ms. Saintlouis,Black,Black
Ms. Ortega,Ms. Spottedhorse,Hispanic,Native
Mr. He,Mr. Boateng,Asian,Black
Ms. Zhou,Ms. Vu,Asian,Asian
Ms. Mora,Mr. Gallegos,Hispanic,Hispanic
Mr. Mccarthy,Mr. Ng,White,Asian
Mr. Ganadonegro,Ms. Kramer,Native,White
Mr. Morales,Ms. Hu,Hispanic,Asian
Mr. Ho,Ms. Ortiz,Asian,Hispanic
Mr. Manigault,Mr. Ngo,Black,Asian
Mr. Eriacho,Mr. Ravenell,Native,Black
Mr. Luong,Mr. Parsons,Asian,White
Mr. Solis,Mr. Tapaha,Hispanic,Native
Ms. Addo,Ms. Cephas,Black,Black
Ms. Ndiaye,Ms. Tapaha,Black,Native
Mr. Chung,Mr. Klein,Asian,White
Mr. Garza,Mr. Shaffer,Hispanic,White
Ms. Jensen,Mr. Belizaire,White,Black
Ms. Howe,Ms. Tsinnijinnie,White,Native
Ms. Clitso,Ms. Abebe,Native,Black
Mr. Rangel,Ms. Belizaire,Hispanic,Black
Mr. Boyle,Ms. Bitsuie,White,Native
Mr. Choi,Ms. Sweeney,Asian,White
Ms. Desir,Mr. Mondesir,Black,Black
Mr. Ng,Mr. Peshlakai,Asian,Native
Ms. Mccarthy,Ms. Kallestewa,White,Native
Ms. Twobulls,Mr. Macias,Native,Hispanic
Mr. Aguilar,Ms. Suarez,Hispanic,Hispanic
Mr. Liang,Mr. Cephas,Asian,Black
Ms. Huynh,Mr. Owen,Asian,White
Ms. Bekele,Mr. Trinh,Black,Asian
Ms. Mayweather,Ms. Mekonnen,Black,Black
Ms. Attakai,Ms. Chavez,Native,Hispanic
Ms. Chau,Ms. Vassell,Asian,Black
Ms. Song,Mr. Duong,Asian,Asian
Ms. Hsu,Ms. Conrad,Asian,White
Mr. Whiteface,Ms. Mehta,Native,Asian
Mr. Goldtooth,Ms. Mensah,Native,Black
Mr. Santana,Mr. Guerrero,Hispanic,Hispanic
Ms. Asare,Mr. Boykins,Black,Black
Ms. Sexton,Ms. Donovan,White,White
Ms. Crane,Ms. Blackhorse,White,Native
Mr. Frimpong,Mr. Notafraid,Black,Native
Mr. Wolfe,Ms. Mccarthy,White,White
Ms. Manigault,Ms. Kamara,Black,Black
Mr. Macias,Mr. Bedonie,Hispanic,Native
Ms. Roanhorse,Ms. Bitsilly,Native,Native
Ms. Manuelito,Mr. Hu,Native,Asian
Mr. Nez,Ms. Bitsui,Native,Native
Mr. Dao,Mr. Mendez,Asian,Hispanic
Ms. Littlewhiteman,Mr. Beyene,Native,Black
Ms. Maldonado,Ms. Sandoval,Hispanic,Hispanic
Ms. Oneill,Ms. Grandberry,White,Black
Mr. Velez,Mr. Vasquez,Hispanic,Hispanic
Mr. Tapaha,Mr. Begay,Native,Native
Ms. Njoroge,Ms. Gutierrez,Black,Hispanic
Mr. Chowdhury,Mr. Bui,Asian,Asian
Mr. Chasinghawk,Ms. Jensen,Native,White
Ms. Oh,Ms. Diallo,Asian,Black
Ms. Gupta,Mr. Zuniga,Asian,Hispanic
Ms. Tessay,Mr. Johnston,Native,White
Mr. Dao,Ms. Apachito,Asian,Native
Ms. Solis,Ms. Su,Hispanic,Asian
Ms. Diop,Mr. Huber,Black,White
Ms. Flynn,Mr. Traore,White,Black
Mr. Trevino,Mr. Bekele,Hispanic,Black
Mr. Boyle,Ms. Chu,White,Asian
Mr. Cisse,Mr. Sexton,Black,White
Mr. Tsethlikai,Mr. Stfleur,Native,Black
Ms. Birdinground,Mr. Sharma,Native,Asian
Ms. Shaffer,Mr. Cervantes,White,Hispanic
Mr. Sow,Mr. Krueger,Black,White
Ms. Cline,Ms. Lesane,White,Black
Ms. Gishie,Ms. Jeanpierre,Native,Black
Ms. Stfleur,Mr. Beyene,Black,Black
Mr. Balogun,Ms. Brandt,Black,White
Ms. Jalloh,Ms. Gallegos,Black,Hispanic
Mr. Begaye,Ms. Trevino,Native,Hispanic
Ms. Lara,Mr. Chasinghawk,Hispanic,Native
Ms. Lozano,Mr. Yohannes,Hispanic,Black
Mr. Jeancharles,Ms. Rodriguez,Black,Hispanic
Mr. Smallcanyon,Mr. Oneill,Native,White
Ms. Talayumptewa,Mr. Altaha,Native,Native
Ms. Smallcanyon,Ms. Chiu,Native,Asian
Ms. Truong,Mr. Tabaha,Asian,Native
Mr. Han,Ms. Salazar,Asian,Hispanic
Mr. Padilla,Ms. Her,Hispanic,Asian
Mr. Addo,Ms. Hu,Black,Asian
Ms. Hernandez,Mr. Yellowhair,Hispanic,Native
Ms. Olanna,Ms. Perez,Native,Hispanic
Mr. Crane,Mr. Blackhorse,White,Native
Mr. Bigcrow,Ms. Vargas,Native,Hispanic
Mr. Madplume,Ms. Ojo,Native,Black
Mr. Ojo,Ms. Tam,Black,Asian
Mr. Ethelbah,Ms. Dominguez,Native,Hispanic
Ms. Jeanpierre,Mr. Crane,Black,White
Ms. Bedonie,Ms. Wassillie,Native,Native
Ms. Belizaire,Ms. Saintil,Black,Black
Mr. Warsame,Ms. Gallagher,Black,White
Mr. Solis,Mr. Su,Hispanic,Asian
Mr. Boateng,Mr. Apachito,Black,Native
Ms. Birdinground,Ms. Bitsie,Native,Native
Mr. Moua,Ms. Tabaha,Asian,Native
Ms. Jeanjacques,Ms. Jensen,Black,White
Mr. Ayala,Ms. Stark,Hispanic,White
Mr. Vargas,Ms. Contreras,Hispanic,Hispanic
Mr. Jeanlouis,Mr. Serrano,Black,Hispanic
Mr. Delgarito,Mr. Huffman,Native,White
Mr. Littledog,Mr. Leung,Native,Asian
Mr. Delgarito,Ms. Moua,Native,Asian
Mr. Ramirez,Mr. Mora,Hispanic,Hispanic
Mr. Dayzie,Mr. Padilla,Native,Hispanic
Mr. Garza,Ms. Nwosu,Hispanic,Black
Ms. Hoffman,Mr. Stfleur,White,Black
Mr. Apachito,Ms. Dinh,Native,Asian
Mr. Olson,Ms. Wigfall,White,Black
Ms. Orozco,Ms. Keyonnie,Hispanic,Native
Ms. Shah,Mr. Cline,Asian,White
Mr. Osei,Ms. Guerrero,Black,Hispanic
Mr. Kebede,Mr. Ko,Black,Asian
Mr. Luu,Mr. Zamora,Asian,Hispanic
Ms. Keller,Ms. Orozco,White,Hispanic
Mr. Ayala,Ms. Beyene,Hispanic,Black
Ms. Bangura,Ms. Villarreal,Black,Hispanic
Mr. Tang,Mr. Juarez,Asian,Hispanic
Mr. Walsh,Mr. Yan,White,Asian
Ms. Hensley,Ms. Diop,White,Black
Ms. Vasquez,Ms. Diallo,Hispanic,Black
Mr. Beyene,Mr. Dorvil,Black,Black
Mr. Ochoa,Mr. Vasquez,Hispanic,Hispanic
Mr. Vargas,Ms. Yoo,Hispanic,Asian
Mr. Njoroge,Mr. Brennan,Black,White
Ms. Jalloh,Ms. Tessay,Black,Native
Mr. Haskie,Mr. Tam,Native,Asian
Mr. He,Ms. Avila,Asian,Hispanic
Ms. Li,Mr. Guzman,Asian,Hispanic
Ms. Petersen,Mr. Luong,White,Asian
Ms. Reilly,Mr. Hailu,White,Black
Mr. Mora,Ms. Gallegos,Hispanic,Hispanic
Ms. Tapaha,Ms. Berger,Native,White
Mr. Yohannes,Ms. Christensen,Black,White
Ms. Diallo,Mr. Dong,Black,Asian
Ms. Ndiaye,Ms. Ravenell,Black,Black
Mr. Todacheene,Mr. Donovan,Native,White
Mr. Sexton,Mr. Whiteface,White,Native
Ms. Straughter,Mr. Tsosie,Black,Native
Mr. Clitso,Ms. Abebe,Native,Black
Mr. Hurley,Mr. Castillo,White,Hispanic
Mr. Madplume,Ms. Kramer,Native,White
Ms. Mondesir,Mr. Rosales,Black,Hispanic
Ms. Walsh,Mr. Ojo,White,Black
Mr. Ruiz,Mr. Keller,Hispanic,White
Mr. Wagner,Ms. Jeanlouis,White,Black
Ms. Bienaime,Ms. Louissaint,Black,Black
Ms. Hoffman,Mr. Talayumptewa,White,Native
Ms. Abebe,Mr. Krueger,Black,White
Mr. Flores,Mr. Pierrelouis,Hispanic,Black
Mr. Kanuho,Mr. Huffman,Native,White
Ms. Hwang,Mr. Meza,Asian,Hispanic
Mr. Mcmahon,Ms. Jama,White,Black
Ms. Peshlakai,Mr. Espinoza,Native,Hispanic
Ms. Cheung,Mr. Johnston,Asian,White
Mr. Castaneda,Ms. Sun,Hispanic,Asian
Ms. Velazquez,Mr. Gueye,Hispanic,Black
Mr. Ahasteen,Ms. Boateng,Native,Black
Mr. Ravenell,Mr. Rojas,Black,Hispanic
Ms. Yang,Ms. Aguirre,Asian,Hispanic
Ms. Brandt,Ms. Bartlett,White,White
Ms. Nunez,Mr. Fry,Hispanic,White
Mr. Wigfall,Ms. Ochoa,Black,Hispanic
Mr. Perez,Mr. Brennan,Hispanic,White
Ms. Runningcrane,Ms. Friedman,Native,White
Mr. Vang,Mr. Luong,Asian,Asian
Mr. Etcitty,Mr. Exantus,Native,Black
Mr. Jeancharles,Ms. Tsinnijinnie,Black,Native
Mr. Velazquez,Ms. Fischer,Hispanic,White
Ms. Salinas,Mr. Swanson,Hispanic,White
Ms. Schmidt,Ms. Fry,White,White
Mr. Rodriguez,Ms. Lu,Hispanic,Asian
Ms. Vo,Mr. Fischer,Asian,White
Mr. Vue,Ms. Okafor,Asian,Black
Ms. Oh,Ms. Orozco,Asian,Hispanic
Mr. Schaefer,Mr. Han,White,Asian
Ms. Kebede,Mr. Friedman,Black,White
Ms. Espinoza,Ms. Zheng,Hispanic,Asian
Ms. Hebert,Ms. Yoon,White,Asian
Mr. Rivas,Ms. Martinez,Hispanic,Hispanic
Ms. Nwosu,Ms. Ryan,Black,White
Mr. Lor,Ms. Yellowman,Asian,Native
Ms. Foley,Ms. Tsinnie,White,Native
Ms. Luu,Mr. Altaha,Asian,Native
Ms. Obrien,Mr. Yepa,White,Native
Mr. Abebe,Ms. Tsethlikai,Black,Native
Mr. Gupta,Mr. Lai,Asian,Asian
Mr. Roth,Ms. Villarreal,White,Hispanic
Ms. Tang,Mr. Kallestewa,Asian,Native
Mr. Mcmahon,Ms. Vu,White,Asian
Ms. Ethelbah,Mr. Patel,Native,Asian
Mr. Wigfall,Ms. Werito,Black,Native
Mr. Dayzie,Mr. Traore,Native,Black
Ms. Gallagher,Ms. Delgarito,White,Native
Ms. Xiong,Mr. Peck,Asian,White
Ms. Secatero,Mr. Notafraid,Native,Native
Ms. Chinana,Mr. Toure,Native,Black
Ms. Brandt,Ms. Nunez,White,Hispanic
Mr. Schwartz,Ms. Schaefer,White,White
Mr. Vasquez,Ms. Schroeder,Hispanic,White
Ms. Toure,Ms. Parsons,Black,White
Ms. Kim,Mr. Vasquez,Asian,Hispanic
Ms. Abebe,Ms. Tsethlikai,Black,Native
Ms. Munoz,Ms. Rios,Hispanic,Hispanic
Mr. Do,Ms. Luong,Asian,Asian
Ms. Jeanbaptiste,Mr. Claw,Black,Native
Ms. Ramirez,Mr. Trinh,Hispanic,Asian
Mr. Nguyen,Mr. Ganadonegro,Asian,Native
Ms. Hansen,Ms. Ndiaye,White,Black
Ms. Saintil,Ms. Lopez,Black,Hispanic
Mr. Yu,Ms. Shah,Asian,Asian
Ms. Boateng,Mr. Fluellen,Black,Black
Mr. Chery,Mr. Chasinghawk,Black,Native
Ms. Ochoa,Mr. Schultz,Hispanic,White
Ms. Chiu,Ms. Warsame,Asian,Black
Mr. Littlelight,Mr. Fischer,Native,White
Ms. Avila,Ms. Leaks,Hispanic,Black
Ms. Larsen,Ms. Tang,White,Asian
Ms. Moreno,Ms. Juarez,Hispanic,Hispanic
Mr. Hahn,Ms. Campos,White,Hispanic
Ms. Nez,Ms. Bitsui,Native,Native
Mr. Manigault,Mr. Christensen,Black,White
Ms. Vasquez,Ms. Spottedeagle,Hispanic,Native
Mr. Mcmahon,Mr. Jama,White,Black
Ms. Leaks,Mr. Traore,Black,Black
Ms. Kebede,Mr. Abdullahi,Black,Black
Ms. Kebede,Ms. Friedman,Black,White
Ms. Kang,Mr. Vasquez,Asian,Hispanic
Ms. Lasiloo,Ms. Zhao,Native,Asian
Ms. Adjei,Ms. Bitsui,Black,Native
Ms. Whitehat,Ms. Espinoza,Native,Hispanic
Mr. Obrien,Mr. Yepa,White,Native
Mr. Nez,Mr. Bitsui,Native,Native
Ms. Shaffer,Mr. Owusu,White,Black
Ms. Chinana,Mr. Shije,Native,Native
Mr. Atcitty,Mr. Desir,Native,Black
Mr. Padilla,Mr. Parsons,Hispanic,White
Mr. Pena,Ms. Tessay,Hispanic,Native
Mr. Bedonie,Mr. Toure,Native,Black
Ms. Jeanbaptiste,Ms. Gadson,Black,Black
Mr. Fobbs,Mr. Mondesir,Black,Black
Ms. Vang,Ms. Luong,Asian,Asian
Ms. Mendez,Ms. Friedman,Hispanic,White
Ms. Ibarra,Ms. Tabaha,Hispanic,Native
Mr. Smallcanyon,Ms. Clitso,Native,Native
Ms. Cosay,Mr. Castaneda,Native,Hispanic
Ms. Martinez,Ms. Guzman,Hispanic,Hispanic
Ms. Rangel,Ms. Pham,Hispanic,Asian
Ms. Manuelito,Ms. Jeanjacques,Native,Black
Ms. Mayweather,Mr. Goldtooth,Black,Native
Ms. Madplume,Ms. Zhu,Native,Asian
Mr. Lozano,Mr. Yohannes,Hispanic,Black
Mr. Kameroff,Ms. Ochoa,Native,Hispanic
Mr. Odonnell,Mr. Becker,White,White
Mr. Valenzuela,Ms. Crane,Hispanic,White
Mr. Jeanfrancois,Ms. Guerrero,Black,Hispanic
Ms. Rivera,Mr. Saintlouis,Hispanic,Black
Mr. Vu,Mr. Tsethlikai,Asian,Native
Mr. Mensah,Ms. Gallegos,Black,Hispanic
Mr. Medina,Ms. Castaneda,Hispanic,Hispanic
Mr. Berg,Ms. Brandt,White,White
Mr. Suarez,Ms. Boykins,Hispanic,Black
Ms. Sun,Ms. Stout,Asian,White
Ms. Dao,Mr. Calixte,Asian,Black
Mr. Spottedhorse,Mr. Bah,Native,Black
Mr. Spottedeagle,Mr. Arcoren,Native,Native
Ms. Ryan,Ms. Carlson,White,White
Mr. Hosteen,Ms. Cho,Native,Asian
Mr. Ndiaye,Ms. Ravenell,Black,Black
Ms. Velasquez,Ms. Krueger,Hispanic,White
Ms. Velez,Mr. Vasquez,Hispanic,Hispanic
Ms. Howe,Mr. Ndiaye,White,Black
Mr. Laughing,Mr. Lara,Native,Hispanic
Ms. Beck,Ms. Zhu,White,Asian
Ms. Zhu,Ms. Meyer,Asian,White
Mr. Fischer,Ms. Manuelito,White,Native
Ms. Do,Mr. Metellus,Asian,Black
Ms. Jacobson,Mr. Gishie,White,Native
Ms. Standingrock,Ms. Cao,Native,Asian
Mr. Zimmerman,Ms. Berg,White,White
Ms. Veasley,Mr. Figueroa,Black,Hispanic
Ms. Secody,Mr. Fischer,Native,White
Mr. Boykins,Ms. Koch,Black,White
Mr. Manuelito,Mr. Jeanjacques,Native,Black
Mr. Olson,Ms. Weiss,White,White
Ms. Straughter,Mr. Lawal,Black,Black
Ms. Luu,Ms. Weiss,Asian,White
Ms. Shah,Mr. Lasiloo,Asian,Native
Ms. Fofana,Mr. Notafraid,Black,Native
Mr. Notafraid,Mr. Luu,Native,Asian
Ms. Yu,Ms. Madplume,Asian,Native
Ms. Alvarado,Ms. Velez,Hispanic,Hispanic
Ms. Hoover,Mr. Velasquez,White,Hispanic
Ms. Desir,Mr. Nielsen,Black,White
Mr. Beck,Mr. Mejia,White,Hispanic
Mr. Nguyen,Ms. Abdullahi,Asian,Black
Ms. Calixte,Ms. Padilla,Black,Hispanic
Mr. Lesane,Mr. Bullbear,Black,Native
Mr. Clah,Mr. Sow,Native,Black
Mr. Jeanfrancois,Ms. Littlewhiteman,Black,Native
Mr. Yohannes,Ms. Desai,Black,Asian
Ms. Vargas,Mr. Contreras,Hispanic,Hispanic
Mr. Berg,Mr. Maldonado,White,Hispanic
Ms. Donovan,Ms. Littlewhiteman,White,Native
Ms. Stark,Ms. Mohamud,White,Black
Mr. Dosela,Mr. Kang,Native,Asian
Ms. Straughter,Mr. Moua,Black,Asian
Mr. Keams,Mr. Pineda,Native,Hispanic
Mr. Duffy,Ms. Keita,White,Black
Ms. Tam,Ms. Henio,Asian,Native
Ms. Hailu,Ms. Tadesse,Black,Black
Ms. Sanchez,Mr. Stout,Hispanic,White
Mr. Huber,Ms. Jeancharles,White,Black
Mr. Tan,Mr. Whitehat,Asian,Native
Ms. Koch,Ms. Larsen,White,White
Ms. Desir,Mr. Gutierrez,Black,Hispanic
Mr. Stark,Mr. Mohamud,White,Black
Ms. Becenti,Ms. Lor,Native,Asian
Ms. Garza,Mr. Rangel,Hispanic,Hispanic
Mr. Cervantes,Ms. Weber,Hispanic,White
Ms. Kebede,Mr. Ko,Black,Asian
Mr. Brennan,Ms. Moyer,White,White
Mr. Littlelight,Mr. Chery,Native,Black
Ms. Weber,Ms. Pena,White,Hispanic
Ms. Keller,Ms. Becker,White,White
Ms. Smalls,Mr. Clah,Black,Native
Ms. Shen,Ms. Guo,Asian,Asian
Mr. Moua,Mr. Chowdhury,Asian,Asian
Ms. Dosela,Mr. Etcitty,Native,Native
Mr. Etsitty,Ms. Jeanfrancois,Native,Black
Ms. Calderon,Mr. Larsen,Hispanic,White
Mr. Cervantes,Mr. Laughing,Hispanic,Native
Ms. Liu,Mr. Hebert,Asian,White
Mr. Cephas,Mr. Yoo,Black,Asian
Mr. He,Ms. Secody,Asian,Native
Ms. Morales,Ms. Zamora,Hispanic,Hispanic
Ms. Kameroff,Ms. Luu,Native,Asian
Mr. Weiss,Mr. Nwosu,White,Black
Ms. Secody,Ms. Mensah,Native,Black
Mr. Walsh,Ms. Valenzuela,White,Hispanic
Ms. Straughter,Ms. Moua,Black,Asian
Ms. Morse,Mr. Chen,White,Asian
Ms. Petersen,Ms. Begay,White,Native
Ms. Cowboy,Mr. Bullbear,Native,Native
Mr. Mueller,Mr. Garcia,White,Hispanic
Ms. Thai,Mr. Gutierrez,Asian,Hispanic
Ms. Cheung,Ms. Chu,Asian,Asian
Ms. Padilla,Mr. Her,Hispanic,Asian
Ms. Leung,Ms. Wauneka,Asian,Native
Mr. Beyene,Ms. Schroeder,Black,White
Ms. Desir,Ms. Gutierrez,Black,Hispanic
Mr. Tadesse,Mr. Apachito,Black,Native
Mr. Peshlakai,Ms. Espinoza,Native,Hispanic
Mr. Howe,Mr. Ndiaye,White,Black
Ms. Etcitty,Mr. Salazar,Native,Hispanic
Mr. Gonzalez,Ms. Nez,Hispanic,Native
Mr. Saintlouis,Mr. Christensen,Black,White
Mr. Shije,Mr. Atcitty,Native,Native
Mr. Henio,Ms. Yang,Native,Asian
Ms. Whitehat,Ms. Olson,Native,White
Ms. Berg,Mr. Yepa,White,Native
Ms. Okoro,Ms. Weiss,Black,White
Ms. Poorbear,Ms. Gao,Native,Asian
Mr. Stfleur,Ms. Zuniga,Black,Hispanic
Mr. Begaye,Ms. Mekonnen,Native,Black
Mr. Macdonald,Ms. Benallie,White,Native
Mr. Patel,Mr. Tsinnie,Asian,Native
Mr. Pineda,Ms. Shen,Hispanic,Asian
Mr. Salas,Mr. Weber,Hispanic,White
Mr. Wauneka,Mr. Ryan,Native,White
Ms. Hensley,Mr. Mayer,White,White
Ms. Tsinnijinnie,Ms. Song,Native,Asian
Mr. Etsitty,Ms. Secody,Native,Native
Ms. Juarez,Ms. Cayaditto,Hispanic,Native
Ms. Beck,Mr. Gadson,White,Black
Ms. Rivas,Ms. Lasiloo,Hispanic,Native
Mr. Macias,Ms. Wolfe,Hispanic,White
Mr. Njoroge,Mr. Yazzie,Black,Native
Ms. Clitso,Mr. Trinh,Native,Asian
Mr. Obrien,Mr. Chiu,White,Asian
Mr. Grandberry,Mr. Lo,Black,Asian
Ms. Bullbear,Mr. Keams,Native,Native
Mr. Leung,Ms. Ko,Asian,Asian
Ms. Delgarito,Ms. Etcitty,Native,Native
Mr. Schultz,Ms. Nez,White,Native
Ms. Chen,Mr. Medina,Asian,Hispanic
Mr. Littlewhiteman,Mr. Ma,Native,Asian
Ms. Njoroge,Ms. Brennan,Black,White
Ms. Zamora,Mr. Ho,Hispanic,Asian
Ms. Kline,Mr. Mcmahon,White,White
Mr. Chowdhury,Ms. Brennan,Asian,White
Mr. Edouard,Ms. Arcoren,Black,Native
Ms. Whiteface,Ms. Larson,Native,White
Mr. Cho,Ms. Yoder,Asian,White
Mr. Oh,Mr. Henio,Asian,Native
Mr. Schroeder,Ms. Han,White,Asian
Ms. Kamara,Mr. Jeanbaptiste,Black,Black
Ms. Diop,Ms. Vang,Black,Asian
Ms. Vang,Ms. Fobbs,Asian,Black
Mr. Espinoza,Mr. Spottedhorse,Hispanic,Native
Mr. Ndiaye,Ms. Dong,Black,Asian
Ms. Xu,Mr. Yellowman,Asian,Native
Mr. Zhu,Mr. Zamora,Asian,Hispanic
Mr. Blueeyes,Mr. Apachito,Native,Native
Mr. Patel,Mr. Zhou,Asian,Asian
Ms. Song,Mr. Njoroge,Asian,Black
Mr. Peck,Ms. Bitsie,White,Native
Ms. Toure,Mr. Dosela,Black,Native
Mr. Benallie,Ms. Rangel,Native,Hispanic
Ms. Werito,Mr. Cosay,Native,Native
Mr. Wolf,Mr. Weiss,White,White
Mr. Chau,Ms. Kramer,Asian,White
Mr. Vang,Mr. Sweeney,Asian,White
Mr. Ethelbah,Mr. Shije,Native,Native
Ms. Macdonald,Ms. Shin,White,Asian
Ms. Salazar,Ms. Reilly,Hispanic,White
Ms. Sandoval,Mr. Alvarez,Hispanic,Hispanic
Mr. Saintil,Mr. Ojo,Black,Black
Ms. Hess,Mr. Morse,White,White
Mr. Dorvil,Ms. Walkingeagle,Black,Native
Mr. Dong,Ms. Jeanfrancois,Asian,Black
Mr. Sun,Mr. Stout,Asian,White
Ms. Macias,Mr. Choi,Hispanic,Asian
Ms. Kaur,Mr. Huber,Asian,White
Ms. Vargas,Mr. Brennan,Hispanic,White
Ms. Guzman,Ms. Bah,Hispanic,Black
Mr. Crane,Mr. Berg,White,White
Mr. Tesfaye,Mr. Tang,Black,Asian
Mr. Lopez,Mr. Owusu,Hispanic,Black
Mr. Roanhorse,Mr. Balogun,Native,Black
Ms. Zamora,Ms. Ho,Hispanic,Asian
Ms. Lawal,Ms. Keita,Black,Black
Ms. Fofana,Ms. Molina,Black,Hispanic
Ms. Birdinground,Mr. Pineda,Native,Hispanic
Ms. Garcia,Mr. Hanson,Hispanic,White
Mr. Castaneda,Ms. Rios,Hispanic,Hispanic
Mr. Swanson,Mr. Ng,White,Asian
Mr. Nguyen,Ms. Munoz,Asian,Hispanic
Mr. Do,Ms. Chasinghawk,Asian,Native
Ms. Ruiz,Mr. Meza,Hispanic,Hispanic
Ms. Tapaha,Mr. Soto,Native,Hispanic
Mr. Spottedeagle,Ms. Cho,Native,Asian
Mr. Ly,Ms. Kameroff,Asian,Native
Ms. Guo,Mr. Yi,Asian,Asian
Mr. Schroeder,Ms. Hahn,White,White
Ms. Oh,Mr. Xiong,Asian,Asian
Ms. Meyer,Ms. Tsinnie,White,Native
Mr. Kwon,Mr. Sharma,Asian,Asian
Mr. Weber,Mr. Mensah,White,Black
Ms. Hurley,Mr. Chinana,White,Native
Mr. Haskie,Ms. Ibarra,Native,Hispanic
Ms. Lesane,Mr. Chery,Black,Black
Ms. Boykins,Mr. Attakai,Black,Native
Mr. Hartman,Mr. Manigault,White,Black
Mr. Soto,Ms. Brennan,Hispanic,White
Ms. Hoffman,Ms. Stfleur,White,Black
Mr. Martinez,Ms. Hoang,Hispanic,Asian
Ms. Todacheenie,Mr. Hansen,Native,White
Mr. Chau,Ms. Wu,Asian,Asian
Mr. Lawal,Ms. Keita,Black,Black
Ms. Castaneda,Ms. Sun,Hispanic,Asian
Mr. Case,Ms. Desai,White,Asian
Mr. Hailu,Ms. Huber,Black,White
Mr. Melendez,Mr. Ethelbah,Hispanic,Native
Mr. Olanna,Ms. Tessay,Native,Native
Mr. Poorbear,Mr. Schroeder,Native,White
Mr. Atcitty,Ms. Vargas,Native,Hispanic
Ms. Kim,Mr. Clah,Asian,Native
Mr. Berg,Ms. Maldonado,White,Hispanic
Ms. Cephas,Ms. Ojo,Black,Black
Ms. Yellowhair,Mr. Tan,Native,Asian
Ms. Case,Ms. Desai,White,Asian
Ms. Zhang,Mr. Whitehat,Asian,Native
Ms. Avila,Ms. Obrien,Hispanic,White
Ms. Ryan,Ms. Her,White,Asian
Ms. Whiteplume,Ms. Stark,Native,White
Ms. Zhu,Mr. Cosay,Asian,Native
Mr. Snyder,Mr. Duong,White,Asian
Mr. Calixte,Ms. Njoroge,Black,Black
Mr. Campos,Mr. Flynn,Hispanic,White
Mr. Saintil,Mr. Lopez,Black,Hispanic
Mr. Traore,Mr. Chung,Black,Asian
Ms. Werito,Mr. Ko,Native,Asian
Ms. Littlelight,Ms. Kim,Native,Asian
Mr. Mora,Mr. Berger,Hispanic,White
Mr. Erickson,Ms. Eriacho,White,Native
Mr. Gueye,Mr. Calixte,Black,Black
Ms. Ryan,Ms. Madplume,White,Native
Ms. Li,Mr. Ly,Asian,Asian
Mr. Beck,Ms. Gadson,White,Black
Mr. Tsethlikai,Ms. Schneider,Native,White
Ms. Beyene,Mr. Benallie,Black,Native
Mr. Melendez,Ms. Bekele,Hispanic,Black
Ms. Calderon,Mr. Torres,Hispanic,Hispanic
Ms. Macias,Ms. Wolfe,Hispanic,White
Ms. Wagner,Ms. Jeanlouis,White,Black
Ms. Cabrera,Mr. Le,Hispanic,Asian
Ms. Weiss,Ms. Martinez,White,Hispanic
Mr. Duffy,Ms. Cardenas,White,Hispanic
Mr. Ravenell,Mr. Cowboy,Black,Native
Ms. Flynn,Ms. Walsh,White,White
Ms. Saintil,Ms. Ojo,Black,Black
Mr. Ortega,Mr. Gutierrez,Hispanic,Hispanic
Mr. Colelay,Mr. Li,Native,Asian
Mr. Cephas,Mr. Ojo,Black,Black
Ms. Luu,Mr. Hwang,Asian,Asian
Mr. Tran,Ms. Kaur,Asian,Asian
Ms. Pan,Mr. Coaxum,Asian,Black
Mr. Molina,Ms. Yi,Hispanic,Asian
Mr. Desir,Mr. Mondesir,Black,Black
Mr. Tsinnijinnie,Mr. Song,Native,Asian
Ms. Song,Ms. Njoroge,Asian,Black
Mr. Reilly,Ms. Moreno,White,Hispanic
Mr. Lin,Mr. Keams,Asian,Native
Mr. Hebert,Mr. Manygoats,White,Native
Ms. Nwosu,Mr. Cephas,Black,Black
Ms. Declay,Ms. Calabaza,Native,Native
Ms. Blueeyes,Mr. Maldonado,Native,Hispanic
Mr. Huffman,Ms. Zimmerman,White,White
Mr. Cayaditto,Mr. Zheng,Native,Asian
Ms. Xu,Ms. Filsaime,Asian,Black
Mr. Louissaint,Mr. Jacobson,Black,White
Ms. Weber,Mr. Pena,White,Hispanic
Mr. Benally,Ms. Herman,Native,White
Mr. Snyder,Mr. Olsen,White,White
Mr. Choi,Mr. Asante,Asian,Black
Mr. Frimpong,Ms. Hurley,Black,White
Mr. Tsinnijinnie,Ms. Song,Native,Asian
Ms. Bedonie,Ms. Johnston,Native,White
Ms. Larsen,Mr. Conrad,White,White
Mr. Tran,Mr. Vassell,Asian,Black
Mr. Flynn,Ms. Traore,White,Black
Ms. Flores,Mr. Tan,Hispanic,Asian
Mr. Duong,Mr. Lor,Asian,Asian
Mr. Hurley,Ms. Chinana,White,Native
Mr. Brandt,Ms. Nunez,White,Hispanic
Ms. Kidane,Mr. Shen,Black,Asian
Ms. Lopez,Mr. Chavez,Hispanic,Hispanic
Ms. Arcoren,Mr. Kanuho,Native,Native
Mr. Herman,Ms. Arcoren,White,Native
Ms. Petitfrere,Ms. Orozco,Black,Hispanic
Mr. Ulysse,Mr. Runningcrane,Black,Native
Mr. Chasinghawk,Mr. Jensen,Native,White
Mr. Guo,Ms. Huber,Asian,White
Mr. Avila,Mr. Hernandez,Hispanic,Hispanic
Ms. Cephas,Ms. Foley,Black,White
Mr. Bitsui,Mr. Weber,Native,White
Ms. Goldtooth,Ms. Mensah,Native,Black
Ms. Begaye,Ms. Stout,Native,White
Ms. Marquez,Ms. Ganadonegro,Hispanic,Native
Ms. Dang,Mr. Hsu,Asian,Asian
Mr. Beyale,Mr. Conrad,Native,White
Mr. Serrano,Mr. Kidane,Hispanic,Black
Ms. Mejia,Ms. Tsosie,Hispanic,Native
Ms. Schmidt,Ms. Duong,White,Asian
Ms. Weber,Ms. Roanhorse,White,Native
Mr. Truong,Mr. Luu,Asian,Asian
Ms. Castillo,Ms. Peck,Hispanic,White
Ms. Desta,Mr. Petersen,Black,White
Ms. Peck,Ms. Zhu,White,Asian
Mr. Valenzuela,Ms. Petitfrere,Hispanic,Black
Ms. Santana,Mr. Addo,Hispanic,Black
Ms. Weiss,Mr. Yoder,White,White
Mr. Crane,Mr. Campos,White,Hispanic
Mr. Snyder,Ms. Asante,White,Black
Ms. Fofana,Mr. Addo,Black,Black
Ms. Alvarado,Mr. Mekonnen,Hispanic,Black
Mr. Schneider,Mr. He,White,Asian
Mr. Su,Ms. Spottedhorse,Asian,Native
Ms. Twobulls,Ms. Han,Native,Asian
Ms. Mejia,Ms. Louissaint,Hispanic,Black
Ms. Apachito,Mr. Wauneka,Native,Native
Mr. Lesane,Ms. Shaffer,Black,White
Ms. Li,Ms. Altaha,Asian,Native
Ms. Tan,Mr. Whitehat,Asian,Native
Mr. Cheung,Mr. Abebe,Asian,Black
Mr. Conteh,Mr. Zhu,Black,Asian
Mr. Clah,Ms. Littlewhiteman,Native,Native
Ms. Jeanfrancois,Mr. Zhou,Black,Asian
Ms. Beyene,Mr. Schroeder,Black,White
Ms. Sweeney,Mr. Yan,White,Asian
Mr. Metellus,Mr. Diop,Black,Black
Ms. Littlewhiteman,Ms. Bedonie,Native,Native
Ms. Sweeney,Ms. Moyer,White,White
Mr. Tsosie,Ms. Oconnor,Native,White
Ms. Peshlakai,Mr. Bauer,Native,White
Mr. Clah,Ms. Owen,Native,White
Mr. Mejia,Ms. Tsosie,Hispanic,Native
Ms. Russo,Mr. Walsh,White,White
Mr. Hoang,Ms. Beyene,Asian,Black
Mr. Ahasteen,Mr. Keams,Native,Native
Mr. Aguirre,Ms. Gutierrez,Hispanic,Hispanic
Ms. Desir,Mr. Haskie,Black,Native
Mr. Hosteen,Ms. Calderon,Native,Hispanic
Ms. Arias,Mr. Larson,Hispanic,White
Mr. Werito,Ms. Ruiz,Native,Hispanic
Mr. Stark,Ms. Zheng,White,Asian
Mr. Estrada,Mr. Bah,Hispanic,Black
Ms. Han,Mr. Donovan,Asian,White
Mr. Hardnett,Mr. Cardenas,Black,Hispanic
Ms. Bui,Ms. Ayze,Asian,Native
Mr. Trinh,Ms. Gueye,Asian,Black
Ms. Stark,Mr. Krueger,White,White
Mr. Velez,Ms. Ryan,Hispanic,White
Ms. Jacobson,Ms. Carlson,White,White
Mr. Cao,Mr. Gallagher,Asian,White
Mr. Alvarez,Ms. Cisse,Hispanic,Black
Ms. Sow,Mr. Gonzalez,Black,Hispanic
Ms. Shije,Ms. Tan,Native,Asian
Mr. Mccarthy,Ms. Kallestewa,White,Native
Mr. Mendez,Ms. Robles,Hispanic,Hispanic
Mr. Kameroff,Ms. Becenti,Native,Native
Mr. Petersen,Ms. Mwangi,White,Black
Ms. Garza,Ms. Luu,Hispanic,Asian
Ms. Krueger,Mr. Shin,White,Asian
Ms. Martinez,Ms. Desta,Hispanic,Black
Mr. Diallo,Ms. Dong,Black,Asian
Ms. Flores,Ms. Weiss,Hispanic,White
Ms. Todacheenie,Mr. Mayweather,Native,Black
Ms. Yi,Mr. Zheng,Asian,Asian
Mr. Attakai,Ms. Abebe,Native,Black
Ms. Juarez,Mr. Zimmerman,Hispanic,White
Ms. Flynn,Mr. Walsh,White,White
Ms. Bauer,Mr. Cowboy,White,Native
Ms. Spottedhorse,Mr. Han,Native,Asian
Ms. Fischer,Ms. Jeanfrancois,White,Black
Ms. Tsosie,Ms. Kamara,Native,Black
Ms. Dong,Mr. Bitsie,Asian,Native
Ms. Jalloh,Mr. Coaxum,Black,Black
Mr. Yi,Ms. Ibarra,Asian,Hispanic
Mr. Case,Mr. Delgarito,White,Native
Mr. Peshlakai,Mr. Espinoza,Native,Hispanic
Ms. Jeanpierre,Mr. Mehta,Black,Asian
Ms. Koch,Mr. Han,White,Asian
Mr. Velasquez,Mr. Haskie,Hispanic,Native
Ms. Atcitty,Mr. Kang,Native,Asian
Ms. Reilly,Mr. Tran,White,Asian
Mr. Zhao,Ms. Becker,Asian,White
Ms. Ortiz,Ms. Cho,Hispanic,Asian
Mr. Vazquez,Ms. Littlelight,Hispanic,Native
Ms. Ma,Mr. Duffy,Asian,White
Ms. Yang,Ms. Hess,Asian,White
Mr. Yoon,Ms. He,Asian,Asian
Ms. Castillo,Ms. Chinana,Hispanic,Native
Ms. Belizaire,Ms. Phan,Black,Asian
Mr. Dinh,Ms. Su,Asian,Asian
Mr. Hoang,Mr. Yan,Asian,Asian
Mr. Soto,Ms. He,Hispanic,Asian
Mr. Zhang,Mr. Opoku,Asian,Black
Ms. Kwon,Mr. Cervantes,Asian,Hispanic
Ms. Aguilar,Mr. Ryan,Hispanic,White
Ms. Haskie,Ms. Asare,Native,Black
Mr. Mwangi,Mr. Abebe,Black,Black
Mr. Bitsilly,Ms. Dinh,Native,Asian
Mr. Diaz,Ms. Wang,Hispanic,Asian
Mr. Henio,Ms. Espinoza,Native,Hispanic
Mr. Petitfrere,Mr. Orozco,Black,Hispanic
Ms. Tsinnijinnie,Ms. Mcmahon,Native,White
Ms. Keams,Ms. Guo,Native,Asian
Ms. Ulysse,Ms. Fofana,Black,Black
Mr. Pan,Mr. Cabrera,Asian,Hispanic
Mr. Chinana,Ms. Pena,Native,Hispanic
Mr. Fluellen,Mr. Shaffer,Black,White
Mr. Fofana,Ms. Molina,Black,Hispanic
Ms. Zhou,Ms. Guzman,Asian,Hispanic
Mr. Shah,Ms. Chiu,Asian,Asian
Mr. Lara,Mr. Robles,Hispanic,Hispanic
Mr. Begaye,Ms. Gao,Native,Asian
Ms. Schneider,Mr. Schwartz,White,White
Mr. Boyle,Mr. Ramirez,White,Hispanic
Mr. Cayaditto,Ms. Zheng,Native,Asian
Mr. Song,Ms. Njoroge,Asian,Black
Ms. Liu,Ms. Altaha,Asian,Native
Mr. Mora,Mr. Gallegos,Hispanic,Hispanic
Ms. Lu,Mr. Mondesir,Asian,Black
Ms. Fuentes,Ms. Klein,Hispanic,White
Ms. Kramer,Mr. Weber,White,White
Ms. Haskie,Mr. Ibarra,Native,Hispanic
Mr. Spottedeagle,Ms. Arcoren,Native,Native
Ms. Ganadonegro,Ms. Huynh,Native,Asian
Mr. Koroma,Ms. Louissaint,Black,Black
Mr. Ho,Ms. Nwosu,Asian,Black
Ms. Chery,Mr. Flynn,Black,White
Ms. Etcitty,Ms. Schwartz,Native,White
Mr. Alvarado,Mr. Mekonnen,Hispanic,Black
Mr. Hsu,Mr. Conrad,Asian,White
Ms. Zheng,Mr. Klein,Asian,White
Ms. Juarez,Mr. Garcia,Hispanic,Hispanic
Mr. Notah,Ms. Rios,Native,Hispanic
Ms. Ramirez,Mr. Secody,Hispanic,Native
Mr. Chery,Mr. Do,Black,Asian
Mr. Tabaha,Ms. Kidane,Native,Black
Mr. Ajayi,Ms. Secody,Black,Native
Mr. Wolfe,Ms. Tang,White,Asian
Ms. Dominguez,Mr. Vargas,Hispanic,Hispanic
Ms. Atcitty,Ms. Howe,Native,White
Ms. Whitehat,Mr. Espinoza,Native,Hispanic
Ms. Le,Mr. Phan,Asian,Asian
Ms. Becenti,Ms. Begay,Native,Native
Mr. Zhou,Ms. Parsons,Asian,White
Ms. Smallcanyon,Ms. Oneill,Native,White
Mr. Weiss,Ms. Oh,White,Asian
Ms. Medina,Ms. Castaneda,Hispanic,Hispanic
Ms. Bangura,Ms. Bui,Black,Asian
Mr. Jain,Mr. Mccarthy,Asian,White
Ms. Song,Ms. Secody,Asian,Native
Mr. Robles,Ms. Chasinghawk,Hispanic,Native
Ms. Jeanbaptiste,Ms. Sexton,Black,White
Ms. Castaneda,Ms. Becker,Hispanic,White
Mr. Fuentes,Mr. Bah,Hispanic,Black
Mr. Manuelito,Ms. Gutierrez,Native,Hispanic
Ms. Tesfaye,Mr. Yellowhair,Black,Native
Mr. Bartlett,Mr. Pena,White,Hispanic
Mr. Okeke,Mr. Cowboy,Black,Native
Mr. Guerrero,Mr. Cowboy,Hispanic,Native
Mr. Mekonnen,Mr. Benally,Black,Native
Mr. Mahoney,Mr. Robles,White,Hispanic
Mr. Mahoney,Ms. Robles,White,Hispanic
Mr. Bauer,Mr. Galvan,White,Hispanic
Ms. Keller,Mr. Atcitty,White,Native
Mr. Gishie,Ms. Chasinghawk,Native,Native
Ms. Becker,Mr. Jain,White,Asian
Ms. Wauneka,Ms. Ryan,Native,White
Ms. Bitsie,Ms. Ryan,Native,White
Mr. Dong,Mr. Obrien,Asian,White
Mr. Lozano,Mr. Roth,Hispanic,White
Mr. Hailu,Mr. Ngo,Black,Asian
Mr. Truong,Ms. Macias,Asian,Hispanic
Ms. Martinez,Mr. Mahoney,Hispanic,White
Mr. Salinas,Mr. Eriacho,Hispanic,Native
Ms. Choi,Ms. Asante,Asian,Black
Ms. Zhu,Ms. Trinh,Asian,Asian
Ms. Decker,Mr. Leaks,White,Black
Mr. Whiteface,Mr. Gomez,Native,Hispanic
Mr. Chasinghawk,Ms. Henio,Native,Native
Mr. Dong,Ms. Cheung,Asian,Asian
Mr. Spottedhorse,Mr. Perez,Native,Hispanic
Mr. Gallegos,Mr. Obrien,Hispanic,White
Ms. Liu,Ms. Hebert,Asian,White
Ms. Yi,Mr. Ibarra,Asian,Hispanic
Ms. Decker,Mr. Rojas,White,Hispanic
Mr. Foley,Ms. Maldonado,White,Hispanic
Ms. Thao,Mr. Olsen,Asian,White
Ms. Appiah,Ms. Desir,Black,Black
Ms. Dang,Ms. Hsu,Asian,Asian
Mr. Vue,Mr. Okafor,Asian,Black
Mr. Phan,Mr. Zhu,Asian,Asian
Ms. Bitsuie,Mr. Poorbear,Native,Native
Mr. Olanna,Mr. Hurley,Native,White
Ms. Filsaime,Mr. Stein,Black,White
Ms. Blueeyes,Ms. Apachito,Native,Native
Mr. Lo,Ms. Hernandez,Asian,Hispanic
Ms. Alvarez,Mr. Ruiz,Hispanic,Hispanic
Ms. Guzman,Ms. Lara,Hispanic,Hispanic
Mr. Choi,Mr. Chiu,Asian,Asian
Mr. Tam,Mr. Liu,Asian,Asian
Mr. Dinh,Mr. Su,Asian,Asian
Mr. Valenzuela,Ms. Jiang,Hispanic,Asian
Mr. Ibarra,Ms. Wu,Hispanic,Asian
Mr. Declay,Ms. Brennan,Native,White
Mr. Adjei,Ms. Donovan,Black,White
Mr. Chery,Ms. Yohannes,Black,Black
Ms. Sharma,Mr. Hess,Asian,White
Mr. Hoang,Ms. Yan,Asian,Asian
Mr. Gutierrez,Ms. Hansen,Hispanic,White
Ms. Nez,Ms. Nielsen,Native,White
Mr. Hailu,Ms. Notah,Black,Native
Ms. Hu,Ms. Atcitty,Asian,Native
Ms. Mora,Ms. Liu,Hispanic,Asian
Ms. Trinh,Ms. Yellowhair,Asian,Native
Mr. Foley,Mr. Stout,White,White
Mr. Cheung,Mr. Johnston,Asian,White
Mr. Olson,Ms. Whitehat,White,Native
Ms. Traore,Mr. Fuentes,Black,Hispanic
Mr. Arias,Ms. Larson,Hispanic,White
Mr. Mejia,Ms. Truong,Hispanic,Asian
Mr. Smalls,Ms. Stein,Black,White
Mr. Ganadonegro,Mr. Velazquez,Native,Hispanic
Ms. Gupta,Ms. Diallo,Asian,Black
Mr. Mensah,Mr. Gallegos,Black,Hispanic
Mr. Stein,Ms. Ryan,White,White
Mr. Ko,Ms. Fobbs,Asian,Black
Mr. Secatero,Mr. Kang,Native,Asian
Mr. Desta,Ms. Petersen,Black,White
Ms. Ayze,Ms. Olanna,Native,Native
Mr. Koroma,Mr. Louissaint,Black,Black
Mr. Adjei,Mr. Guzman,Black,Hispanic
Ms. Ganadonegro,Mr. Kramer,Native,White
Ms. Clah,Mr. Sow,Native,Black
Mr. Aguirre,Mr. Olson,Hispanic,White
Mr. Beyale,Ms. Conrad,Native,White
Ms. Xu,Ms. Yang,Asian,Asian
Ms. Calixte,Ms. Ethelbah,Black,Native
Mr. Walsh,Ms. Littlelight,White,Native
Ms. Berg,Mr. Phan,White,Asian
Ms. Wauneka,Ms. Bitsilly,Native,Native
Ms. Rosales,Mr. Leaks,Hispanic,Black
Mr. Bekele,Ms. Trinh,Black,Asian
Ms. Blueeyes,Mr. Apachito,Native,Native
Mr. Wigfall,Mr. Swanson,Black,White
Ms. Jain,Ms. Runningcrane,Asian,Native
Mr. Mekonnen,Ms. Yoo,Black,Asian
Mr. Hardnett,Ms. Conteh,Black,Black
Ms. Donovan,Mr. Littlewhiteman,White,Native
Mr. Jacobson,Ms. Zheng,White,Asian
Ms. Campos,Mr. Sharma,Hispanic,Asian
Mr. Mueller,Mr. Carlson,White,White
Ms. Hansen,Mr. Dayzie,White,Native
Mr. Tan,Ms. Calderon,Asian,Hispanic
Mr. Bah,Mr. Howe,Black,White
Ms. Odonnell,Mr. Blueeyes,White,Native
Mr. Vassell,Mr. Ryan,Black,White
Mr. Huffman,Mr. Dong,White,Asian
Mr. Shen,Mr. Robles,Asian,Hispanic
Mr. Meza,Mr. Begum,Hispanic,Asian
Ms. Pierrelouis,Ms. Saintlouis,Black,Black
Ms. Ryan,Mr. Carlson,White,White
Mr. Rios,Ms. Dorvil,Hispanic,Black
Ms. Littledog,Ms. Salazar,Native,Hispanic
Ms. Truong,Mr. Lawal,Asian,Black
Ms. Whitehat,Ms. Bienaime,Native,Black
Mr. Kwon,Ms. Cervantes,Asian,Hispanic
Ms. Schneider,Mr. Alvarez,White,Hispanic
Mr. Koch,Mr. Salinas,White,Hispanic
Mr. Figueroa,Ms. Padilla,Hispanic,Hispanic
Mr. Lu,Mr. Schaefer,Asian,White
Mr. Calabaza,Mr. Yoo,Native,Asian
Ms. Jeanfrancois,Ms. Littlewhiteman,Black,Native
Ms. Spottedeagle,Ms. Petitfrere,Native,Black
Mr. Sun,Mr. Dorvil,Asian,Black
Ms. Conteh,Ms. Tapaha,Black,Native
Ms. Moua,Ms. Yohannes,Asian,Black
Ms. Morse,Ms. Fischer,White,White
Mr. Owen,Mr. Escobar,White,Hispanic
Ms. Opoku,Mr. Okafor,Black,Black
Mr. Keita,Mr. Talayumptewa,Black,Native
Mr. Kramer,Mr. Figueroa,White,Hispanic
Ms. Sexton,Mr. Villarreal,White,Hispanic
Mr. Shije,Ms. Larson,Native,White
Mr. Fofana,Mr. Krueger,Black,White
Mr. Schneider,Ms. Alvarez,White,Hispanic
Mr. Huynh,Mr. Owen,Asian,White
Mr. Laughing,Ms. Oconnor,Native,White
Ms. Rios,Ms. Tabaha,Hispanic,Native
Ms. Galvan,Ms. Becenti,Hispanic,Native
Mr. Ortiz,Mr. Tsinnie,Hispanic,Native
Ms. Boyle,Mr. Prophete,White,Black
Ms. Schwartz,Ms. Tsethlikai,White,Native
Ms. Etcitty,Ms. Hwang,Native,Asian
Mr. Choi,Mr. Cayaditto,Asian,Native
Ms. Zhou,Mr. Vu,Asian,Asian
Ms. Yan,Mr. Lor,Asian,Asian
Mr. Coaxum,Mr. Todacheene,Black,Native
Mr. Le,Ms. Ajayi,Asian,Black
Mr. Cline,Mr. Meza,White,Hispanic
Ms. Xiong,Mr. Hailu,Asian,Black
Mr. Bigcrow,Mr. Declay,Native,Native
Ms. Phan,Ms. Saintlouis,Asian,Black
Ms. Knapp,Ms. Dominguez,White,Hispanic
Ms. Yeboah,Mr. Toure,Black,Black
Ms. Dao,Mr. Apachito,Asian,Native
Mr. Cheng,Ms. Velez,Asian,Hispanic
Mr. Fofana,Ms. Addo,Black,Black
Ms. Velez,Mr. Oh,Hispanic,Asian
Mr. Tesfaye,Ms. Mueller,Black,White
Mr. Jeanpierre,Mr. Crane,Black,White
Ms. Keyonnie,Ms. Manygoats,Native,Native
Mr. Manygoats,Mr. Walkingeagle,Native,Native
Ms. Werito,Ms. Ruiz,Native,Hispanic
Mr. Alvarado,Mr. Velez,Hispanic,Hispanic
Mr. Ho,Mr. Nwosu,Asian,Black
Ms. Yellowhair,Ms. Vargas,Native,Hispanic
Mr. Tam,Mr. Wolf,Asian,White
Mr. Chau,Ms. Henio,Asian,Native
Ms. Veasley,Mr. Do,Black,Asian
Mr. Molina,Mr. Espinoza,Hispanic,Hispanic
Mr. Bigcrow,Ms. Declay,Native,Native
Ms. Rangel,Ms. Koch,Hispanic,White
Mr. Kaur,Ms. Secody,Asian,Native
Ms. Hartman,Mr. Alvarez,White,Hispanic
Mr. Fobbs,Mr. Velasquez,Black,Hispanic
Mr. Talayumptewa,Ms. Vega,Native,Hispanic
Mr. Kanuho,Mr. Chavez,Native,Hispanic
Ms. Mayer,Mr. Leaks,White,Black
Ms. Melendez,Ms. Ethelbah,Hispanic,Native
Mr. Bitsilly,Ms. Odonnell,Native,White
Mr. Odonnell,Mr. Lesane,White,Black
Mr. Eriacho,Ms. Ravenell,Native,Black
Ms. Zimmerman,Ms. Su,White,Asian
Ms. Henio,Mr. Yeboah,Native,Black
Ms. Blankenship,Ms. Atcitty,White,Native
Mr. Jensen,Ms. Belizaire,White,Black
Mr. Lai,Mr. Smallcanyon,Asian,Native
Mr. Goseyun,Mr. Snyder,Native,White
Ms. Declay,Ms. Castillo,Native,Hispanic
Ms. Shen,Mr. Asante,Asian,Black
Ms. Standingrock,Mr. Arcoren,Native,Native
Mr. Hosteen,Ms. Stein,Native,White
Mr. Stout,Mr. Avila,White,Hispanic
Ms. Ravenell,Mr. Prioleau,Black,Black
Ms. Ho,Mr. Ortiz,Asian,Hispanic
Ms. Lopez,Ms. Zhou,Hispanic,Asian
Mr. Cosay,Ms. Sharma,Native,Asian
Ms. Jama,Mr. Castillo,Black,Hispanic
Ms. Gadson,Ms. Ngo,Black,Asian
Ms. Dao,Ms. Apachito,Asian,Native
Mr. Prophete,Mr. Pierrelouis,Black,Black
Ms. Rivas,Ms. Martinez,Hispanic,Hispanic
Ms. Zhou,Mr. Guzman,Asian,Hispanic
Mr. Bartlett,Mr. Flynn,White,White
Mr. Johnston,Mr. Sandoval,White,Hispanic
Ms. Wu,Mr. Prophete,Asian,Black
Mr. Yoon,Mr. He,Asian,Asian
Mr. Jeanlouis,Ms. Cheung,Black,Asian
Ms. Pham,Mr. Bangura,Asian,Black
Mr. Chu,Ms. Boykins,Asian,Black
Mr. Cho,Ms. Phan,Asian,Asian
Ms. Todacheene,Mr. Bui,Native,Asian
Ms. Bitsuie,Mr. Boyle,Native,White
Ms. Thai,Ms. Huber,Asian,White
Ms. Wassillie,Mr. Manigault,Native,Black
Mr. Desta,Ms. Chinana,Black,Native
Ms. Dang,Ms. Eriacho,Asian,Native
Ms. Vassell,Ms. Velazquez,Black,Hispanic
Ms. Decker,Mr. Weiss,White,White
Mr. Yellowman,Mr. Petitfrere,Native,Black
Ms. Vega,Ms. Gupta,Hispanic,Asian
Ms. Hansen,Mr. Yoo,White,Asian
Mr. Mora,Mr. Desta,Hispanic,Black
Ms. Claw,Mr. Castillo,Native,Hispanic
Mr. Asante,Mr. Knapp,Black,White
Ms. Duong,Mr. Espinoza,Asian,Hispanic
Mr. Zhu,Ms. Meyer,Asian,White
Mr. Bitsilly,Ms. Bienaime,Native,Black
Ms. Castillo,Ms. Ngo,Hispanic,Asian
Mr. Duong,Ms. Benally,Asian,Native
Ms. Sexton,Mr. Whiteface,White,Native
Ms. Carlson,Ms. Opoku,White,Black
Ms. Becker,Mr. Christensen,White,White
Ms. Keams,Ms. Ahasteen,Native,Native
Mr. Madplume,Mr. Kramer,Native,White
Ms. Robles,Mr. Moyer,Hispanic,White
Mr. Luu,Mr. Hardnett,Asian,Black
Mr. Vang,Ms. Fobbs,Asian,Black
Ms. Bedonie,Ms. Yoon,Native,Asian
Mr. Sesay,Ms. Sow,Black,Black
Ms. Ng,Ms. Hu,Asian,Asian
Ms. Schneider,Mr. Prioleau,White,Black
Ms. Bauer,Mr. Sesay,White,Black
Ms. Mccarthy,Mr. Ng,White,Asian
Ms. Trevino,Ms. Conrad,Hispanic,White
Ms. Weiss,Ms. Oh,White,Asian
Ms. Spottedeagle,Ms. Gallegos,Native,Hispanic
Mr. Cao,Mr. Arcoren,Asian,Native
Mr. Suarez,Mr. Marquez,Hispanic,Hispanic
Mr. Gutierrez,Ms. Tam,Hispanic,Asian
Ms. Su,Mr. Kim,Asian,Asian
Ms. Manygoats,Ms. Jensen,Native,White
Ms. Hebert,Mr. Yoon,White,Asian
Ms. Garza,Mr. Nwosu,Hispanic,Black
Ms. Fuentes,Mr. Garcia,Hispanic,Hispanic
Ms. Jain,Mr. Coaxum,Asian,Black
Mr. Parsons,Ms. Choi,White,Asian
Ms. Beyale,Ms. Colelay,Native,Native
Ms. Colelay,Mr. Ryan,Native,White
Ms. Vang,Ms. Clah,Asian,Native
Mr. Schmidt,Ms. Fry,White,White
Mr. Jeanfrancois,Mr. Zhou,Black,Asian
Ms. Wolf,Mr. Le,White,Asian
Ms. Morse,Mr. Jalloh,White,Black
Mr. Villarreal,Mr. Manygoats,Hispanic,Native
Mr. Secatero,Mr. Notafraid,Native,Native
Ms. Walsh,Ms. Odonnell,White,White
Mr. Diallo,Ms. Moyer,Black,White
Mr. Zuniga,Mr. Kidane,Hispanic,Black
Ms. Christensen,Mr. Cline,White,White
Ms. Jain,Mr. Lor,Asian,Asian
Mr. Adjei,Ms. Mwangi,Black,Black
Mr. Velez,Ms. Gueye,Hispanic,Black
Ms. Mwangi,Mr. Liu,Black,Asian
Mr. Mendez,Mr. Friedman,Hispanic,White
Ms. Gallegos,Ms. Ganadonegro,Hispanic,Native
Ms. Guo,Ms. Figueroa,Asian,Hispanic
Mr. Carlson,Ms. Birdinground,White,Native
Ms. Goldtooth,Mr. Ahasteen,Native,Native
Mr. Howe,Ms. Ibarra,White,Hispanic
Mr. Avila,Ms. Vue,Hispanic,Asian
Ms. Rojas,Mr. Whiteplume,Hispanic,Native
Ms. Ryan,Mr. Her,White,Asian
Ms. Coaxum,Ms. Todacheene,Black,Native
Mr. Jeanfrancois,Mr. Gadson,Black,Black
Ms. Kim,Mr. Kamara,Asian,Black
Mr. Kim,Mr. Clah,Asian,Native
Ms. Trinh,Ms. Oh,Asian,Asian
Ms. Begaye,Mr. Stout,Native,White
Mr. Fuentes,Mr. He,Hispanic,Asian
Ms. Dong,Mr. Jeanfrancois,Asian,Black
Ms. Chowdhury,Mr. Brennan,Asian,White
Mr. Dosela,Ms. Ibarra,Native,Hispanic
Ms. Ryan,Ms. Abdullahi,White,Black
Ms. Boateng,Mr. Salas,Black,Hispanic
Mr. Knapp,Ms. Kebede,White,Black
Mr. Campos,Ms. Olanna,Hispanic,Native
Mr. Lasiloo,Ms. Todacheenie,Native,Native
Mr. Schmidt,Ms. Garza,White,Hispanic
Ms. Berger,Mr. Boykins,White,Black
Mr. Cardenas,Ms. Smallcanyon,Hispanic,Native
Mr. Molina,Ms. Manigault,Hispanic,Black
Mr. Straughter,Mr. Tsosie,Black,Native
Ms. Kameroff,Mr. Becenti,Native,Native
Ms. Hsu,Mr. Pham,Asian,Asian
Mr. Shen,Mr. Nielsen,Asian,White
Mr. Erickson,Mr. Hebert,White,White
Ms. Bitsilly,Mr. Bienaime,Native,Black
Ms. Tabaha,Mr. Russo,Native,White
Ms. Rojas,Mr. Rasmussen,Hispanic,White
Mr. Twobulls,Mr. Manigault,Native,Black
Ms. Bedonie,Mr. Wassillie,Native,Native
Ms. Tessay,Mr. Todacheenie,Native,Native
Ms. Dang,Ms. Warsame,Asian,Black
Mr. Yepa,Mr. Schultz,Native,White
Mr. Lin,Ms. Boateng,Asian,Black
Ms. Barrera,Mr. Blackgoat,Hispanic,Native
Ms. Ganadonegro,Mr. Balogun,Native,Black
Mr. Shen,Ms. Asante,Asian,Black
Ms. Velasquez,Ms. Chavez,Hispanic,Hispanic
Ms. Zhou,Ms. Parsons,Asian,White
Mr. Fobbs,Ms. Tabaha,Black,Native
Ms. Carrillo,Mr. Wauneka,Hispanic,Native
Mr. Schultz,Mr. Velez,White,Hispanic
Mr. Ravenell,Mr. Prioleau,Black,Black
Ms. Blackgoat,Ms. Ko,Native,Asian
Ms. Reilly,Ms. Tran,White,Asian
Mr. Wagner,Ms. Mahoney,White,White
Mr. Duffy,Mr. Schultz,White,White
Ms. Hahn,Ms. Peshlakai,White,Native
Mr. Koch,Mr. Han,White,Asian
Mr. Sanchez,Mr. Stout,Hispanic,White
Mr. Thao,Mr. Olsen,Asian,White
Ms. Whiteface,Mr. Larson,Native,White
Ms. Hwang,Ms. Schwartz,Asian,White
Ms. Castillo,Mr. Chinana,Hispanic,Native
Ms. Blackhorse,Ms. Littlewhiteman,Native,Native
Mr. Brennan,Mr. Lopez,White,Hispanic
Ms. Cheng,Ms. Frimpong,Asian,Black
Ms. Bitsilly,Mr. Cowboy,Native,Native
Ms. Klein,Mr. Macdonald,White,White
Mr. Cheng,Mr. Frimpong,Asian,Black
Mr. Whiteface,Mr. Fobbs,Native,Black
Mr. Hsu,Mr. Santana,Asian,Hispanic
Ms. Cheng,Mr. Frimpong,Asian,Black
Ms. Ko,Ms. Notafraid,Asian,Native
Mr. Mohamud,Mr. Beyale,Black,Native
Mr. Ruiz,Ms. Keller,Hispanic,White
Mr. Weiss,Ms. Martinez,White,Hispanic
Ms. Boykins,Mr. Koch,Black,White
Mr. Yan,Ms. Gallegos,Asian,Hispanic
Mr. Guerrero,Mr. Obrien,Hispanic,White
Ms. Ochoa,Mr. Hyppolite,Hispanic,Black
Mr. Arcoren,Mr. Kanuho,Native,Native
Ms. Hoover,Ms. Velasquez,White,Hispanic
Mr. Notah,Ms. Opoku,Native,Black
Ms. Tsinnie,Ms. Rivas,Native,Hispanic
Ms. Roanhorse,Mr. Vazquez,Native,Hispanic
Mr. Chiu,Mr. Trevino,Asian,Hispanic
Mr. Walsh,Mr. Odonnell,White,White
Ms. Patel,Ms. Wolf,Asian,White
Mr. Luong,Mr. Clah,Asian,Native
Mr. Bitsuie,Mr. Boyle,Native,White
Mr. Mejia,Ms. Louissaint,Hispanic,Black
Mr. Wolfe,Ms. Belizaire,White,Black
Mr. Snyder,Mr. Meza,White,Hispanic
Ms. Rios,Ms. Valenzuela,Hispanic,Hispanic
Mr. Laughing,Mr. Mayweather,Native,Black
Mr. Arcoren,Mr. Oh,Native,Asian
Ms. Berhane,Ms. Cosay,Black,Native
Mr. Valenzuela,Mr. Littledog,Hispanic,Native
Mr. Prioleau,Mr. Ayala,Black,Hispanic
Ms. Wassillie,Ms. Standingrock,Native,Native
Mr. Moyer,Ms. Moreno,White,Hispanic
Ms. Melendez,Ms. Solis,Hispanic,Hispanic
Ms. Stfleur,Mr. Zuniga,Black,Hispanic
Mr. Bitsuie,Mr. Kwon,Native,Asian
Ms. Begum,Mr. Beyale,Asian,Native
Mr. Birdinground,Mr. Donovan,Native,White
Mr. Bah,Ms. Howe,Black,White
Ms. Espinoza,Ms. Owusu,Hispanic,Black
Mr. Song,Mr. Duong,Asian,Asian
Ms. Cayaditto,Ms. Etcitty,Native,Native
Mr. Cephas,Mr. Carrillo,Black,Hispanic
Mr. Pena,Ms. Hensley,Hispanic,White
Mr. Poorbear,Mr. Munoz,Native,Hispanic
Ms. Notafraid,Mr. Nwosu,Native,Black
Mr. Yazzie,Ms. Hanson,Native,White
Ms. Hsu,Mr. Yohannes,Asian,Black
Mr. Bui,Ms. Cisse,Asian,Black
Mr. Salinas,Ms. Eriacho,Hispanic,Native
Ms. Addo,Mr. Goseyun,Black,Native
Ms. Fuentes,Mr. Bah,Hispanic,Black
Mr. Knapp,Ms. Dominguez,White,Hispanic
Mr. Peshlakai,Mr. Jeanpierre,Native,Black
Mr. Zuniga,Mr. Begaye,Hispanic,Native
Mr. Mendez,Mr. Shen,Hispanic,Asian
Ms. Hwang,Ms. Meza,Asian,Hispanic
Mr. Yoo,Ms. Manigault,Asian,Black
Mr. Traore,Mr. Bekele,Black,Black
Ms. Berg,Ms. Brandt,White,White
Mr. Olanna,Mr. Perez,Native,Hispanic
Mr. Madplume,Mr. Ojo,Native,Black
Ms. Clitso,Ms. Larson,Native,White
Mr. Wolfe,Ms. Runningcrane,White,Native
Mr. Dinh,Ms. Prioleau,Asian,Black
Mr. Huynh,Mr. Chiu,Asian,Asian
Ms. Tapaha,Mr. Metellus,Native,Black
Mr. Whiteplume,Ms. Edouard,Native,Black
Ms. Ramirez,Ms. Dorvil,Hispanic,Black
Mr. Benally,Mr. Rivera,Native,Hispanic
Mr. Keams,Ms. Ahasteen,Native,Native
Ms. Marquez,Mr. Luong,Hispanic,Asian
Mr. Hansen,Mr. Nunez,White,Hispanic
Ms. Brandt,Mr. Bartlett,White,White
Mr. Zhao,Ms. Bitsuie,Asian,Native
Ms. Ruiz,Mr. Keller,Hispanic,White
Mr. Rosales,Mr. Clitso,Hispanic,Native
Ms. Nielsen,Ms. Zuniga,White,Hispanic
Ms. Littlewhiteman,Ms. Calderon,Native,Hispanic
Mr. Garcia,Mr. Dayzie,Hispanic,Native
Ms. Eriacho,Ms. Ravenell,Native,Black
Mr. Fluellen,Ms. Valenzuela,Black,Hispanic
Ms. Sun,Mr. Dorvil,Asian,Black
Ms. Swanson,Mr. Schwartz,White,White
Mr. Dinh,Mr. Whiteplume,Asian,Native
Mr. Gueye,Ms. Bitsilly,Black,Native
Ms. Huang,Ms. Laughing,Asian,Native
Mr. Vargas,Mr. Yoo,Hispanic,Asian
Ms. Duffy,Ms. Cardenas,White,Hispanic
Mr. Dang,Mr. Warsame,Asian,Black
Mr. Kebede,Ms. Abdullahi,Black,Black
Mr. Goldtooth,Ms. Ibarra,Native,Hispanic
Ms. Stark,Ms. Blueeyes,White,Native
Ms. Cho,Mr. Trevino,Asian,Hispanic
Mr. Snyder,Mr. Asante,White,Black
Ms. Edouard,Ms. Saintlouis,Black,Black
Mr. Ibarra,Mr. Mondesir,Hispanic,Black
Mr. Ngo,Mr. Hahn,Asian,White
Mr. Oh,Ms. Orozco,Asian,Hispanic
Mr. Gutierrez,Mr. Yepa,Hispanic,Native
Ms. Luu,Ms. Hardnett,Asian,Black
Mr. Talayumptewa,Mr. Altaha,Native,Native
Ms. Mondesir,Ms. Chasinghawk,Black,Native
Ms. Todacheenie,Mr. Oh,Native,Asian
Mr. Kamara,Mr. Serrano,Black,Hispanic
Mr. Ojo,Mr. Oneill,Black,White
Ms. Walkingeagle,Ms. Mayweather,Native,Black
Ms. Hosteen,Ms. Roanhorse,Native,Native
Ms. Chinana,Mr. Oconnor,Native,White
Ms. Schroeder,Ms. Hahn,White,White
Ms. Cephas,Mr. Ojo,Black,Black
Mr. Xiong,Ms. Peck,Asian,White
Mr. Tsinnijinnie,Ms. Louissaint,Native,Black
Ms. Kameroff,Ms. Hailu,Native,Black
Mr. Begaye,Ms. Stout,Native,White
Mr. Secody,Ms. Mensah,Native,Black
Mr. Littlewhiteman,Mr. Beyene,Native,Black
Ms. Brennan,Mr. Lai,White,Asian
Ms. Schultz,Ms. Yoo,White,Asian
Mr. Mekonnen,Ms. Appiah,Black,Black
Mr. Kramer,Ms. Her,White,Asian
Ms. Jensen,Ms. Benally,White,Native
Ms. Peshlakai,Mr. Wauneka,Native,Native
Ms. Carrillo,Mr. Castillo,Hispanic,Hispanic
Ms. Salazar,Mr. Reilly,Hispanic,White
Mr. Kanuho,Mr. Twobulls,Native,Native
Ms. Abdullahi,Ms. Castaneda,Black,Hispanic
Ms. Shen,Mr. Robles,Asian,Hispanic
Mr. Zamora,Ms. Ho,Hispanic,Asian
Mr. Figueroa,Mr. Padilla,Hispanic,Hispanic
Ms. Mayweather,Ms. Alvarez,Black,Hispanic
Mr. Guzman,Ms. Lara,Hispanic,Hispanic
Mr. Dominguez,Mr. Bedonie,Hispanic,Native
Ms. Do,Mr. Luong,Asian,Asian
Ms. Aguirre,Mr. Goseyun,Hispanic,Native
Ms. Do,Ms. Huffman,Asian,White
Ms. Peshlakai,Ms. Wauneka,Native,Native
Ms. Etsitty,Mr. Castaneda,Native,Hispanic
Mr. Yoo,Mr. Atcitty,Asian,Native
Ms. Chavez,Ms. Herman,Hispanic,White
Ms. Odonnell,Mr. Figueroa,White,Hispanic
Mr. Lim,Mr. Wauneka,Asian,Native
Mr. Escobar,Mr. Meza,Hispanic,Hispanic
Mr. Werito,Mr. Schroeder,Native,White
Mr. Jiang,Mr. Hu,Asian,Asian
Ms. Smalls,Ms. Do,Black,Asian
Mr. Colelay,Ms. Dominguez,Native,Hispanic
Mr. Calderon,Mr. Spottedhorse,Hispanic,Native
Ms. Osei,Mr. Gallagher,Black,White
Mr. Calabaza,Mr. Velez,Native,Hispanic
Mr. Rojas,Mr. Rasmussen,Hispanic,White
Ms. Exantus,Ms. Solis,Black,Hispanic
Ms. Mehta,Ms. Hwang,Asian,Asian
Ms. Secatero,Ms. Velazquez,Native,Hispanic
Mr. Dao,Ms. Phan,Asian,Asian
Mr. Mejia,Ms. Trevino,Hispanic,Hispanic
Ms. Gutierrez,Mr. Martinez,Hispanic,Hispanic
Ms. Belizaire,Ms. Etsitty,Black,Native
Mr. Serrano,Mr. Figueroa,Hispanic,Hispanic
Mr. Poorbear,Mr. Gao,Native,Asian
Ms. Leung,Ms. Ko,Asian,Asian
Ms. Rangel,Ms. Carrillo,Hispanic,Hispanic
Mr. Njoroge,Ms. Gutierrez,Black,Hispanic
Mr. Ruiz,Ms. Lu,Hispanic,Asian
Mr. Aguirre,Mr. Goseyun,Hispanic,Native
Ms. Choi,Ms. Rios,Asian,Hispanic
Mr. Pan,Ms. Tang,Asian,Asian
Ms. Dougherty,Mr. Kallestewa,White,Native
Mr. Vargas,Mr. Bullbear,Hispanic,Native
Mr. Ryan,Mr. Her,White,Asian
Mr. Stfleur,Mr. Beyene,Black,Black
Mr. Reilly,Mr. Tran,White,Asian
Mr. Clah,Mr. Lopez,Native,Hispanic
Ms. Guzman,Mr. Sweeney,Hispanic,White
Mr. Hess,Mr. Runningcrane,White,Native
Ms. Ng,Ms. Sesay,Asian,Black
Mr. Zheng,Mr. Chinana,Asian,Native
Mr. Abdullahi,Ms. Cheng,Black,Asian
Mr. Yoder,Mr. Thai,White,Asian
Mr. Littledog,Mr. Salazar,Native,Hispanic
Mr. Delgado,Mr. Christensen,Hispanic,White
Mr. Leung,Ms. Hardnett,Asian,Black
Ms. Yazzie,Ms. Vu,Native,Asian
Ms. Todacheene,Mr. Njoroge,Native,Black
Mr. Bienaime,Mr. Ho,Black,Asian
Ms. Attakai,Mr. Chavez,Native,Hispanic
Mr. Walsh,Mr. Ojo,White,Black
Mr. Padilla,Mr. Tsosie,Hispanic,Native
Mr. Thai,Mr. Huber,Asian,White
Ms. Smalls,Ms. Stein,Black,White
Ms. Chery,Mr. Chasinghawk,Black,Native
Ms. Yazzie,Mr. Sesay,Native,Black
Mr. Lai,Ms. Tan,Asian,Asian
Mr. Tan,Ms. Whitehat,Asian,Native
Mr. Shije,Ms. Atcitty,Native,Native
Ms. Pham,Mr. Tsosie,Asian,Native
Ms. Jiang,Mr. Krueger,Asian,White
Mr. Oconnor,Mr. Bartlett,White,White
Ms. Begay,Ms. Zhang,Native,Asian
Ms. Cowboy,Ms. Mccarthy,Native,White
Ms. Okeke,Ms. Cowboy,Black,Native
Ms. Keita,Ms. Schultz,Black,White
Mr. Filsaime,Mr. Campos,Black,Hispanic
Ms. Cardenas,Ms. Hwang,Hispanic,Asian
Mr. Asare,Mr. Kwon,Black,Asian
Mr. Hailu,Ms. Ngo,Black,Asian
Ms. Solis,Ms. Castaneda,Hispanic,Hispanic
Mr. Calabaza,Ms. Yoo,Native,Asian
Ms. Tsinnie,Mr. Wang,Native,Asian
Mr. Le,Ms. Madplume,Asian,Native
Mr. Moua,Ms. Shaffer,Asian,White
Mr. Suarez,Mr. Yi,Hispanic,Asian
Mr. Cervantes,Ms. Jeancharles,Hispanic,Black
Mr. He,Mr. Avila,Asian,Hispanic
Mr. Robles,Mr. Vargas,Hispanic,Hispanic
Ms. Olanna,Mr. Hurley,Native,White
Mr. Altaha,Mr. Jalloh,Native,Black
Mr. Diaz,Ms. Mccarthy,Hispanic,White
Mr. Whiteplume,Ms. Laughing,Native,Native
Mr. Brandt,Mr. Bartlett,White,White
Ms. Yepa,Ms. Runningcrane,Native,Native
Mr. Jeanbaptiste,Mr. Gadson,Black,Black
Ms. Schultz,Mr. Nez,White,Native
Mr. Moua,Ms. Yohannes,Asian,Black
Mr. Arcoren,Ms. Hoffman,Native,White
Mr. Yang,Mr. Adjei,Asian,Black
Ms. Rios,Mr. Tabaha,Hispanic,Native
Mr. Roth,Ms. Truong,White,Asian
Mr. Becker,Ms. Tapaha,White,Native
Mr. Leaks,Ms. Kanuho,Black,Native
Mr. Serrano,Ms. Morse,Hispanic,White
Ms. Mohamud,Mr. Prophete,Black,Black
Ms. Wu,Ms. Prophete,Asian,Black
Ms. Delgarito,Mr. Moua,Native,Asian
Ms. Whitehat,Mr. Wang,Native,Asian
Ms. Dougherty,Mr. Torres,White,Hispanic
Ms. Hansen,Mr. Ndiaye,White,Black
Mr. Luu,Ms. Weiss,Asian,White
Ms. Hoffman,Ms. Marquez,White,Hispanic
Mr. Sandoval,Ms. Ngo,Hispanic,Asian
Mr. Henio,Mr. Heavyrunner,Native,Native
Mr. Gao,Ms. Yoo,Asian,Asian
Mr. Conteh,Ms. Vassell,Black,Black
Ms. Martinez,Mr. Guzman,Hispanic,Hispanic
Mr. Spottedeagle,Ms. Petitfrere,Native,Black
Ms. Mueller,Mr. Desta,White,Black
Mr. Yohannes,Mr. Ruiz,Black,Hispanic
Ms. Nielsen,Ms. Hurley,White,White
Mr. Jensen,Mr. Moreno,White,Hispanic
Mr. Secody,Mr. Bui,Native,Asian
Ms. Declay,Ms. Dang,Native,Asian
Ms. Moreno,Mr. Etsitty,Hispanic,Native
Mr. Littledog,Ms. Swanson,Native,White
Mr. Nunez,Ms. Frimpong,Hispanic,Black
Mr. Hansen,Ms. Flynn,White,White
Ms. Cervantes,Ms. Weber,Hispanic,White
Ms. Carrillo,Mr. Abdullahi,Hispanic,Black
Ms. Bedonie,Mr. Johnston,Native,White
Mr. Ganadonegro,Ms. Cosay,Native,Native
Ms. Zuniga,Ms. Begaye,Hispanic,Native
Mr. Hardnett,Mr. Krueger,Black,White
Ms. Guerrero,Mr. Cowboy,Hispanic,Native
Mr. Salazar,Mr. Alvarado,Hispanic,Hispanic
Mr. Ko,Ms. Suarez,Asian,Hispanic
Ms. Gomez,Ms. Shen,Hispanic,Asian
Mr. Hernandez,Mr. Keita,Hispanic,Black
Mr. Delgado,Ms. Vo,Hispanic,Asian
Ms. Mendez,Ms. Shen,Hispanic,Asian
Ms. Parsons,Mr. Tsinnie,White,Native
Mr. Yellowman,Mr. Knapp,Native,White
Mr. Tsosie,Ms. Kamara,Native,Black
Mr. Torres,Ms. Jeanpierre,Hispanic,Black
Mr. Suarez,Mr. Boykins,Hispanic,Black
Ms. Vu,Mr. Ly,Asian,Asian
Ms. Velasquez,Mr. Njoroge,Hispanic,Black
Mr. Metellus,Ms. Diop,Black,Black
Ms. Jeanpierre,Ms. Crane,Black,White
Mr. Ganadonegro,Mr. Kramer,Native,White
Mr. Littlewhiteman,Mr. Bedonie,Native,Native
Mr. Pan,Ms. Mahoney,Asian,White
Mr. Lai,Mr. Tan,Asian,Asian
Ms. Chen,Ms. Abebe,Asian,Black
Mr. Blackhorse,Ms. Yi,Native,Asian
Mr. Cardenas,Ms. Mendez,Hispanic,Hispanic
Ms. Lin,Mr. Gallegos,Asian,Hispanic
Mr. Dang,Mr. Hsu,Asian,Asian
Ms. Rivas,Ms. Brennan,Hispanic,White
Mr. He,Ms. Hoover,Asian,White
Mr. Velazquez,Ms. Altaha,Hispanic,Native
Ms. Prioleau,Mr. Mondesir,Black,Black
Mr. Stark,Ms. Mohamud,White,Black
Mr. Claw,Mr. Weiss,Native,White
Ms. Sesay,Ms. Beyale,Black,Native
Mr. Chavez,Ms. Herman,Hispanic,White
Mr. Zhu,Ms. Fobbs,Asian,Black
Mr. Fuentes,Mr. Klein,Hispanic,White
Mr. Fischer,Ms. Vu,White,Asian
Mr. Nez,Ms. Nielsen,Native,White
Mr. Lawal,Mr. Delgado,Black,Hispanic
Ms. Cervantes,Mr. Zhang,Hispanic,Asian
Ms. Medina,Ms. Ulysse,Hispanic,Black
Ms. Wang,Ms. Cisse,Asian,Black
Ms. Zamora,Ms. Standingrock,Hispanic,Native
Ms. Jiang,Ms. Ortega,Asian,Hispanic
Ms. Shin,Ms. Veasley,Asian,Black
Ms. Keyonnie,Mr. Ochoa,Native,Hispanic
Ms. Ndiaye,Mr. Tapaha,Black,Native
Mr. Rodriguez,Ms. Reilly,Hispanic,White
Ms. Campos,Ms. Olanna,Hispanic,Native
Mr. Thai,Ms. Todacheene,Asian,Native
Ms. Desai,Mr. Kwon,Asian,Asian
Mr. Begum,Ms. Beyale,Asian,Native
Ms. Conteh,Ms. Zhu,Black,Asian
Ms. Macdonald,Mr. Oneill,White,White
Ms. Benallie,Mr. Grandberry,Native,Black
Ms. Dominguez,Ms. Bedonie,Hispanic,Native
Mr. Juarez,Ms. Garcia,Hispanic,Hispanic
Mr. Schroeder,Mr. Tsosie,White,Native
Mr. Soto,Mr. He,Hispanic,Asian
Ms. Tsethlikai,Ms. Do,Native,Asian
Mr. Diaz,Mr. Alvarado,Hispanic,Hispanic
Mr. Moua,Ms. Chowdhury,Asian,Asian
Mr. Colelay,Ms. Belizaire,Native,Black
Ms. Zhu,Mr. Meyer,Asian,White
Mr. Sanchez,Mr. Benallie,Hispanic,Native
Ms. Kamara,Mr. Shije,Black,Native
Ms. Padilla,Mr. Tsosie,Hispanic,Native
Mr. Zimmerman,Ms. Molina,White,Hispanic
Ms. Secatero,Ms. Njoroge,Native,Black
Mr. Reilly,Ms. Jacobson,White,White
Ms. Bedonie,Ms. Toure,Native,Black
Mr. Jalloh,Mr. Tessay,Black,Native
Ms. Fischer,Mr. Jeanfrancois,White,Black
Ms. Mayer,Mr. Todacheenie,White,Native
Ms. Appiah,Mr. Keyonnie,Black,Native
Ms. Vazquez,Ms. Her,Hispanic,Asian
Mr. Spottedhorse,Mr. Knapp,Native,White
Ms. Fry,Ms. Bitsie,White,Native
Mr. Rasmussen,Mr. Ho,White,Asian
Ms. Kanuho,Mr. Huffman,Native,White
Ms. Kline,Ms. Sharma,White,Asian
Mr. Bitsilly,Ms. Soto,Native,Hispanic
Mr. Begaye,Mr. Stout,Native,White
Mr. Li,Mr. Ly,Asian,Asian
Ms. Huang,Mr. Serrano,Asian,Hispanic
Mr. Shah,Ms. Lasiloo,Asian,Native
Ms. Pineda,Mr. Blueeyes,Hispanic,Native
Mr. Mueller,Ms. Desta,White,Black
Mr. Wu,Mr. Olson,Asian,White
Mr. Henio,Ms. Yeboah,Native,Black
Ms. Velazquez,Ms. Fischer,Hispanic,White
Ms. Clitso,Mr. Larson,Native,White
Ms. Keams,Ms. Pineda,Native,Hispanic
Ms. Brennan,Mr. Moyer,White,White
Ms. Castaneda,Ms. Calabaza,Hispanic,Native
Ms. Manuelito,Ms. Bullbear,Native,Native
Ms. Russo,Ms. Vazquez,White,Hispanic
Ms. Notah,Mr. Spottedhorse,Native,Native
Mr. Louissaint,Mr. Santana,Black,Hispanic
Mr. Chinana,Ms. Ho,Native,Asian
Mr. Osei,Mr. Gallagher,Black,White
Ms. Gomez,Mr. Ochoa,Hispanic,Hispanic
Mr. Parsons,Ms. Tsinnie,White,Native
Mr. Le,Ms. Estrada,Asian,Hispanic
Mr. Guerrero,Ms. Obrien,Hispanic,White
Ms. Phan,Mr. Saintlouis,Asian,Black
Ms. Yoder,Ms. Diallo,White,Black
Ms. Gutierrez,Mr. Yepa,Hispanic,Native
Mr. Choi,Ms. Asante,Asian,Black
Mr. Kaur,Ms. Barrera,Asian,Hispanic
Ms. Chu,Ms. Boykins,Asian,Black
Mr. Chau,Mr. Vassell,Asian,Black
Ms. Tan,Ms. Calderon,Asian,Hispanic
Mr. Cisse,Ms. Tapaha,Black,Native
Ms. Torres,Ms. Secody,Hispanic,Native
Ms. Jensen,Mr. Moreno,White,Hispanic
Ms. Donovan,Mr. Campos,White,Hispanic
Mr. Petitfrere,Ms. Orozco,Black,Hispanic
Mr. Nez,Mr. Lawal,Native,Black
Mr. Zimmerman,Mr. Molina,White,Hispanic
Mr. Shaffer,Mr. Cervantes,White,Hispanic
Mr. Notah,Mr. Rios,Native,Hispanic
Mr. Filsaime,Ms. Abdullahi,Black,Black
Mr. Calixte,Mr. Njoroge,Black,Black
Mr. Flores,Mr. Weiss,Hispanic,White
Ms. Henio,Ms. Stark,Native,White
Ms. Chowdhury,Mr. Mwangi,Asian,Black
Mr. Nguyen,Mr. Abdullahi,Asian,Black
Ms. Stark,Ms. Zheng,White,Asian
Ms. Torres,Ms. Kwon,Hispanic,Asian
Mr. Goseyun,Mr. Blackgoat,Native,Native
Ms. Lara,Mr. Hebert,Hispanic,White
Ms. Berg,Ms. Phan,White,Asian
Mr. Zhang,Ms. Opoku,Asian,Black
Mr. Jama,Mr. Castillo,Black,Hispanic
Ms. Owen,Ms. Tang,White,Asian
Ms. Hailu,Ms. Huber,Black,White
Ms. Bekele,Mr. Gomez,Black,Hispanic
Ms. Wagner,Ms. He,White,Asian
Ms. Nwosu,Mr. Ryan,Black,White
Mr. Ulysse,Mr. Song,Black,Asian
Ms. Lor,Mr. Fry,Asian,White
Ms. Okafor,Mr. Cabrera,Black,Hispanic
Ms. Carrillo,Mr. Le,Hispanic,Asian
Ms. Hernandez,Mr. Trevino,Hispanic,Hispanic
Ms. Liang,Mr. Ma,Asian,Asian
Mr. Osei,Ms. Nez,Black,Native
Ms. Edouard,Mr. Gutierrez,Black,Hispanic
Mr. Guerrero,Ms. Cowboy,Hispanic,Native
Ms. Gonzalez,Ms. Morales,Hispanic,Hispanic
Ms. Opoku,Ms. Twobulls,Black,Native
Ms. Notafraid,Ms. Cline,Native,White
Mr. Pierrelouis,Mr. Cowboy,Black,Native
Ms. Vargas,Ms. Contreras,Hispanic,Hispanic
Mr. Cabrera,Ms. Parsons,Hispanic,White
Ms. Yoon,Ms. Ryan,Asian,White
Ms. Heavyrunner,Mr. Ganadonegro,Native,Native
Mr. Todacheene,Ms. Njoroge,Native,Black
Mr. Meyer,Mr. Conteh,White,Black
Mr. Yoder,Mr. Maldonado,White,Hispanic
Ms. Gueye,Ms. Trevino,Black,Hispanic
Ms. Soto,Ms. Pena,Hispanic,Hispanic
Ms. Yoon,Mr. Rivas,Asian,Hispanic
Mr. Desir,Ms. Gutierrez,Black,Hispanic
Mr. Orozco,Mr. Estrada,Hispanic,Hispanic
Mr. Peck,Ms. Chery,White,Black
Ms. Luu,Ms. Hwang,Asian,Asian
Ms. Su,Ms. Herrera,Asian,Hispanic
Ms. Dinh,Mr. Su,Asian,Asian
Ms. Desta,Mr. Kaur,Black,Asian
Mr. Secatero,Ms. Velazquez,Native,Hispanic
Ms. Bekele,Ms. Gomez,Black,Hispanic
Mr. Luong,Ms. Parsons,Asian,White
Ms. Blankenship,Mr. Calixte,White,Black
Ms. Olanna,Ms. Hurley,Native,White
Mr. Etsitty,Mr. Jeanfrancois,Native,Black
Ms. Bitsui,Ms. Liu,Native,Asian
Ms. Macias,Ms. Bedonie,Hispanic,Native
Mr. Marquez,Mr. Nielsen,Hispanic,White
Mr. Clitso,Mr. Abebe,Native,Black
Ms. Dougherty,Ms. Zhou,White,Asian
Ms. Gishie,Ms. Chasinghawk,Native,Native
Mr. Dinh,Ms. Friedman,Asian,White
Mr. Rosales,Ms. Juarez,Hispanic,Hispanic
Ms. Case,Ms. Delgarito,White,Native
Ms. Manigault,Mr. Kamara,Black,Black
Mr. Standingrock,Ms. Arcoren,Native,Native
Ms. Chasinghawk,Ms. Jensen,Native,White
Ms. Gallagher,Ms. Swanson,White,White
Mr. Shaffer,Mr. Stark,White,White
Mr. Rasmussen,Ms. Jimenez,White,Hispanic
Mr. Edouard,Ms. Ng,Black,Asian
Mr. Cabrera,Mr. Ganadonegro,Hispanic,Native
Mr. Coaxum,Mr. Stfleur,Black,Black
Ms. Cao,Mr. Vo,Asian,Asian
Ms. Zhu,Ms. Zamora,Asian,Hispanic
Ms. Tang,Mr. Pham,Asian,Asian
Mr. Gupta,Ms. Diallo,Asian,Black
Ms. Koroma,Mr. Cardenas,Black,Hispanic
Mr. He,Mr. Hoover,Asian,White
Ms. Notafraid,Ms. Luu,Native,Asian
Ms. Velasquez,Ms. Njoroge,Hispanic,Black
Mr. Sweeney,Mr. Moyer,White,White
Ms. Altaha,Mr. Peck,Native,White
Ms. Melendez,Mr. Bekele,Hispanic,Black
Ms. Sow,Ms. Kang,Black,Asian
Ms. Begay,Mr. Zhang,Native,Asian
Ms. Notah,Ms. Rios,Native,Hispanic
Ms. Juarez,Mr. Jeancharles,Hispanic,Black
Mr. Sun,Mr. Hwang,Asian,Asian
Ms. Werito,Ms. Ravenell,Native,Black
Mr. Fuentes,Ms. Klein,Hispanic,White
Mr. Reilly,Ms. Calabaza,White,Native
Ms. Ha,Ms. Bekele,Asian,Black
Mr. Gutierrez,Ms. Martinez,Hispanic,Hispanic
Ms. Tsosie,Mr. Chen,Native,Asian
Mr. Sandoval,Ms. Mayer,Hispanic,White
Ms. Meyer,Mr. Conteh,White,Black
Ms. Soto,Ms. Smallcanyon,Hispanic,Native
Mr. Luong,Ms. Clah,Asian,Native
Mr. Okoro,Ms. Maldonado,Black,Hispanic
Ms. Bangura,Ms. Koroma,Black,Black
Mr. Mayer,Mr. Dong,White,Asian
Mr. Lu,Ms. Cabrera,Asian,Hispanic
Ms. Schneider,Ms. Claw,White,Native
Ms. Ayze,Mr. Olanna,Native,Native
Ms. Kwon,Ms. Smallcanyon,Asian,Native
Ms. Alvarado,Mr. Kwon,Hispanic,Asian
Ms. Jiang,Mr. Ortega,Asian,Hispanic
Ms. Ho,Ms. Dang,Asian,Asian
Mr. Sesay,Mr. Delgado,Black,Hispanic
Ms. Chiu,Mr. Warsame,Asian,Black
Ms. Kanuho,Mr. Twobulls,Native,Native
Mr. Cowboy,Ms. Bullbear,Native,Native
Ms. Lesane,Mr. Bullbear,Black,Native
Mr. Calixte,Ms. Blankenship,Black,White
Ms. Castaneda,Mr. Rios,Hispanic,Hispanic
Ms. Birdinground,Mr. Bitsie,Native,Native
Ms. Vega,Ms. Diaz,Hispanic,Hispanic
Ms. Werito,Ms. Cosay,Native,Native
Mr. Munoz,Ms. Pham,Hispanic,Asian
Ms. Kang,Mr. Littlewhiteman,Asian,Native
Ms. Johnston,Mr. Begum,White,Asian
Ms. Schmidt,Mr. Fry,White,White
Ms. Altaha,Mr. Jalloh,Native,Black
Mr. Mwangi,Mr. Tessay,Black,Native
Ms. Attakai,Mr. Abebe,Native,Black
Mr. Nunez,Ms. Bitsilly,Hispanic,Native
Ms. Fry,Ms. Tadesse,White,Black
Ms. Arcoren,Ms. Kanuho,Native,Native
Ms. Ko,Ms. Jiang,Asian,Asian
Ms. Schmidt,Mr. Duong,White,Asian
Mr. Bartlett,Mr. Hoang,White,Asian
Mr. Castillo,Ms. Diop,Hispanic,Black
Mr. Bartlett,Mr. Wauneka,White,Native
Ms. Filsaime,Mr. Campos,Black,Hispanic
Ms. Conteh,Ms. Vassell,Black,Black
Mr. Wassillie,Mr. Moyer,Native,White
Ms. Aguirre,Ms. Olson,Hispanic,White
Ms. Lozano,Mr. Roth,Hispanic,White
Mr. Klein,Ms. Velazquez,White,Hispanic
Mr. Kameroff,Ms. Hoffman,Native,White
Mr. Veasley,Ms. Spottedeagle,Black,Native
Mr. Edouard,Mr. Arcoren,Black,Native
Ms. Han,Ms. Blueeyes,Asian,Native
Mr. Roth,Ms. Balogun,White,Black
Ms. Salazar,Ms. Yang,Hispanic,Asian
Ms. He,Ms. Boateng,Asian,Black
Mr. Conteh,Ms. Tapaha,Black,Native
Mr. Fry,Ms. Velasquez,White,Hispanic
Ms. Ly,Ms. Wigfall,Asian,Black
Mr. Carlson,Mr. Obrien,White,White
Ms. Odonnell,Ms. Lesane,White,Black
Mr. Erickson,Mr. Medina,White,Hispanic
Ms. Laughing,Mr. Notah,Native,Native
Mr. Obrien,Ms. Hardnett,White,Black
Mr. Rios,Mr. Weiss,Hispanic,White
Ms. Colelay,Mr. Dominguez,Native,Hispanic
Ms. Lo,Mr. Wu,Asian,Asian
Mr. Koroma,Ms. Schultz,Black,White
Mr. Keller,Mr. Atcitty,White,Native
Mr. Pan,Mr. Mahoney,Asian,White
Mr. Ndiaye,Mr. Dong,Black,Asian
Ms. Duffy,Mr. Cardenas,White,Hispanic
Mr. Bitsui,Ms. Gishie,Native,Native
Ms. Manigault,Ms. Rivera,Black,Hispanic
Mr. Carlson,Mr. Opoku,White,Black
Mr. Frimpong,Mr. Vu,Black,Asian
Ms. Cao,Ms. Arcoren,Asian,Native
Mr. Gomez,Ms. Mahoney,Hispanic,White
Mr. Desir,Ms. Haskie,Black,Native
Ms. Tessay,Ms. Todacheenie,Native,Native
Ms. Cisse,Ms. Yoo,Black,Asian
Ms. Mohamud,Ms. Prophete,Black,Black
Ms. Bui,Ms. Molina,Asian,Hispanic
Mr. Shah,Mr. Dominguez,Asian,Hispanic
Ms. Ojo,Mr. Colelay,Black,Native
Mr. Juarez,Ms. Jeancharles,Hispanic,Black
Ms. Knapp,Ms. Ko,White,Asian
Ms. Sharma,Ms. Hess,Asian,White
Mr. Stark,Ms. Blueeyes,White,Native
Mr. Rodriguez,Ms. Bekele,Hispanic,Black
Mr. Donovan,Ms. Campos,White,Hispanic
Ms. Apachito,Ms. Dinh,Native,Asian
Mr. Gutierrez,Mr. Martinez,Hispanic,Hispanic
Mr. Chiu,Ms. Trevino,Asian,Hispanic
Mr. Cheng,Mr. Dosela,Asian,Native
Ms. Tan,Mr. Jiang,Asian,Asian
Ms. Spottedeagle,Mr. Arcoren,Native,Native
Ms. Lai,Ms. Frimpong,Asian,Black
Mr. Song,Ms. Case,Asian,White
Mr. Li,Ms. Guzman,Asian,Hispanic
Mr. Olanna,Ms. Hurley,Native,White
Mr. Bitsie,Ms. Alvarado,Native,Hispanic
Ms. Schmidt,Mr. Garza,White,Hispanic
Mr. Wagner,Mr. Salas,White,Hispanic
Mr. Begum,Mr. Santana,Asian,Hispanic
Ms. Saintil,Mr. Reilly,Black,White
Mr. Su,Mr. Herrera,Asian,Hispanic
Mr. Cayaditto,Mr. Stout,Native,White
Ms. Olsen,Ms. Huffman,White,White
Mr. Herrera,Mr. Koch,Hispanic,White
Ms. Velasquez,Mr. Krueger,Hispanic,White
Mr. Chavez,Mr. Aguilar,Hispanic,Hispanic
Ms. Hurley,Mr. Friedman,White,White
Ms. Goseyun,Ms. Blackgoat,Native,Native
Ms. Molina,Mr. Manigault,Hispanic,Black
Ms. Whiteface,Ms. Olanna,Native,Native
Ms. Ng,Mr. Peshlakai,Asian,Native
Ms. Saintlouis,Ms. Tang,Black,Asian
Ms. Friedman,Mr. Larsen,White,White
Mr. Mekonnen,Ms. Snyder,Black,White
Mr. Ko,Mr. Suarez,Asian,Hispanic
Ms. Conteh,Ms. Robles,Black,Hispanic
Ms. Jeancharles,Ms. Tsinnijinnie,Black,Native
Ms. Whiteplume,Mr. Lin,Native,Asian
Ms. Lai,Mr. Frimpong,Asian,Black
Ms. Desta,Mr. Chinana,Black,Native
Mr. Declay,Ms. Dang,Native,Asian
Mr. Gomez,Mr. Ochoa,Hispanic,Hispanic
Ms. Galvan,Mr. Ortega,Hispanic,Hispanic
Ms. Walkingeagle,Ms. Chowdhury,Native,Asian
Ms. Diaz,Ms. Bitsilly,Hispanic,Native
Mr. Asare,Ms. Hurley,Black,White
Mr. Manuelito,Ms. Decker,Native,White
Mr. Fuentes,Ms. Cosay,Hispanic,Native
Ms. Tsinnijinnie,Ms. Escobar,Native,Hispanic
Ms. Tam,Mr. Campos,Asian,Hispanic
Ms. Rivera,Mr. Yellowman,Hispanic,Native
Ms. Do,Mr. Solis,Asian,Hispanic
Mr. Schwartz,Mr. Schaefer,White,White
Ms. Vo,Mr. Chery,Asian,Black
Ms. Brennan,Ms. Moyer,White,White
Ms. Kameroff,Ms. Becenti,Native,Native
Mr. Nguyen,Ms. Thai,Asian,Asian
Ms. Cisse,Mr. Tapaha,Black,Native
Mr. Alvarado,Ms. Sexton,Hispanic,White
Ms. Blueeyes,Ms. Huffman,Native,White
Mr. Liu,Mr. Altaha,Asian,Native
Mr. Tang,Ms. Ravenell,Asian,Black
Mr. Grandberry,Mr. Littlelight,Black,Native
Ms. Herman,Mr. Arcoren,White,Native
Mr. Rivas,Mr. Hyppolite,Hispanic,Black
Ms. Berger,Mr. Hebert,White,White
Ms. Johnston,Ms. Sandoval,White,Hispanic
Ms. Vega,Mr. Madplume,Hispanic,Native
Mr. Gallagher,Mr. Swanson,White,White
Mr. Knapp,Ms. Yoder,White,White
Mr. Etsitty,Mr. Vu,Native,Asian
Mr. Wassillie,Ms. Moyer,Native,White
Ms. Rosales,Mr. Begum,Hispanic,Asian
Ms. Littlelight,Mr. Chery,Native,Black
Mr. Keita,Ms. Lopez,Black,Hispanic
Mr. Liu,Ms. Avila,Asian,Hispanic
Ms. Jeanjacques,Ms. Thai,Black,Asian
Mr. Larsen,Mr. Altaha,White,Native
Ms. Tang,Mr. Juarez,Asian,Hispanic
Mr. Ndiaye,Mr. Tapaha,Black,Native
Ms. Marquez,Ms. Nielsen,Hispanic,White
Ms. Gutierrez,Mr. Tam,Hispanic,Asian
Ms. Lara,Mr. Yoo,Hispanic,Asian
Ms. Yepa,Mr. Runningcrane,Native,Native
Mr. Cho,Mr. Lesane,Asian,Black
Ms. Roth,Mr. Balogun,White,Black
Mr. Vo,Ms. Fischer,Asian,White
Ms. Osei,Ms. Chery,Black,Black
Mr. Manygoats,Mr. Wu,Native,Asian
Mr. Zamora,Ms. Hahn,Hispanic,White
Mr. Solis,Mr. Adjei,Hispanic,Black
Ms. Morse,Mr. Chasinghawk,White,Native
Mr. Goldtooth,Ms. Donovan,Native,White
Mr. Gao,Mr. Yoo,Asian,Asian
Mr. Berg,Ms. Yepa,White,Native
Mr. Declay,Ms. Castillo,Native,Hispanic
Mr. Straughter,Mr. Lawal,Black,Black
Mr. Goldtooth,Mr. Ahasteen,Native,Native
Ms. Vo,Ms. Bui,Asian,Asian
Mr. Velez,Ms. Oh,Hispanic,Asian
Ms. Valenzuela,Ms. Jiang,Hispanic,Asian
Ms. Boateng,Ms. Oconnor,Black,White
Ms. Hu,Ms. Espinoza,Asian,Hispanic
Ms. Pan,Ms. Colelay,Asian,Native
Ms. Calabaza,Ms. Hartman,Native,White
Mr. Madplume,Mr. Tsinnijinnie,Native,Native
Ms. Bigcrow,Ms. Chiu,Native,Asian
Mr. Fobbs,Mr. Tabaha,Black,Native
Mr. Kline,Ms. Sharma,White,Asian
Mr. Snyder,Mr. Tapaha,White,Native
Mr. Kang,Ms. Littlewhiteman,Asian,Native
Ms. Vo,Mr. Ganadonegro,Asian,Native
Mr. Owusu,Ms. Boykins,Black,Black
Mr. Sweeney,Ms. Petitfrere,White,Black
Ms. Ly,Mr. Leung,Asian,Asian
Ms. Standingrock,Mr. Klein,Native,White
Mr. Berhane,Ms. Cosay,Black,Native
Mr. Pierrelouis,Mr. Zimmerman,Black,White
Mr. Lor,Ms. Alvarado,Asian,Hispanic
Mr. Carrillo,Mr. Castillo,Hispanic,Hispanic
Mr. Bah,Ms. Le,Black,Asian
Ms. Tam,Ms. Campos,Asian,Hispanic
Ms. Beyale,Mr. Conrad,Native,White
Mr. Frimpong,Ms. Vu,Black,Asian
Mr. Stout,Ms. Bauer,White,White
Mr. Johnston,Mr. Boykins,White,Black
Mr. Bartlett,Ms. Stfleur,White,Black
Mr. Vargas,Mr. Saintil,Hispanic,Black
Mr. Hernandez,Mr. Tam,Hispanic,Asian
Mr. Jama,Ms. Clah,Black,Native
Ms. Becker,Ms. Jain,White,Asian
Ms. Truong,Ms. Shaffer,Asian,White
Ms. Chiu,Mr. Walkingeagle,Asian,Native
Ms. Wagner,Ms. Mahoney,White,White
Mr. Jacobson,Ms. Carlson,White,White
Ms. Kamara,Ms. Jeanbaptiste,Black,Black
Mr. Mendez,Mr. Bigcrow,Hispanic,Native
Mr. Keller,Mr. Pan,White,Asian
Mr. Liu,Mr. Chowdhury,Asian,Asian
Ms. Meyer,Mr. Yang,White,Asian
Mr. Vu,Mr. Keller,Asian,White
Ms. Reilly,Mr. Moreno,White,Hispanic
Mr. Benallie,Ms. Flynn,Native,White
Mr. Adjei,Mr. Donovan,Black,White
Ms. Heavyrunner,Ms. Zamora,Native,Hispanic
Ms. Jiang,Ms. Koroma,Asian,Black
Ms. Yohannes,Ms. Desai,Black,Asian
Ms. Dorvil,Ms. Keller,Black,White
Ms. Eriacho,Ms. Huffman,Native,White
Mr. Ndiaye,Mr. Mayer,Black,White
Ms. Rivera,Mr. Munoz,Hispanic,Hispanic
Mr. Zuniga,Mr. Leung,Hispanic,Asian
Ms. Macdonald,Ms. Benallie,White,Native
Ms. Rojas,Ms. Whiteplume,Hispanic,Native
Mr. Zhang,Ms. Crane,Asian,White
Mr. Wolf,Ms. Appiah,White,Black
Ms. Yellowman,Mr. Keams,Native,Native
Ms. Salas,Ms. Ulysse,Hispanic,Black
Ms. Carrillo,Ms. Le,Hispanic,Asian
Ms. Osei,Mr. Chery,Black,Black
Ms. Bitsuie,Mr. Kwon,Native,Asian
Mr. Schneider,Mr. Schwartz,White,White
Ms. Yoder,Ms. Thai,White,Asian
Mr. Manigault,Mr. Kamara,Black,Black
Mr. Contreras,Mr. Figueroa,Hispanic,Hispanic
Ms. Zamora,Ms. Berhane,Hispanic,Black
Mr. Chung,Mr. Delgado,Asian,Hispanic
Mr. Munoz,Ms. Rios,Hispanic,Hispanic
Mr. Foley,Mr. Gadson,White,Black
Mr. Velazquez,Mr. Fischer,Hispanic,White
Mr. Dong,Mr. Jeanfrancois,Asian,Black
Ms. Ortiz,Mr. Cho,Hispanic,Asian
Ms. Herman,Mr. Alvarez,White,Hispanic
Mr. Pan,Ms. Cabrera,Asian,Hispanic
Ms. Saintlouis,Mr. Christensen,Black,White
Mr. Knapp,Mr. Yoder,White,White
Ms. Estrada,Ms. Hsu,Hispanic,Asian
Mr. Tabaha,Mr. Serrano,Native,Hispanic
Ms. Calabaza,Ms. Sow,Native,Black
Ms. Vue,Ms. Ly,Asian,Asian
Mr. Nunez,Mr. Frimpong,Hispanic,Black
Ms. Villarreal,Ms. Njoroge,Hispanic,Black
Ms. Salinas,Ms. Gonzalez,Hispanic,Hispanic
Ms. Oneill,Ms. Dang,White,Asian
Ms. Spottedhorse,Mr. Knapp,Native,White
Ms. Manuelito,Mr. Decker,Native,White
Mr. Pineda,Ms. Blueeyes,Hispanic,Native
Mr. Hebert,Mr. Sesay,White,Black
Mr. Cheung,Mr. Chu,Asian,Asian
Ms. Suarez,Mr. Marquez,Hispanic,Hispanic
Ms. Ng,Mr. Sesay,Asian,Black
Ms. Pineda,Ms. Donovan,Hispanic,White
Ms. Benally,Mr. Ojo,Native,Black
Mr. Ngo,Ms. Ruiz,Asian,Hispanic
Ms. Rivas,Mr. Brennan,Hispanic,White
Ms. Bah,Mr. Abdullahi,Black,Black
Ms. Schmidt,Ms. Garza,White,Hispanic
Mr. Lim,Ms. Wauneka,Asian,Native
Ms. Pineda,Mr. Velazquez,Hispanic,Hispanic
Mr. Chen,Mr. Lai,Asian,Asian
Ms. Shah,Ms. Chiu,Asian,Asian
Mr. Yepa,Mr. Asare,Native,Black
Mr. Nez,Mr. Hernandez,Native,Hispanic
Ms. Krueger,Mr. Claw,White,Native
Mr. Salas,Mr. Ulysse,Hispanic,Black
Ms. Ortiz,Mr. Rivas,Hispanic,Hispanic
Ms. Mekonnen,Mr. Snyder,Black,White
Mr. Mueller,Mr. Desta,White,Black
Mr. Campos,Ms. Vega,Hispanic,Hispanic
Ms. Castillo,Mr. Morales,Hispanic,Hispanic
Mr. Sweeney,Mr. Valenzuela,White,Hispanic
Ms. Friedman,Ms. Desir,White,Black
Ms. Madplume,Mr. Kramer,Native,White
Ms. Smallcanyon,Mr. Chiu,Native,Asian
Mr. Gallegos,Mr. Coaxum,Hispanic,Black
Mr. Leaks,Ms. Wu,Black,Asian
Mr. Manygoats,Mr. Jensen,Native,White
Mr. Smallcanyon,Mr. Mekonnen,Native,Black
Mr. Begay,Mr. Valenzuela,Native,Hispanic
Ms. Mejia,Mr. Truong,Hispanic,Asian
Ms. Choi,Ms. Sweeney,Asian,White
Mr. Santana,Ms. Hoang,Hispanic,Asian
Mr. Yeboah,Mr. Gallegos,Black,Hispanic
Mr. Alvarez,Mr. Nguyen,Hispanic,Asian
Ms. Jeanbaptiste,Mr. Perez,Black,Hispanic
Mr. Mayer,Ms. Vasquez,White,Hispanic
Mr. Ravenell,Mr. Peck,Black,White
Mr. Dougherty,Ms. Schultz,White,White
Mr. Rangel,Ms. Carrillo,Hispanic,Hispanic
Mr. Huber,Mr. Cao,White,Asian
Mr. Ajayi,Mr. Vazquez,Black,Hispanic
Ms. Secody,Mr. Nez,Native,Native
Ms. Chu,Mr. Beck,Asian,White
Mr. Schroeder,Ms. Jeanpierre,White,Black
Ms. Cisse,Ms. Ajayi,Black,Black
Ms. Salas,Mr. Pham,Hispanic,Asian
Ms. Castillo,Mr. Ngo,Hispanic,Asian
Mr. Lu,Mr. Cabrera,Asian,Hispanic
Ms. Yeboah,Ms. Duong,Black,Asian
Ms. Alvarez,Mr. Cisse,Hispanic,Black
Mr. Yu,Mr. Contreras,Asian,Hispanic
Ms. Mohamud,Mr. Vazquez,Black,Hispanic
Ms. Soto,Ms. He,Hispanic,Asian
Mr. Ortiz,Ms. Tsinnie,Hispanic,Native
Ms. Hailu,Ms. Ngo,Black,Asian
Mr. Shaffer,Ms. Owusu,White,Black
Ms. Cline,Mr. Roanhorse,White,Native
Ms. Fobbs,Ms. Mondesir,Black,Black
Mr. Atcitty,Mr. Howe,Native,White
Ms. Yohannes,Mr. Petitfrere,Black,Black
Mr. Pineda,Mr. Velazquez,Hispanic,Hispanic
Ms. Bitsuie,Ms. Boyle,Native,White
Mr. Owusu,Ms. Fischer,Black,White
Mr. Cline,Ms. Yang,White,Asian
Mr. Jama,Ms. Olson,Black,White
Mr. Kang,Mr. Case,Asian,White
Ms. Klein,Ms. Macdonald,White,White
Mr. Ochoa,Ms. Thai,Hispanic,Asian
Ms. Gallegos,Mr. Ganadonegro,Hispanic,Native
Mr. Schmidt,Ms. Duong,White,Asian
Ms. Ho,Mr. Mccarthy,Asian,White
Ms. Hosteen,Ms. Dorvil,Native,Black
Mr. Krueger,Mr. Sanchez,White,Hispanic
Mr. Trinh,Mr. Yellowhair,Asian,Native
Mr. Stout,Mr. Desta,White,Black
Mr. Shin,Mr. Huynh,Asian,Asian
Ms. Liang,Ms. Yoder,Asian,White
Mr. Ngo,Mr. Sun,Asian,Asian
Mr. Weber,Ms. Pena,White,Hispanic
Mr. Blankenship,Ms. Rios,White,Hispanic
Mr. Salas,Ms. Weber,Hispanic,White
Ms. Sandoval,Ms. Ngo,Hispanic,Asian
Mr. Rojas,Mr. Whiteplume,Hispanic,Native
Mr. Perez,Mr. Rojas,Hispanic,Hispanic
Ms. Contreras,Mr. Huang,Hispanic,Asian
Ms. Aguilar,Ms. Blueeyes,Hispanic,Native
Mr. Maldonado,Ms. Etsitty,Hispanic,Native
Mr. Howe,Ms. Tsinnijinnie,White,Native
Ms. Appiah,Mr. Yu,Black,Asian
Mr. Hoover,Mr. Stout,White,White
Mr. Whitehat,Ms. Clitso,Native,Native
Mr. Whiteplume,Mr. Laughing,Native,Native
Ms. Dinh,Ms. Marquez,Asian,Hispanic
Mr. Altaha,Mr. Ortiz,Native,Hispanic
Mr. Tsinnijinnie,Ms. Blackgoat,Native,Native
Ms. Declay,Mr. Brennan,Native,White
Mr. Larsen,Ms. Tang,White,Asian
Ms. Snyder,Mr. Meza,White,Hispanic
Ms. Velasquez,Mr. Haskie,Hispanic,Native
Mr. Mcmahon,Mr. Schneider,White,White
Mr. Sexton,Ms. Donovan,White,White
Ms. Salazar,Mr. Jalloh,Hispanic,Black
Mr. Figueroa,Ms. Stfleur,Hispanic,Black
Ms. Bui,Ms. Larson,Asian,White
Ms. Clah,Ms. Sow,Native,Black
Ms. Cowboy,Mr. Salazar,Native,Hispanic
Mr. Morse,Ms. Chen,White,Asian
Mr. Tsinnijinnie,Mr. Blackgoat,Native,Native
Mr. Bitsuie,Mr. Poorbear,Native,Native
Mr. Soto,Ms. Pena,Hispanic,Hispanic
Mr. Jeanfrancois,Ms. Gadson,Black,Black
Mr. Orozco,Mr. Abebe,Hispanic,Black
Ms. Velazquez,Mr. Chowdhury,Hispanic,Asian
Ms. Valenzuela,Mr. Littledog,Hispanic,Native
Mr. Nguyen,Mr. Thai,Asian,Asian
Ms. Prophete,Mr. Rosales,Black,Hispanic
Mr. Mwangi,Mr. Berg,Black,White
Mr. Kebede,Ms. Ko,Black,Asian
Ms. Goseyun,Mr. Okafor,Native,Black
Mr. Torres,Mr. Schaefer,Hispanic,White
Ms. Yi,Ms. Hebert,Asian,White
Mr. Chiu,Ms. Bauer,Asian,White
Mr. Ryan,Ms. Madplume,White,Native
Ms. Case,Mr. Kamara,White,Black
Mr. Dosela,Mr. Klein,Native,White
Mr. Colelay,Mr. Belizaire,Native,Black
Ms. Diallo,Mr. Beyale,Black,Native
Ms. Kidane,Ms. Arcoren,Black,Native
Ms. Benally,Ms. Vue,Native,Asian
Mr. Espinoza,Mr. Galvan,Hispanic,Hispanic
Mr. Pierrelouis,Mr. Gupta,Black,Asian
Mr. Kamara,Mr. Mueller,Black,White
Ms. Metellus,Ms. Schultz,Black,White
Mr. Begaye,Mr. Werito,Native,Native
Mr. Tran,Ms. Diaz,Asian,Hispanic
Mr. Hyppolite,Mr. Chinana,Black,Native
Mr. Yazzie,Mr. Sesay,Native,Black
Mr. Kidane,Mr. Wolfe,Black,White
Mr. Yohannes,Ms. Ruiz,Black,Hispanic
Ms. Smallcanyon,Ms. Clitso,Native,Native
Mr. Carlson,Ms. Velasquez,White,Hispanic
Mr. Huffman,Ms. Dong,White,Asian
Ms. Knapp,Mr. Littlewhiteman,White,Native
Mr. Vega,Mr. Madplume,Hispanic,Native
Ms. Lim,Ms. Zamora,Asian,Hispanic
Ms. Lim,Ms. Wauneka,Asian,Native
Mr. Hsu,Ms. Conrad,Asian,White
Mr. Notah,Mr. Spottedhorse,Native,Native
Mr. Nwosu,Mr. Cephas,Black,Black
Mr. Blackgoat,Mr. Ko,Native,Asian
Mr. Whitehat,Mr. Bienaime,Native,Black
Mr. Kanuho,Ms. Jeanfrancois,Native,Black
Mr. Mondesir,Mr. Rosales,Black,Hispanic
Mr. Dang,Ms. Hsu,Asian,Asian
Ms. Chinana,Ms. Oconnor,Native,White
Mr. Lara,Ms. Hardnett,Hispanic,Black
Mr. Shin,Ms. Meyer,Asian,White
Mr. Herman,Ms. Chen,White,Asian
Ms. Shin,Mr. Blackgoat,Asian,Native
Mr. Laughing,Ms. Mayweather,Native,Black
Ms. Appiah,Mr. Alvarado,Black,Hispanic
Ms. Lozano,Ms. Yohannes,Hispanic,Black
Ms. Leung,Mr. Ko,Asian,Asian
Ms. Warsame,Ms. Gallagher,Black,White
Ms. Secatero,Mr. Olsen,Native,White
Mr. Song,Ms. Rosales,Asian,Hispanic
Mr. Molina,Mr. Keyonnie,Hispanic,Native
Mr. Njoroge,Mr. Jeanjacques,Black,Black
Ms. Wassillie,Ms. Ochoa,Native,Hispanic
Ms. Beyale,Ms. Chung,Native,Asian
Ms. Valenzuela,Ms. Littledog,Hispanic,Native
Ms. Eriacho,Ms. Littledog,Native,Native
Mr. Ulysse,Ms. Salas,Black,Hispanic
Ms. Johnston,Mr. Boykins,White,Black
Mr. Lopez,Mr. Zhou,Hispanic,Asian
Mr. Bauer,Ms. Cowboy,White,Native
Mr. Maldonado,Mr. Sandoval,Hispanic,Hispanic
Mr. Weber,Ms. Mensah,White,Black
Ms. Ibarra,Ms. Avila,Hispanic,Hispanic
Mr. Chiu,Mr. Bauer,Asian,White
Mr. Exantus,Mr. Tesfaye,Black,Black
Mr. Wauneka,Mr. Chu,Native,Asian
Mr. Yoo,Ms. Maldonado,Asian,Hispanic
Mr. Stfleur,Mr. Hansen,Black,White
Mr. Berger,Ms. Boykins,White,Black
Mr. Gupta,Mr. Wauneka,Asian,Native
Mr. Tabaha,Mr. Kidane,Native,Black
Ms. Gueye,Ms. Yoon,Black,Asian
Ms. Orozco,Ms. Estrada,Hispanic,Hispanic
Mr. Whiteplume,Mr. Ramirez,Native,Hispanic
Ms. Wassillie,Ms. Zhao,Native,Asian
Ms. Veasley,Ms. Mcmahon,Black,White
Mr. Beyale,Mr. Colelay,Native,Native
Ms. Bartlett,Ms. Flynn,White,White
Mr. Asare,Mr. Estrada,Black,Hispanic
Mr. Dong,Ms. Obrien,Asian,White
Mr. Olanna,Ms. Jiang,Native,Asian
Mr. Ruiz,Mr. Yellowman,Hispanic,Native
Mr. Mekonnen,Mr. Yoo,Black,Asian
Mr. Schmidt,Ms. Tsethlikai,White,Native
Ms. Kaur,Ms. Prioleau,Asian,Black
Mr. Calderon,Ms. Chiu,Hispanic,Asian
Ms. Runningcrane,Ms. Birdinground,Native,Native
Ms. Pan,Ms. Mahoney,Asian,White
Mr. Hansen,Mr. Flynn,White,White
Ms. Phan,Mr. Barrera,Asian,Hispanic
Mr. Desai,Mr. Littlewhiteman,Asian,Native
Mr. Moua,Mr. Tabaha,Asian,Native
Mr. Ho,Ms. Dang,Asian,Asian
Ms. Figueroa,Mr. Padilla,Hispanic,Hispanic
Ms. Adjei,Mr. Bitsui,Black,Native
Mr. Ruiz,Ms. Yellowman,Hispanic,Native
Mr. Chery,Mr. Yohannes,Black,Black
Mr. Castaneda,Mr. Calabaza,Hispanic,Native
Mr. Abebe,Mr. Yohannes,Black,Black
Ms. Rios,Ms. Huang,Hispanic,Asian
Mr. Cheung,Mr. Etsitty,Asian,Native
Mr. Aguilar,Mr. Ryan,Hispanic,White
Mr. Jeanpierre,Ms. Bah,Black,Black
Mr. Nguyen,Mr. Munoz,Asian,Hispanic
Ms. Roanhorse,Ms. Lim,Native,Asian
Ms. Mueller,Mr. Cowboy,White,Native
Ms. Yoo,Ms. Schroeder,Asian,White
Ms. Altaha,Ms. Ortiz,Native,Hispanic
Ms. Desta,Ms. Chinana,Black,Native
Ms. Peshlakai,Ms. Espinoza,Native,Hispanic
Ms. Trevino,Mr. Molina,Hispanic,Hispanic
Ms. Jama,Mr. Clah,Black,Native
Mr. Abdullahi,Mr. Castaneda,Black,Hispanic
Mr. Johnston,Ms. Begum,White,Asian
Mr. Louissaint,Ms. Bui,Black,Asian
Mr. Appiah,Ms. Desir,Black,Black
Ms. Avila,Mr. Goldtooth,Hispanic,Native
Ms. Vu,Ms. Tsethlikai,Asian,Native
Mr. Shin,Mr. Meyer,Asian,White
Mr. Yeboah,Mr. Goldtooth,Black,Native
Mr. Jacobson,Mr. Carlson,White,White
Mr. Ha,Mr. Weber,Asian,White
Ms. Trinh,Mr. Yellowhair,Asian,Native
Mr. Kim,Ms. Clah,Asian,Native
Mr. Snyder,Ms. Tapaha,White,Native
Ms. Berger,Ms. Hebert,White,White
Ms. Veasley,Mr. Leaks,Black,Black
Mr. Yohannes,Ms. Petitfrere,Black,Black
Ms. Mehta,Mr. Berg,Asian,White
Ms. Flores,Ms. Santana,Hispanic,Hispanic
Mr. Brandt,Ms. Abebe,White,Black
Ms. Talayumptewa,Ms. Vega,Native,Hispanic
Mr. Moreno,Ms. Hailu,Hispanic,Black
Ms. Bitsie,Ms. Manuelito,Native,Native
Ms. Lo,Ms. Cayaditto,Asian,Native
Ms. Lin,Mr. Boateng,Asian,Black
Ms. Etsitty,Mr. Secody,Native,Native
Ms. Alvarado,Mr. Velez,Hispanic,Hispanic
Mr. Ochoa,Ms. Schultz,Hispanic,White
Mr. Vargas,Mr. Brennan,Hispanic,White
Ms. Ganadonegro,Ms. Cosay,Native,Native
Mr. Donovan,Mr. Prophete,White,Black
Ms. Chasinghawk,Mr. Lai,Native,Asian
Mr. Herman,Mr. Alvarez,White,Hispanic
Ms. Valenzuela,Ms. Petitfrere,Hispanic,Black
Ms. Berhane,Ms. Hsu,Black,Asian
Mr. Cabrera,Ms. Adjei,Hispanic,Black
Ms. Hensley,Mr. Walkingeagle,White,Native
Mr. Saintil,Ms. Colelay,Black,Native
Mr. Guo,Mr. Kameroff,Asian,Native
Mr. Mohamud,Ms. Vazquez,Black,Hispanic
Mr. Medina,Mr. Ulysse,Hispanic,Black
Ms. Bigcrow,Mr. Stout,Native,White
Mr. Thai,Mr. Phan,Asian,Asian
Ms. Goseyun,Ms. Okafor,Native,Black
Ms. Zheng,Ms. Chinana,Asian,Native
Mr. Wauneka,Ms. Soto,Native,Hispanic
Mr. Yohannes,Mr. Desai,Black,Asian
Ms. Keyonnie,Mr. Manygoats,Native,Native
Ms. Klein,Ms. Jeanlouis,White,Black
Ms. Lasiloo,Ms. Okoro,Native,Black
Mr. Morales,Ms. Oconnor,Hispanic,White
Mr. Okafor,Ms. Cheung,Black,Asian
Mr. Mora,Mr. Liu,Hispanic,Asian
Ms. Pham,Mr. Zhang,Asian,Asian
Ms. Asante,Mr. Castaneda,Black,Hispanic
Mr. Appiah,Ms. Alvarado,Black,Hispanic
Ms. Wauneka,Mr. Soto,Native,Hispanic
Mr. Spottedeagle,Ms. Gallegos,Native,Hispanic
Mr. Secody,Ms. Fischer,Native,White
Ms. Walkingeagle,Mr. Ramirez,Native,Hispanic
Ms. Heavyrunner,Ms. Knapp,Native,White
Mr. Shije,Mr. Tan,Native,Asian
Ms. Huang,Mr. Laughing,Asian,Native
Mr. Perez,Ms. Rojas,Hispanic,Hispanic
Mr. Metellus,Mr. Thao,Black,Asian
Mr. Phan,Ms. Zhu,Asian,Asian
Mr. Hwang,Mr. Owusu,Asian,Black
Mr. Delgado,Mr. Todacheene,Hispanic,Native
Ms. Moyer,Mr. Kameroff,White,Native
Ms. Desta,Mr. Molina,Black,Hispanic
Ms. Howe,Mr. Hurley,White,White
Mr. Tang,Ms. Kallestewa,Asian,Native
Mr. Spottedeagle,Mr. Petitfrere,Native,Black
Ms. Estrada,Ms. Castaneda,Hispanic,Hispanic
Ms. Erickson,Ms. Wigfall,White,Black
Mr. Abebe,Ms. Yoon,Black,Asian
Ms. Yellowman,Ms. Figueroa,Native,Hispanic
Mr. Tang,Mr. Kallestewa,Asian,Native
Mr. Kramer,Mr. Weber,White,White
Ms. Weiss,Ms. Yoder,White,White
Ms. Munoz,Mr. Rios,Hispanic,Hispanic
Mr. Blackgoat,Ms. Jeanpierre,Native,Black
Ms. Schaefer,Mr. Cosay,White,Native
Ms. Tabaha,Ms. Guo,Native,Asian
Ms. Owusu,Ms. Boykins,Black,Black
Ms. Lim,Ms. Ulysse,Asian,Black
Ms. Garza,Mr. Shaffer,Hispanic,White
Ms. Herman,Ms. Chen,White,Asian
Ms. Bienaime,Mr. Ruiz,Black,Hispanic
Ms. Castillo,Ms. Diop,Hispanic,Black
Ms. Chasinghawk,Ms. Herrera,Native,Hispanic
Ms. Wolf,Mr. Solis,White,Hispanic
Ms. Swanson,Mr. Peshlakai,White,Native
Ms. Secody,Ms. Fischer,Native,White
Ms. Blankenship,Mr. Rios,White,Hispanic
Ms. Guerrero,Ms. Yang,Hispanic,Asian
Mr. Kang,Ms. Case,Asian,White
Ms. Morales,Ms. Peshlakai,Hispanic,Native
Ms. Vo,Ms. Fischer,Asian,White
Mr. Luu,Ms. Zamora,Asian,Hispanic
Ms. Shije,Ms. Keita,Native,Black
Ms. Flynn,Mr. Ng,White,Asian
Mr. Kallestewa,Ms. Opoku,Native,Black
Ms. Dinh,Mr. Friedman,Asian,White
Ms. Bullbear,Ms. Keams,Native,Native
Mr. Saintlouis,Mr. Tang,Black,Asian
Mr. Appiah,Ms. Rasmussen,Black,White
Ms. Lawal,Mr. Delgado,Black,Hispanic
Mr. Brennan,Mr. Chinana,White,Native
Ms. Zhu,Ms. Fobbs,Asian,Black
Ms. Gallagher,Mr. Vega,White,Hispanic
Mr. Chasinghawk,Mr. Lai,Native,Asian
Ms. Sweeney,Ms. Bedonie,White,Native
Mr. Perez,Mr. Sesay,Hispanic,Black
Ms. Ly,Ms. Russo,Asian,White
Ms. Shije,Mr. Atcitty,Native,Native
Mr. Velasquez,Mr. Chavez,Hispanic,Hispanic
Ms. Wagner,Mr. Tsethlikai,White,Native
Ms. Kramer,Ms. Weber,White,White
Mr. Apachito,Ms. Wauneka,Native,Native
Ms. Hu,Ms. Bangura,Asian,Black
Ms. Swanson,Ms. Boykins,White,Black
Ms. Nielsen,Ms. Clitso,White,Native
Ms. Beck,Mr. Mejia,White,Hispanic
Ms. Huang,Ms. Mccarthy,Asian,White
Ms. Gadson,Mr. Ngo,Black,Asian
Mr. Nielsen,Mr. Hurley,White,White
Mr. Schultz,Ms. Reilly,White,White
Mr. Garcia,Mr. Hanson,Hispanic,White
Mr. Wolfe,Ms. Cabrera,White,Hispanic
Ms. Chu,Mr. Blackhorse,Asian,Native
Mr. Bui,Mr. Ayze,Asian,Native
Mr. Dominguez,Ms. Vargas,Hispanic,Hispanic
Ms. Littlelight,Mr. Kim,Native,Asian
Ms. Gupta,Mr. Wauneka,Asian,Native
Ms. Dorvil,Ms. Torres,Black,Hispanic
Mr. Ng,Mr. Carrillo,Asian,Hispanic
Ms. Padilla,Mr. Parsons,Hispanic,White
Ms. Rasmussen,Ms. Jimenez,White,Hispanic
Ms. Arias,Ms. Nez,Hispanic,Native
Mr. Claw,Ms. Tam,Native,Asian
Mr. Yellowhair,Mr. Krueger,Native,White
Ms. Hanson,Ms. Walkingeagle,White,Native
Ms. Hess,Ms. Morse,White,White
Mr. Gadson,Ms. Etsitty,Black,Native
Mr. Ortiz,Mr. Cho,Hispanic,Asian
Ms. Heavyrunner,Ms. Lin,Native,Asian
Ms. Escobar,Mr. Toure,Hispanic,Black
Ms. Sesay,Mr. Delgado,Black,Hispanic
Ms. Jeancharles,Ms. Nwosu,Black,Black
Ms. Yan,Mr. Tesfaye,Asian,Black
Mr. Lu,Mr. Li,Asian,Asian
Ms. Blackhorse,Ms. Gallegos,Native,Hispanic
Mr. Desir,Ms. Lin,Black,Asian
Ms. Shin,Mr. Meyer,Asian,White
Ms. Schultz,Mr. Yoo,White,Asian
Ms. Hu,Mr. Le,Asian,Asian
Ms. Serrano,Ms. Figueroa,Hispanic,Hispanic
Mr. Weiss,Ms. Littlelight,White,Native
Mr. Melendez,Ms. Ethelbah,Hispanic,Native
Ms. Altaha,Ms. Runningcrane,Native,Native
Ms. Blankenship,Ms. Rios,White,Hispanic
Ms. Nwosu,Ms. Pan,Black,Asian
Mr. Hanson,Ms. Herrera,White,Hispanic
Ms. Leaks,Ms. Wu,Black,Asian
Mr. Nwosu,Ms. Cephas,Black,Black
Mr. Dorvil,Ms. Keller,Black,White
Mr. Yellowman,Ms. Thai,Native,Asian
Mr. Torres,Ms. Secody,Hispanic,Native
Ms. Jeanjacques,Ms. Bitsui,Black,Native
Mr. Begum,Mr. Ajayi,Asian,Black
Mr. Wolf,Mr. Solis,White,Hispanic
Mr. Morales,Mr. Peshlakai,Hispanic,Native
Ms. Filsaime,Mr. Madplume,Black,Native
Mr. Yepa,Mr. Vo,Native,Asian
Ms. Huynh,Mr. Chiu,Asian,Asian
Mr. Twobulls,Mr. Macias,Native,Hispanic
Ms. Chinana,Ms. Pena,Native,Hispanic
Mr. Chen,Mr. Medina,Asian,Hispanic
Ms. Reilly,Ms. Hailu,White,Black
Ms. Rivera,Ms. Saintlouis,Hispanic,Black
Mr. Jacobson,Ms. Saintil,White,Black
Ms. Hahn,Mr. Wolfe,White,White
Ms. Nunez,Mr. Figueroa,Hispanic,Hispanic
Ms. Becenti,Mr. Wigfall,Native,Black
Ms. Kidane,Mr. Jimenez,Black,Hispanic
Mr. Blueeyes,Ms. Huffman,Native,White
Ms. Hyppolite,Ms. Chinana,Black,Native
Mr. Castaneda,Mr. Rios,Hispanic,Hispanic
Ms. Toure,Ms. Padilla,Black,Hispanic
Ms. Ayala,Mr. Rivas,Hispanic,Hispanic
Mr. Sandoval,Mr. Mohamud,Hispanic,Black
Mr. Edouard,Mr. Berg,Black,White
Mr. Christensen,Mr. Ulysse,White,Black
Mr. Oneill,Mr. Gonzalez,White,Hispanic
Ms. Cabrera,Ms. Parsons,Hispanic,White
Ms. Cline,Ms. Meza,White,Hispanic
Mr. Cervantes,Ms. Avila,Hispanic,Hispanic
Ms. Becker,Mr. Campos,White,Hispanic
Ms. Guo,Ms. Huber,Asian,White
Ms. Yoo,Mr. Cheung,Asian,Asian
Ms. Phan,Ms. Oconnor,Asian,White
Ms. Conrad,Mr. Whitehat,White,Native
Mr. Han,Mr. Salazar,Asian,Hispanic
Mr. Begaye,Mr. Trevino,Native,Hispanic
Ms. Aguirre,Ms. Gutierrez,Hispanic,Hispanic
Mr. Cowboy,Ms. Boateng,Native,Black
Ms. Hardnett,Ms. Chu,Black,Asian
Ms. Rodriguez,Mr. Hernandez,Hispanic,Hispanic
Ms. Clah,Mr. Wang,Native,Asian
Ms. Jensen,Mr. Xu,White,Asian
Ms. Larsen,Mr. Tang,White,Asian
Mr. Moreno,Ms. Huynh,Hispanic,Asian
Ms. Suarez,Mr. Yi,Hispanic,Asian
Mr. Flynn,Ms. Walsh,White,White
Mr. Moreno,Mr. Odonnell,Hispanic,White
Mr. Keyonnie,Mr. Ochoa,Native,Hispanic
Ms. Goldtooth,Ms. Ko,Native,Asian
Mr. Moua,Mr. Yohannes,Asian,Black
Ms. Hensley,Mr. Diop,White,Black
Mr. Sandoval,Ms. Alvarez,Hispanic,Hispanic
Ms. Tam,Mr. Henio,Asian,Native
Mr. Asante,Mr. Cephas,Black,Black
Mr. Sharma,Mr. Ng,Asian,Asian
Ms. Chinana,Mr. Ho,Native,Asian
Mr. Sexton,Mr. Villarreal,White,Hispanic
Ms. Manygoats,Mr. Jensen,Native,White
Mr. Oneill,Ms. Gonzalez,White,Hispanic
Mr. Valenzuela,Mr. Crane,Hispanic,White
Ms. Hoang,Mr. Declay,Asian,Native
Ms. Macias,Mr. Wolfe,Hispanic,White
Mr. Weiss,Ms. Nwosu,White,Black
Mr. Bui,Ms. Molina,Asian,Hispanic
Ms. Nunez,Ms. Frimpong,Hispanic,Black
Mr. Kline,Mr. Littledog,White,Native
Mr. Lo,Mr. Petitfrere,Asian,Black
Ms. Olson,Mr. Weiss,White,White
Mr. Wassillie,Ms. Standingrock,Native,Native
Ms. Moreno,Mr. Juarez,Hispanic,Hispanic
Ms. Cisse,Mr. Sexton,Black,White
Mr. Addo,Ms. Cephas,Black,Black
Ms. Lesane,Ms. Pena,Black,Hispanic
Ms. He,Ms. Secody,Asian,Native
Mr. Hess,Ms. Addo,White,Black
Ms. Bitsui,Mr. Liu,Native,Asian
Mr. Littlewhiteman,Ms. Ma,Native,Asian
Mr. Shaffer,Ms. Cervantes,White,Hispanic
Ms. Owusu,Mr. Castillo,Black,Hispanic
Ms. Asante,Mr. Guo,Black,Asian
Ms. Ochoa,Ms. Gishie,Hispanic,Native
Ms. Ruiz,Ms. Conteh,Hispanic,Black
Ms. Kline,Ms. Mcmahon,White,White
Ms. Flynn,Ms. Ng,White,Asian
Ms. Gupta,Mr. Stout,Asian,White
Mr. Espinoza,Ms. Spottedhorse,Hispanic,Native
Ms. Whiteface,Mr. Olanna,Native,Native
Mr. Sow,Ms. Tsethlikai,Black,Native
Mr. Berger,Ms. Hebert,White,White
Mr. Tabaha,Mr. Guo,Native,Asian
Mr. Secody,Mr. Mensah,Native,Black
Mr. Shaffer,Ms. Stark,White,White
Ms. Gadson,Mr. Tadesse,Black,Black
Mr. Desai,Mr. Kwon,Asian,Asian
Mr. Secatero,Mr. Olsen,Native,White
Ms. Gomez,Mr. Shen,Hispanic,Asian
Ms. Desai,Mr. Gadson,Asian,Black
Ms. Ramirez,Mr. Dorvil,Hispanic,Black
Ms. Tsinnijinnie,Ms. Blackgoat,Native,Native
Mr. Huber,Mr. Ahasteen,White,Native
Mr. Salas,Ms. Escobar,Hispanic,Hispanic
Mr. Keams,Mr. Stein,Native,White
Mr. Dang,Ms. Guerrero,Asian,Hispanic
Ms. Bigcrow,Mr. Declay,Native,Native
Mr. Cowboy,Mr. Salazar,Native,Hispanic
Ms. Gupta,Mr. Diallo,Asian,Black
Mr. Choi,Ms. Rios,Asian,Hispanic
Ms. He,Mr. Hoover,Asian,White
Ms. Estrada,Ms. Bah,Hispanic,Black
Mr. Lozano,Ms. Sanchez,Hispanic,Hispanic
Ms. Metellus,Mr. Diop,Black,Black
Ms. Mayer,Mr. Hoover,White,White
Ms. Straughter,Ms. Munoz,Black,Hispanic
Ms. Foley,Mr. Stout,White,White
Mr. Hebert,Mr. Yoon,White,Asian
Ms. Herrera,Mr. Cabrera,Hispanic,Hispanic
Mr. Tsinnijinnie,Ms. Escobar,Native,Hispanic
Ms. Mora,Mr. Berger,Hispanic,White
Ms. Dorvil,Ms. Zhang,Black,Asian
Mr. Balogun,Mr. Brandt,Black,White
Ms. Gadson,Ms. Morales,Black,Hispanic
Mr. Cheng,Ms. Hanson,Asian,White
Mr. Ruiz,Mr. Conteh,Hispanic,Black
Ms. Mondesir,Ms. Tan,Black,Asian
Ms. Bienaime,Ms. Yepa,Black,Native
Mr. Gallagher,Mr. Vega,White,Hispanic
Mr. Claw,Ms. Weiss,Native,White
Ms. Conrad,Ms. Gutierrez,White,Hispanic
Ms. Figueroa,Mr. Johnston,Hispanic,White
Ms. Lozano,Mr. Tan,Hispanic,Asian
Mr. Zhu,Ms. Zamora,Asian,Hispanic
Ms. Ravenell,Mr. Peck,Black,White
Mr. Keita,Mr. Lopez,Black,Hispanic
Mr. Nez,Ms. Hernandez,Native,Hispanic
Ms. Kebede,Mr. Cervantes,Black,Hispanic
Mr. Berger,Mr. Bullbear,White,Native
Mr. Todacheene,Ms. Donovan,Native,White
Ms. Schaefer,Ms. Wolf,White,White
Mr. Meyer,Ms. Gomez,White,Hispanic
Mr. Her,Ms. Cline,Asian,White
Ms. Bui,Mr. Cisse,Asian,Black
Mr. Russo,Ms. Vazquez,White,Hispanic
Ms. Friedman,Mr. Liu,White,Asian
Mr. Gutierrez,Ms. Warsame,Hispanic,Black
Ms. Lopez,Ms. Talayumptewa,Hispanic,Native
Ms. Coaxum,Ms. Pineda,Black,Hispanic
Mr. Zuniga,Ms. Leung,Hispanic,Asian
Mr. Beyene,Ms. Dorvil,Black,Black
Ms. Robles,Mr. Vargas,Hispanic,Hispanic
Mr. Mcmahon,Ms. Schneider,White,White
Mr. Cayaditto,Ms. Etcitty,Native,Native
Ms. Meza,Ms. Odonnell,Hispanic,White
Mr. Opoku,Ms. Moyer,Black,White
Mr. Gueye,Ms. Calixte,Black,Black
Ms. Dao,Ms. Hoover,Asian,White
Mr. Kameroff,Mr. Hoffman,Native,White
Mr. Soto,Mr. Pena,Hispanic,Hispanic
Mr. Metellus,Mr. Keyonnie,Black,Native
Mr. Henio,Mr. Espinoza,Native,Hispanic
Mr. Birdinground,Ms. Bitsie,Native,Native
Mr. Bangura,Ms. Tessay,Black,Native
Ms. Desai,Ms. Melendez,Asian,Hispanic
Mr. Bangura,Ms. Villarreal,Black,Hispanic
Ms. Parsons,Mr. Lopez,White,Hispanic
Mr. Salinas,Ms. Gonzalez,Hispanic,Hispanic
Ms. Chen,Ms. Brennan,Asian,White
Mr. Keyonnie,Mr. Abdullahi,Native,Black
Ms. Patel,Mr. Zhou,Asian,Asian
Mr. Cephas,Ms. Ojo,Black,Black
Mr. Njoroge,Mr. Cheng,Black,Asian
Mr. Kline,Mr. Edouard,White,Black
Mr. Santana,Mr. Beck,Hispanic,White
Ms. Gishie,Mr. Hahn,Native,White
Mr. Ma,Ms. Alvarez,Asian,Hispanic
Ms. Pan,Ms. Coaxum,Asian,Black
Ms. Munoz,Ms. Hebert,Hispanic,White
Mr. Haskie,Mr. Ibarra,Native,Hispanic
Mr. Estrada,Mr. Nielsen,Hispanic,White
Ms. Molina,Ms. Espinoza,Hispanic,Hispanic
Mr. Calderon,Ms. Larsen,Hispanic,White
Mr. Manigault,Ms. Christensen,Black,White
Mr. Mensah,Mr. Lawal,Black,Black
Ms. Fluellen,Ms. Valenzuela,Black,Hispanic
Ms. Guzman,Ms. Sweeney,Hispanic,White
Mr. Valenzuela,Mr. Petitfrere,Hispanic,Black
Mr. Yellowhair,Ms. Krueger,Native,White
Ms. Vu,Ms. Keller,Asian,White
Ms. Ahasteen,Ms. Sexton,Native,White
Ms. Zimmerman,Ms. Molina,White,Hispanic
Mr. Truong,Mr. Tabaha,Asian,Native
Mr. Benally,Ms. Rivera,Native,Hispanic
Mr. Truong,Mr. Macias,Asian,Hispanic
Ms. Flores,Mr. Weiss,Hispanic,White
Mr. Swanson,Ms. Schwartz,White,White
Ms. Crane,Mr. Berg,White,White
Mr. Jeancharles,Mr. Tsinnijinnie,Black,Native
Mr. Escobar,Ms. Meza,Hispanic,Hispanic
Ms. Calabaza,Ms. Begaye,Native,Native
Ms. Salas,Mr. Escobar,Hispanic,Hispanic
Ms. Gomez,Mr. Mohamud,Hispanic,Black
Mr. Kwon,Ms. Sharma,Asian,Asian
Mr. Schneider,Mr. Claw,White,Native
Mr. Zheng,Ms. Filsaime,Asian,Black
Mr. Chen,Ms. Nez,Asian,Native
Ms. Grandberry,Ms. Lo,Black,Asian
Mr. Alvarado,Ms. Calabaza,Hispanic,Native
Mr. Russo,Mr. Etsitty,White,Native
Mr. Edouard,Ms. Saintlouis,Black,Black
Mr. Aguilar,Ms. Abebe,Hispanic,Black
Ms. Kallestewa,Ms. Opoku,Native,Black
Mr. Fischer,Mr. Jeanfrancois,White,Black
Mr. Ngo,Ms. Mondesir,Asian,Black
Ms. He,Ms. Cheung,Asian,Asian
Ms. Gallegos,Mr. Dominguez,Hispanic,Hispanic
Ms. Salas,Mr. Weber,Hispanic,White
Mr. Zhou,Ms. Vu,Asian,Asian
Ms. Ngo,Ms. Hahn,Asian,White
Mr. Solis,Ms. Kline,Hispanic,White
Mr. Lu,Ms. Tsosie,Asian,Native
Ms. Chu,Mr. Lo,Asian,Asian
Ms. Velasquez,Mr. Chavez,Hispanic,Hispanic
Ms. Orozco,Ms. Sharma,Hispanic,Asian
Mr. Rangel,Ms. Littlelight,Hispanic,Native
Mr. Morse,Mr. Jalloh,White,Black
Ms. Rosales,Ms. Hartman,Hispanic,White
Mr. Do,Mr. Luong,Asian,Asian
Ms. Jeanlouis,Mr. Serrano,Black,Hispanic
Mr. Oh,Ms. Diallo,Asian,Black
Mr. Oconnor,Ms. Rangel,White,Hispanic
Mr. Olson,Mr. Weiss,White,White
Mr. Pineda,Mr. Shen,Hispanic,Asian
Mr. Tsinnie,Mr. Rivas,Native,Hispanic
Ms. Luu,Mr. Weiss,Asian,White
Mr. Fobbs,Ms. Mondesir,Black,Black
Ms. Opoku,Ms. Barrera,Black,Hispanic
Mr. Shen,Ms. Nielsen,Asian,White
Mr. Warsame,Ms. Tam,Black,Asian
Mr. Arias,Mr. Nez,Hispanic,Native
Mr. Zamora,Ms. Galvan,Hispanic,Hispanic
Mr. Krueger,Ms. Asare,White,Black
Mr. Walkingeagle,Mr. Chowdhury,Native,Asian
Mr. Fischer,Mr. Meyer,White,White
Mr. Abebe,Mr. Martinez,Black,Hispanic
Ms. Garcia,Ms. Dayzie,Hispanic,Native
Ms. Boyle,Ms. Sexton,White,White
Ms. Juarez,Ms. Jeancharles,Hispanic,Black
Mr. Bangura,Ms. Koroma,Black,Black
Ms. Hernandez,Ms. Keita,Hispanic,Black
Mr. Munoz,Ms. Chasinghawk,Hispanic,Native
Ms. Jama,Mr. Mensah,Black,Black
Ms. Ganadonegro,Mr. Cosay,Native,Native
Mr. Standingrock,Mr. Soto,Native,Hispanic
Mr. Leung,Mr. Berg,Asian,White
Ms. Sesay,Ms. Delgado,Black,Hispanic
Ms. Schneider,Ms. Schwartz,White,White
Ms. Lozano,Ms. Tan,Hispanic,Asian
Ms. Cayaditto,Ms. Castillo,Native,Hispanic
Ms. Jeanpierre,Ms. Suarez,Black,Hispanic
Mr. Dosela,Mr. Osei,Native,Black
Ms. Henio,Mr. Stark,Native,White
Mr. Phan,Ms. Saintlouis,Asian,Black
Mr. Attakai,Mr. Blankenship,Native,White
Mr. Claw,Ms. Castillo,Native,Hispanic
Ms. Crane,Mr. Campos,White,Hispanic
Mr. Yang,Ms. Hess,Asian,White
Ms. Figueroa,Ms. Goldtooth,Hispanic,Native
Mr. Atcitty,Ms. Howe,Native,White
Ms. Prophete,Ms. Cayaditto,Black,Native
Ms. Sun,Ms. Secody,Asian,Native
Ms. Solis,Ms. Tapaha,Hispanic,Native
Ms. Becker,Ms. Tapaha,White,Native
Mr. Zheng,Mr. Klein,Asian,White
Mr. Twobulls,Ms. Jacobson,Native,White
Ms. Becker,Ms. Christensen,White,White
Ms. Gao,Mr. Vega,Asian,Hispanic
Mr. Diaz,Ms. Bitsilly,Hispanic,Native
Mr. Jeanbaptiste,Ms. Tan,Black,Asian
Ms. Jeanjacques,Ms. Chery,Black,Black
Mr. Bitsuie,Ms. Tesfaye,Native,Black
Ms. Begaye,Ms. Gao,Native,Asian
Mr. Bitsui,Mr. Gishie,Native,Native
Mr. Hailu,Mr. Notah,Black,Native
Ms. Prioleau,Ms. Kanuho,Black,Native
Ms. Ochoa,Ms. Thai,Hispanic,Asian
Mr. Liang,Ms. Begay,Asian,Native
Mr. Cline,Ms. Brennan,White,White
Mr. Lozano,Ms. Tan,Hispanic,Asian
Ms. Oconnor,Ms. Dinh,White,Asian
Mr. Yoder,Ms. Thai,White,Asian
Ms. Hyppolite,Ms. Ravenell,Black,Black
Ms. Jama,Ms. Dinh,Black,Asian
Mr. Smalls,Ms. Lozano,Black,Hispanic
Mr. Ojo,Ms. Prophete,Black,Black
Ms. Jiang,Ms. Yellowman,Asian,Native
Mr. Jensen,Mr. Oconnor,White,White
Mr. Bangura,Ms. Hanson,Black,White
Mr. Bedonie,Mr. Wassillie,Native,Native
Mr. Blackhorse,Mr. Smalls,Native,Black
Mr. Poorbear,Ms. Fofana,Native,Black
Mr. Yan,Mr. Mueller,Asian,White
Mr. Ibarra,Ms. Avila,Hispanic,Hispanic
Ms. Zimmerman,Mr. Kidane,White,Black
Ms. Boyle,Ms. Bitsuie,White,Native
Mr. Hess,Ms. Morse,White,White
Ms. Secody,Ms. Nez,Native,Native
Ms. Roanhorse,Mr. Case,Native,White
Ms. Yellowman,Mr. Thai,Native,Asian
Mr. Suarez,Ms. Flynn,Hispanic,White
Ms. Owusu,Mr. Yoo,Black,Asian
Mr. Chavez,Ms. Yellowhair,Hispanic,Native
Mr. Hoover,Mr. Velasquez,White,Hispanic
Ms. Cho,Mr. Yoder,Asian,White
Ms. Mayweather,Mr. Mekonnen,Black,Black
Mr. Yi,Ms. Hebert,Asian,White
Mr. Salinas,Ms. Belizaire,Hispanic,Black
Ms. Shah,Ms. Cline,Asian,White
Ms. Alvarez,Ms. Schultz,Hispanic,White
Ms. Mueller,Ms. Garcia,White,Hispanic
Mr. Grandberry,Ms. Carlson,Black,White
Ms. Kamara,Ms. Serrano,Black,Hispanic
Mr. Herrera,Mr. Calabaza,Hispanic,Native
Ms. Larsen,Mr. Zamora,White,Hispanic
Ms. Ryan,Mr. Abdullahi,White,Black
Ms. Hansen,Mr. Flynn,White,White
Ms. Wigfall,Ms. Ochoa,Black,Hispanic
Mr. Ojo,Mr. Gomez,Black,Hispanic
Mr. Zimmerman,Mr. Su,White,Asian
Ms. Dorvil,Mr. Zhang,Black,Asian
Ms. Cho,Ms. Phan,Asian,Asian
Mr. Vega,Ms. Abebe,Hispanic,Black
Mr. Hardnett,Mr. Kanuho,Black,Native
Ms. Duong,Mr. Benally,Asian,Native
Mr. Filsaime,Mr. Stein,Black,White
Mr. Becenti,Ms. Trevino,Native,Hispanic
Ms. Spottedeagle,Ms. Ryan,Native,White
Mr. Shin,Ms. Huynh,Asian,Asian
Mr. Bah,Mr. Le,Black,Asian
Ms. Tadesse,Mr. Yi,Black,Asian
Mr. Begay,Ms. Zhang,Native,Asian
Ms. Chiu,Ms. Bauer,Asian,White
Ms. Liang,Ms. Ma,Asian,Asian
Mr. Bienaime,Mr. Larson,Black,White
Ms. Aguilar,Ms. Suarez,Hispanic,Hispanic
Ms. Walsh,Ms. Yan,White,Asian
Mr. Yoo,Ms. Atcitty,Asian,Native
Ms. Rodriguez,Mr. Lu,Hispanic,Asian
Ms. Sesay,Ms. Sow,Black,Black
Mr. Attakai,Mr. Xu,Native,Asian
Mr. Rangel,Mr. Koch,Hispanic,White
Ms. Herrera,Mr. Desir,Hispanic,Black
Mr. Mwangi,Mr. Liu,Black,Asian
Ms. Huang,Ms. Serrano,Asian,Hispanic
Mr. Gao,Ms. Russo,Asian,White
Ms. Ngo,Ms. Mondesir,Asian,Black
Ms. Christensen,Ms. Ruiz,White,Hispanic
Mr. Diop,Ms. Gallegos,Black,Hispanic
Mr. Heavyrunner,Mr. Filsaime,Native,Black
Ms. Okafor,Mr. Whiteface,Black,Native
Ms. Standingrock,Mr. Soto,Native,Hispanic
Ms. Smalls,Mr. Lozano,Black,Hispanic
Ms. Bartlett,Mr. Pena,White,Hispanic
Ms. Diop,Mr. Vang,Black,Asian
Ms. Kaur,Mr. Barrera,Asian,Hispanic
Mr. Nielsen,Mr. Clitso,White,Native
Mr. Mccarthy,Ms. Beyene,White,Black
Mr. Vassell,Mr. Addo,Black,Black
Ms. Yan,Ms. Gallegos,Asian,Hispanic
Ms. Hurley,Mr. Dang,White,Asian
Ms. Juarez,Mr. Cayaditto,Hispanic,Native
Ms. Rios,Mr. Dorvil,Hispanic,Black
Ms. Frimpong,Mr. Arias,Black,Hispanic
Ms. Xu,Mr. Mejia,Asian,Hispanic
Ms. Zhao,Mr. Arias,Asian,Hispanic
Mr. Castillo,Ms. Peck,Hispanic,White
Ms. Yellowhair,Mr. Vargas,Native,Hispanic
Mr. Ganadonegro,Mr. Cosay,Native,Native
Mr. Mehta,Ms. Lara,Asian,Hispanic
Mr. Bui,Ms. Tang,Asian,Asian
Mr. Garcia,Mr. Vega,Hispanic,Hispanic
Ms. Abebe,Mr. Martinez,Black,Hispanic
Ms. Lu,Mr. Cabrera,Asian,Hispanic
Ms. Keyonnie,Mr. Pan,Native,Asian
Ms. Kline,Mr. Littledog,White,Native
Ms. Clitso,Mr. Abebe,Native,Black
Ms. Berger,Ms. Zhao,White,Asian
Mr. Abdullahi,Ms. Castaneda,Black,Hispanic
Mr. Opoku,Ms. Mehta,Black,Asian
Ms. Russo,Ms. Kwon,White,Asian
Ms. Morales,Mr. Peshlakai,Hispanic,Native
Mr. Ma,Mr. Alvarez,Asian,Hispanic
Mr. Twobulls,Ms. Manigault,Native,Black
Mr. Marquez,Mr. Adjei,Hispanic,Black
Ms. Krueger,Mr. Asare,White,Black
Mr. Garza,Mr. Luu,Hispanic,Asian
Ms. Moreno,Ms. Huynh,Hispanic,Asian
Mr. Alvarez,Mr. Heavyrunner,Hispanic,Native
Mr. Beyale,Mr. Asare,Native,Black
Ms. Pierrelouis,Ms. Ortega,Black,Hispanic
Ms. Littlelight,Ms. Chery,Native,Black
Mr. Kim,Ms. Crane,Asian,White
Mr. Torres,Ms. Schaefer,Hispanic,White
Ms. Ortiz,Ms. Klein,Hispanic,White
Mr. Gishie,Ms. Jeanpierre,Native,Black
Mr. Jeancharles,Mr. Ly,Black,Asian
Ms. Leaks,Ms. Morse,Black,White
Mr. Vue,Ms. Mendez,Asian,Hispanic
Mr. Krueger,Mr. Asare,White,Black
Mr. Cephas,Mr. Begay,Black,Native
Mr. Roanhorse,Mr. Lim,Native,Asian
Mr. Tsosie,Ms. Rivera,Native,Hispanic
Ms. Littlewhiteman,Ms. Beyene,Native,Black
Ms. Cheung,Mr. Etsitty,Asian,Native
Mr. Littledog,Mr. Whitehat,Native,Native
Mr. Belizaire,Ms. Saintil,Black,Black
Mr. Wu,Ms. Goseyun,Asian,Native
Mr. Lara,Ms. Chasinghawk,Hispanic,Native
Ms. Etsitty,Ms. Secody,Native,Native
Ms. Ngo,Mr. Hahn,Asian,White
Mr. Her,Mr. Cline,Asian,White
Mr. Keita,Mr. Ho,Black,Asian
Mr. Notafraid,Ms. Ruiz,Native,Hispanic
Mr. Villarreal,Ms. Njoroge,Hispanic,Black
Mr. Birdinground,Mr. Sharma,Native,Asian
Mr. Kidane,Ms. Arcoren,Black,Native
Mr. Salazar,Ms. Reilly,Hispanic,White
Mr. Zheng,Mr. Sanchez,Asian,Hispanic
Mr. Oconnor,Mr. Dinh,White,Asian
Mr. Hoffman,Mr. Dong,White,Asian
Ms. Tadesse,Mr. Ravenell,Black,Black
Ms. Lor,Mr. Yellowman,Asian,Native
Ms. Tran,Ms. Diaz,Asian,Hispanic
Mr. Cosay,Mr. Yellowhair,Native,Native
Mr. Weber,Mr. Ho,White,Asian
Mr. Guzman,Mr. Tran,Hispanic,Asian
Mr. Roanhorse,Ms. Lim,Native,Asian
Mr. Njoroge,Ms. Cheng,Black,Asian
Ms. Larsen,Ms. Conrad,White,White
Ms. Littlelight,Ms. Fischer,Native,White
Ms. Ngo,Mr. Sun,Asian,Asian
Mr. Galvan,Ms. Friedman,Hispanic,White
Ms. Owen,Ms. Reilly,White,White
Mr. Hartman,Mr. Alvarez,White,Hispanic
Mr. Chowdhury,Ms. Trevino,Asian,Hispanic
Ms. Bitsuie,Ms. Kwon,Native,Asian
Mr. Howe,Mr. Ibarra,White,Hispanic
Mr. Boateng,Ms. Fluellen,Black,Black
Mr. Haskie,Ms. Asare,Native,Black
Ms. Rodriguez,Ms. Tsethlikai,Hispanic,Native
Ms. Pan,Ms. Cabrera,Asian,Hispanic
Ms. Roth,Mr. Secody,White,Native
Mr. Stein,Ms. Zhu,White,Asian
Ms. Dominguez,Ms. Yoon,Hispanic,Asian
Mr. Kim,Mr. Zhou,Asian,Asian
Mr. Tam,Mr. Cisse,Asian,Black
Ms. Macias,Ms. Okafor,Hispanic,Black
Ms. Kim,Ms. Crane,Asian,White
Ms. Metellus,Mr. Medina,Black,Hispanic
Ms. Schultz,Ms. Straughter,White,Black
Ms. Begaye,Ms. Werito,Native,Native
Ms. Aguirre,Ms. Koroma,Hispanic,Black
Mr. Patel,Mr. Balogun,Asian,Black
Ms. Poorbear,Mr. Munoz,Native,Hispanic
Ms. Dayzie,Ms. Su,Native,Asian
Ms. Guo,Ms. Jeancharles,Asian,Black
Mr. Diop,Ms. Belizaire,Black,Black
Ms. Morales,Mr. Zamora,Hispanic,Hispanic
Ms. Sexton,Ms. Mensah,White,Black
Ms. Pham,Ms. Tsosie,Asian,Native
Ms. Clah,Ms. Owen,Native,White
Mr. Reilly,Ms. Tran,White,Asian
Mr. Goseyun,Ms. Snyder,Native,White
Mr. Moyer,Ms. Yohannes,White,Black
Ms. Apachito,Ms. Reilly,Native,White
Mr. Balogun,Ms. Okeke,Black,Black
Ms. Macdonald,Ms. Zuniga,White,Hispanic
Ms. Zhou,Mr. Standingrock,Asian,Native
Mr. Klein,Mr. Macdonald,White,White
Mr. Vo,Mr. Melendez,Asian,Hispanic
Ms. Chau,Mr. Henio,Asian,Native
Mr. Han,Mr. Blueeyes,Asian,Native
Ms. Dosela,Ms. Klein,Native,White
Ms. Diallo,Ms. Beyale,Black,Native
Mr. Etsitty,Mr. Secody,Native,Native
Ms. Kanuho,Mr. Chavez,Native,Hispanic
Mr. Guzman,Ms. Tran,Hispanic,Asian
Ms. Keyonnie,Ms. Pan,Native,Asian
Ms. Tsosie,Ms. Chen,Native,Asian
Ms. Zuniga,Mr. Mccarthy,Hispanic,White
Ms. Mehta,Ms. Beyene,Asian,Black
Ms. Metellus,Mr. Schultz,Black,White
Ms. Molina,Ms. Hensley,Hispanic,White
Mr. Lin,Ms. Chen,Asian,Asian
Ms. Shah,Ms. Grandberry,Asian,Black
Mr. Ethelbah,Ms. Flynn,Native,White
Ms. Heavyrunner,Ms. Ganadonegro,Native,Native
Mr. Manygoats,Ms. Walkingeagle,Native,Native
Mr. Moyer,Ms. Rasmussen,White,White
Ms. Tsinnijinnie,Mr. Song,Native,Asian
Ms. Shije,Mr. Tan,Native,Asian
Ms. Becenti,Mr. Huffman,Native,White
Mr. Velazquez,Ms. Gueye,Hispanic,Black
Ms. Heavyrunner,Mr. Knapp,Native,White
Ms. Jeanbaptiste,Mr. Gadson,Black,Black
Mr. Mora,Ms. Liu,Hispanic,Asian
Ms. Adjei,Mr. Donovan,Black,White
Mr. Liu,Ms. Fofana,Asian,Black
Ms. Rosales,Mr. Clitso,Hispanic,Native
Ms. Schwartz,Mr. Molina,White,Hispanic
Ms. Su,Mr. Saintil,Asian,Black
Ms. Rivas,Mr. Li,Hispanic,Asian
Mr. Rangel,Mr. Littlelight,Hispanic,Native
Mr. Choi,Mr. Rios,Asian,Hispanic
Ms. Tabaha,Ms. Russo,Native,White
Ms. Fischer,Ms. Manuelito,White,Native
Mr. Attakai,Mr. Clitso,Native,Native
Mr. Standingrock,Mr. Arcoren,Native,Native
Ms. Lo,Mr. Cayaditto,Asian,Native
Ms. Lin,Mr. Keams,Asian,Native
Mr. Sesay,Ms. Duffy,Black,White
Ms. Lopez,Mr. Zhou,Hispanic,Asian
Mr. Maldonado,Ms. Warsame,Hispanic,Black
Mr. Gallagher,Ms. Swanson,White,White
Ms. Liu,Ms. Chowdhury,Asian,Asian
Mr. Case,Mr. Kamara,White,Black
Mr. Stfleur,Mr. Shen,Black,Asian
Ms. Ajayi,Ms. Secody,Black,Native
Mr. Rios,Mr. Tabaha,Hispanic,Native
Ms. Kallestewa,Mr. Bitsilly,Native,Native
Ms. Saintlouis,Mr. Birdinground,Black,Native
Ms. Chau,Mr. Kramer,Asian,White
Ms. Moyer,Mr. Yohannes,White,Black
Mr. Arias,Mr. Wang,Hispanic,Asian
Ms. Todacheenie,Ms. Oh,Native,Asian
Ms. Zhao,Ms. Becker,Asian,White
Mr. Jiang,Mr. Ortega,Asian,Hispanic
Ms. Figueroa,Mr. Stfleur,Hispanic,Black
Mr. Moreno,Ms. Odonnell,Hispanic,White
Mr. Erickson,Ms. Hebert,White,White
Mr. Whitehat,Ms. Olson,Native,White
Ms. Patel,Ms. Zhou,Asian,Asian
Mr. Gupta,Ms. Zuniga,Asian,Hispanic
Mr. Yoder,Mr. Goseyun,White,Native
Ms. Brennan,Ms. Lopez,White,Hispanic
Mr. Hwang,Mr. Meza,Asian,Hispanic
Mr. Standingrock,Mr. Cao,Native,Asian
Mr. Thao,Mr. Tabaha,Asian,Native
Ms. Donovan,Mr. Oconnor,White,White
Ms. Benally,Ms. Herman,Native,White
Ms. Lasiloo,Mr. Rodriguez,Native,Hispanic
Mr. Friedman,Ms. Desir,White,Black
Mr. Mcmahon,Ms. Laughing,White,Native
Ms. He,Mr. Cheung,Asian,Asian
Ms. Tsosie,Mr. Rivera,Native,Hispanic
Ms. Chung,Mr. Delgado,Asian,Hispanic
Ms. Maldonado,Ms. Etsitty,Hispanic,Native
Mr. Jeanbaptiste,Ms. Gadson,Black,Black
Ms. Schaefer,Mr. Alvarado,White,Hispanic
Mr. Castillo,Mr. Peck,Hispanic,White
Ms. Abdullahi,Ms. Bitsui,Black,Native
Ms. Guo,Ms. Kameroff,Asian,Native
Mr. Yu,Ms. Metellus,Asian,Black
Mr. Han,Ms. Donovan,Asian,White
Mr. Tabaha,Mr. Russo,Native,White
Ms. Owusu,Ms. Yoo,Black,Asian
Mr. Begay,Mr. Whiteface,Native,Native
Ms. Vega,Ms. Abebe,Hispanic,Black
Ms. Phan,Mr. Zhu,Asian,Asian
Ms. Gishie,Ms. Perez,Native,Hispanic
Mr. Munoz,Mr. Boykins,Hispanic,Black
Ms. Stark,Mr. Molina,White,Hispanic
Ms. Espinoza,Mr. Zheng,Hispanic,Asian
Ms. Lim,Mr. Wauneka,Asian,Native
Mr. Hoover,Mr. Desir,White,Black
Mr. Tapaha,Ms. Soto,Native,Hispanic
Mr. Bullbear,Mr. Keams,Native,Native
Mr. Bienaime,Mr. Yepa,Black,Native
Mr. Mora,Mr. Yepa,Hispanic,Native
Ms. Koch,Mr. Belizaire,White,Black
Mr. Lim,Mr. Donovan,Asian,White
Ms. Velez,Ms. Ryan,Hispanic,White
Ms. Tadesse,Ms. Fry,Black,White
Mr. Bauer,Mr. Dong,White,Asian
Mr. Owusu,Mr. Boykins,Black,Black
Ms. Luong,Ms. Clah,Asian,Native
Mr. Mondesir,Mr. Chasinghawk,Black,Native
Mr. Bekele,Mr. Conteh,Black,Black
Ms. Schaefer,Mr. Mekonnen,White,Black
Ms. Mcmahon,Mr. Medina,White,Hispanic
Mr. Shen,Mr. Delgarito,Asian,Native
Ms. Jeancharles,Ms. Rodriguez,Black,Hispanic
Ms. Cline,Mr. Meza,White,Hispanic
Ms. Arcoren,Mr. Tesfaye,Native,Black
Ms. Pena,Ms. Ravenell,Hispanic,Black
Ms. Mcmahon,Ms. Jama,White,Black
Ms. Flynn,Mr. Contreras,White,Hispanic
Ms. Diaz,Ms. Mccarthy,Hispanic,White
Mr. Castillo,Mr. Ngo,Hispanic,Asian
Ms. Liu,Ms. Fofana,Asian,Black
Mr. Bienaime,Mr. Louissaint,Black,Black
Ms. Wolf,Mr. Appiah,White,Black
Mr. Thai,Mr. Todacheene,Asian,Native
Ms. Christensen,Ms. Cline,White,White
Ms. Xu,Ms. Yellowman,Asian,Native
Mr. Mccarthy,Ms. Ng,White,Asian
Ms. Calabaza,Ms. Yoo,Native,Asian
Ms. Manuelito,Mr. Gutierrez,Native,Hispanic
Ms. Guerrero,Ms. Cowboy,Hispanic,Native
Mr. Dougherty,Ms. Zhou,White,Asian
Mr. Jensen,Mr. Xu,White,Asian
Ms. Clitso,Ms. Garcia,Native,Hispanic
Mr. Saintlouis,Mr. Rojas,Black,Hispanic
Ms. Tam,Mr. Cisse,Asian,Black
Ms. Huynh,Ms. Chiu,Asian,Asian
Ms. Martinez,Mr. Spottedhorse,Hispanic,Native
Ms. Kim,Mr. Zhou,Asian,Asian
Ms. Bullbear,Mr. Sexton,Native,White
Ms. Lim,Mr. Zamora,Asian,Hispanic
Mr. Jiang,Ms. Ortega,Asian,Hispanic
Ms. Moyer,Mr. Tam,White,Asian
Ms. Secatero,Mr. Njoroge,Native,Black
Mr. Gishie,Mr. Perez,Native,Hispanic
Mr. Mccarthy,Mr. Berger,White,White
Ms. Wang,Mr. Cisse,Asian,Black
Mr. Cabrera,Ms. Le,Hispanic,Asian
Ms. Yoder,Ms. Goseyun,White,Native
Mr. Owusu,Mr. Castillo,Black,Hispanic
Ms. Gomez,Mr. Mahoney,Hispanic,White
Ms. Wauneka,Ms. Soto,Native,Hispanic
Mr. Aguirre,Mr. Dang,Hispanic,Asian
Mr. Toure,Mr. Padilla,Black,Hispanic
Mr. Chowdhury,Mr. Brennan,Asian,White
Ms. Hoffman,Mr. Schultz,White,White
Ms. Cayaditto,Mr. Etcitty,Native,Native
Ms. Tsinnie,Ms. Delgarito,Native,Native
Mr. Cheung,Mr. Macias,Asian,Hispanic
Ms. Runningcrane,Ms. Chowdhury,Native,Asian
Mr. Tsethlikai,Ms. Do,Native,Asian
Mr. Calderon,Mr. Chiu,Hispanic,Asian
Mr. Sanchez,Ms. Benallie,Hispanic,Native
Ms. Alvarez,Ms. Cisse,Hispanic,Black
Mr. Lopez,Ms. Chavez,Hispanic,Hispanic
Mr. Tran,Ms. Secatero,Asian,Native
Ms. Okoro,Ms. Ethelbah,Black,Native
Ms. Howe,Ms. Tran,White,Asian
Mr. Njoroge,Ms. Yazzie,Black,Native
Mr. Clitso,Mr. Trinh,Native,Asian
Mr. Manygoats,Ms. Chery,Native,Black
Mr. Alvarez,Mr. Schultz,Hispanic,White
Ms. Runningcrane,Mr. Okoro,Native,Black
Ms. Lo,Ms. Petitfrere,Asian,Black
Mr. Carlson,Ms. Vue,White,Asian
Ms. Boateng,Ms. Lor,Black,Asian
Mr. Fofana,Mr. Addo,Black,Black
Ms. Garza,Ms. Rangel,Hispanic,Hispanic
Ms. Song,Ms. Rosales,Asian,Hispanic
Mr. Ko,Mr. Jiang,Asian,Asian
Mr. Jensen,Ms. Benally,White,Native
Mr. Swanson,Ms. Galvan,White,Hispanic
Mr. Asare,Mr. Cosay,Black,Native
Ms. Mohamud,Ms. Hensley,Black,White
Ms. Pham,Ms. Bangura,Asian,Black
Ms. Peck,Ms. Owen,White,White
Ms. Ho,Mr. Dang,Asian,Asian
Mr. Tesfaye,Ms. Addo,Black,Black
Ms. Lu,Ms. Cabrera,Asian,Hispanic
Mr. Vu,Mr. Abebe,Asian,Black
Mr. Bullbear,Ms. Hailu,Native,Black
Ms. Han,Mr. Salazar,Asian,Hispanic
Ms. Whitehat,Ms. Wang,Native,Asian
Mr. Goseyun,Mr. Okafor,Native,Black
Mr. Bitsui,Mr. Liu,Native,Asian
Ms. Ha,Ms. Villarreal,Asian,Hispanic
Ms. Louissaint,Mr. Tsinnijinnie,Black,Native
Mr. Appiah,Mr. Rasmussen,Black,White
Ms. Ravenell,Ms. Prioleau,Black,Black
Ms. Chau,Ms. Velez,Asian,Hispanic
Ms. Do,Ms. Chasinghawk,Asian,Native
Ms. Hoffman,Mr. Marquez,White,Hispanic
Mr. Runningcrane,Mr. Zamora,Native,Hispanic
Ms. Blackgoat,Mr. Ko,Native,Asian
Mr. Rojas,Mr. Vu,Hispanic,Asian
Ms. Wagner,Ms. Salas,White,Hispanic
Mr. Cardenas,Ms. Prophete,Hispanic,Black
Mr. Robles,Ms. Vargas,Hispanic,Hispanic
Mr. Zhu,Ms. Cosay,Asian,Native
Mr. Gallagher,Mr. Duong,White,Asian
Mr. Kwon,Ms. Smallcanyon,Asian,Native
Ms. Schroeder,Mr. Hahn,White,White
Mr. Dao,Ms. Mendez,Asian,Hispanic
Mr. Vega,Mr. Petersen,Hispanic,White
Mr. Zimmerman,Ms. Kidane,White,Black
Mr. Hoffman,Ms. Marquez,White,Hispanic
Mr. Suarez,Ms. Marquez,Hispanic,Hispanic
Ms. Huynh,Ms. Conteh,Asian,Black
Mr. Spottedhorse,Ms. Bah,Native,Black
Ms. Wigfall,Mr. Owusu,Black,Black
Mr. Ulysse,Ms. Friedman,Black,White
Ms. Saintil,Ms. Colelay,Black,Native
Ms. Mcmahon,Ms. Laughing,White,Native
Mr. Osei,Ms. Hu,Black,Asian
Mr. Whiteface,Ms. Fobbs,Native,Black
Mr. Contreras,Mr. Fofana,Hispanic,Black
Mr. Decker,Ms. Li,White,Asian
Ms. Mccarthy,Ms. Espinoza,White,Hispanic
Mr. Littledog,Ms. Salazar,Native,Hispanic
Mr. Hwang,Ms. Meza,Asian,Hispanic
Ms. Yellowhair,Mr. Walkingeagle,Native,Native
Ms. Han,Ms. Donovan,Asian,White
Mr. Aguilar,Ms. Ryan,Hispanic,White
Ms. Abebe,Mr. Yoon,Black,Asian
Ms. Sow,Mr. Kidane,Black,Black
Ms. Zheng,Ms. Filsaime,Asian,Black
Mr. Zheng,Ms. Klein,Asian,White
Mr. Le,Mr. Ajayi,Asian,Black
Mr. Dang,Ms. Eriacho,Asian,Native
Ms. Lopez,Ms. Ryan,Hispanic,White
Mr. Yoo,Ms. Cheung,Asian,Asian
Ms. Gallagher,Ms. Boykins,White,Black
Ms. Jeanfrancois,Ms. Huber,Black,White
Mr. Herrera,Mr. Desir,Hispanic,Black
Ms. Swanson,Mr. Ng,White,Asian
Mr. Dosela,Ms. Kang,Native,Asian
Ms. Twobulls,Ms. Manigault,Native,Black
Ms. Whitehat,Mr. Olson,Native,White
Mr. Gueye,Mr. Hartman,Black,White
Ms. Blackhorse,Mr. Smalls,Native,Black
Ms. Desai,Ms. Littlewhiteman,Asian,Native
Ms. Etcitty,Mr. Exantus,Native,Black
Ms. Okafor,Ms. Chery,Black,Black
Mr. Weiss,Ms. Yoder,White,White
Ms. Patel,Ms. Valenzuela,Asian,Hispanic
Mr. Chung,Ms. Klein,Asian,White
Ms. Dao,Mr. Phan,Asian,Asian
Mr. Carrillo,Ms. Wauneka,Hispanic,Native
Ms. Dorvil,Mr. Walkingeagle,Black,Native
Mr. Hahn,Ms. Peshlakai,White,Native
Ms. Chery,Ms. Figueroa,Black,Hispanic
Ms. Ravenell,Mr. Begum,Black,Asian
Mr. Tabaha,Ms. Claw,Native,Native
Mr. Pierrelouis,Mr. Ortega,Black,Hispanic
Ms. Rasmussen,Mr. Jimenez,White,Hispanic
Ms. Arcoren,Mr. Oh,Native,Asian
Mr. Medina,Ms. Littlewhiteman,Hispanic,Native
Ms. Chowdhury,Mr. Trevino,Asian,Hispanic
Mr. Contreras,Ms. Fofana,Hispanic,Black
Ms. Hanson,Mr. Mayweather,White,Black
Ms. Blackgoat,Mr. Sanchez,Native,Hispanic
Ms. Ayze,Mr. Han,Native,Asian
Ms. Cardenas,Ms. Berger,Hispanic,White
Mr. Her,Mr. Whiteface,Asian,Native
Mr. Manigault,Ms. Kamara,Black,Black
Mr. Foley,Ms. Tsinnie,White,Native
Ms. Mora,Mr. Liu,Hispanic,Asian
Mr. Klein,Ms. Jeanlouis,White,Black
Ms. Blackhorse,Mr. Shaffer,Native,White
Mr. Bullbear,Mr. Molina,Native,Hispanic
Ms. Addo,Ms. Yoder,Black,White
Mr. Cisse,Ms. Sexton,Black,White
Ms. Huber,Mr. Brandt,White,White
Mr. Louissaint,Mr. Tsinnijinnie,Black,Native
Mr. Whiteplume,Ms. Ramirez,Native,Hispanic
Mr. Knapp,Mr. Ko,White,Asian
Ms. Christensen,Ms. Leung,White,Asian
Ms. Garza,Mr. Luu,Hispanic,Asian
Ms. Duong,Mr. Kidane,Asian,Black
Mr. Zhou,Ms. Mayweather,Asian,Black
Ms. Cervantes,Mr. Laughing,Hispanic,Native
Ms. Mora,Ms. Yepa,Hispanic,Native
Mr. Hsu,Ms. Santana,Asian,Hispanic
Mr. Tsethlikai,Mr. Do,Native,Asian
Mr. Yoon,Mr. Rivas,Asian,Hispanic
Mr. Pierrelouis,Ms. Gupta,Black,Asian
Mr. Solis,Ms. Adjei,Hispanic,Black
Mr. Duong,Ms. Macdonald,Asian,White
Ms. Han,Mr. Frimpong,Asian,Black
Ms. Ajayi,Mr. Secody,Black,Native
Mr. Guerrero,Ms. Yang,Hispanic,Asian
Ms. Lin,Mr. Chen,Asian,Asian
Ms. Colelay,Mr. Claw,Native,Native
Mr. Wang,Ms. Nunez,Asian,Hispanic
Mr. Toure,Ms. Padilla,Black,Hispanic
Mr. Heavyrunner,Ms. Zamora,Native,Hispanic
Ms. Le,Ms. Phan,Asian,Asian
Ms. Appiah,Ms. Rasmussen,Black,White
Ms. Song,Mr. Secody,Asian,Native
Mr. Cheng,Ms. Nguyen,Asian,Asian
Mr. Ethelbah,Ms. Patel,Native,Asian
Ms. Calixte,Ms. Blankenship,Black,White
Mr. Shin,Mr. Veasley,Asian,Black
Ms. Estrada,Ms. Claw,Hispanic,Native
Ms. Warsame,Mr. Blackgoat,Black,Native
Mr. Nez,Mr. Nielsen,Native,White
Mr. Tsosie,Mr. Kamara,Native,Black
Ms. Gueye,Mr. Yoon,Black,Asian
Mr. Lu,Ms. Li,Asian,Asian
Mr. Sexton,Ms. Mensah,White,Black
Mr. Jeanpierre,Ms. Mehta,Black,Asian
Mr. Adjei,Mr. Bitsui,Black,Native
Ms. Littledog,Mr. Leung,Native,Asian
Mr. Shen,Ms. Guo,Asian,Asian
Ms. Trevino,Ms. Molina,Hispanic,Hispanic
Mr. Chavez,Mr. Herman,Hispanic,White
Mr. Roth,Mr. Villarreal,White,Hispanic
Mr. Gupta,Ms. Lai,Asian,Asian
Mr. Bui,Mr. Tang,Asian,Asian
Mr. Gadson,Mr. Johnston,Black,White
Mr. Roth,Mr. Secody,White,Native
Mr. Bienaime,Ms. Louissaint,Black,Black
Ms. Thai,Mr. Huber,Asian,White
Ms. Yoon,Mr. He,Asian,Asian
Ms. Jama,Mr. Dinh,Black,Asian
Ms. Clah,Ms. Littlewhiteman,Native,Native
Ms. Odonnell,Mr. Becker,White,White
Mr. Osei,Mr. Hu,Black,Asian
Ms. Huffman,Mr. Zimmerman,White,White
Ms. Todacheenie,Ms. Hansen,Native,White
Mr. Rosales,Ms. Begum,Hispanic,Asian
Mr. Stark,Mr. Blueeyes,White,Native
Ms. Mensah,Ms. Thao,Black,Asian
Ms. Vasquez,Ms. Vasquez,Hispanic,Hispanic
Mr. Santana,Mr. Ganadonegro,Hispanic,Native
Mr. Jeanbaptiste,Mr. Claw,Black,Native
Ms. Huang,Mr. Yeboah,Asian,Black
Ms. Hurley,Ms. Chinana,White,Native
Mr. Suarez,Mr. Clitso,Hispanic,Native
Ms. Lu,Ms. Tsosie,Asian,Native
Mr. Wagner,Ms. He,White,Asian
Mr. Zhou,Mr. Standingrock,Asian,Native
Ms. Pena,Ms. Padilla,Hispanic,Hispanic
Ms. Roanhorse,Mr. Lim,Native,Asian
Ms. Bienaime,Ms. Ruiz,Black,Hispanic
Mr. Diaz,Mr. Bitsilly,Hispanic,Native
Mr. Macias,Ms. Okafor,Hispanic,Black
Mr. Ajayi,Mr. Asare,Black,Black
Ms. Jeanbaptiste,Ms. Perez,Black,Hispanic
Mr. Melendez,Mr. Beck,Hispanic,White
Mr. Beck,Mr. Hoover,White,White
Ms. Goseyun,Mr. Blackgoat,Native,Native
Ms. Littledog,Mr. Whitehat,Native,Native
Ms. Escobar,Mr. Petersen,Hispanic,White
Ms. Olson,Ms. Dominguez,White,Hispanic
Mr. Gishie,Ms. Hahn,Native,White
Mr. Ma,Mr. Duffy,Asian,White
Ms. Hartman,Ms. Sexton,White,White
Mr. Patel,Ms. Zhou,Asian,Asian
Ms. Schwartz,Ms. Molina,White,Hispanic
Mr. Bullbear,Ms. Sexton,Native,White
Ms. Maldonado,Mr. Roth,Hispanic,White
Ms. Olsen,Ms. Ndiaye,White,Black
Ms. Littlewhiteman,Mr. Bedonie,Native,Native
Ms. Mueller,Ms. Leung,White,Asian
Mr. Decker,Ms. Leaks,White,Black
Ms. Whiteface,Ms. Gomez,Native,Hispanic
Ms. Rodriguez,Mr. Reilly,Hispanic,White
Ms. Obrien,Ms. Salinas,White,Hispanic
Mr. Standingrock,Ms. Klein,Native,White
Mr. Veasley,Mr. Mcmahon,Black,White
Mr. Odonnell,Mr. Her,White,Asian
Mr. Dayzie,Ms. Walsh,Native,White
Mr. Lin,Mr. Chen,Asian,Asian
Ms. Louissaint,Ms. Jacobson,Black,White
Ms. Birdinground,Mr. Fluellen,Native,Black
Mr. Chu,Mr. Beck,Asian,White
Ms. Serrano,Ms. Han,Hispanic,Asian
Ms. Thai,Ms. Todacheene,Asian,Native
Mr. Jensen,Ms. Moreno,White,Hispanic
Ms. Manigault,Mr. Standingrock,Black,Native
Ms. Henio,Mr. Heavyrunner,Native,Native
Mr. Han,Ms. Blueeyes,Asian,Native
Ms. Perez,Mr. Rojas,Hispanic,Hispanic
Ms. Yohannes,Mr. Christensen,Black,White
Mr. Desai,Mr. Gadson,Asian,Black
Mr. Santana,Mr. Hoang,Hispanic,Asian
Ms. Krueger,Ms. Asare,White,Black
Ms. Fry,Ms. Velasquez,White,Hispanic
Ms. Russo,Mr. Conteh,White,Black
Mr. Zamora,Mr. Berhane,Hispanic,Black
Ms. Santana,Mr. Beck,Hispanic,White
Mr. Abdullahi,Mr. Addo,Black,Black
Ms. Chery,Ms. Yohannes,Black,Black
Mr. Lara,Ms. Robles,Hispanic,Hispanic
Ms. Hwang,Mr. Schwartz,Asian,White
Ms. Lu,Mr. Li,Asian,Asian
Ms. Lasiloo,Ms. Todacheenie,Native,Native
Ms. Decker,Mr. Li,White,Asian
Mr. Lawal,Ms. Kim,Black,Asian
Mr. Todacheenie,Ms. Oh,Native,Asian
Mr. Moreno,Mr. Etsitty,Hispanic,Native
Mr. Maldonado,Mr. Ng,Hispanic,Asian
Ms. Zhu,Mr. Zamora,Asian,Hispanic
Mr. Yellowman,Ms. Figueroa,Native,Hispanic
Mr. Li,Mr. Guzman,Asian,Hispanic
Mr. Benallie,Mr. Rangel,Native,Hispanic
Mr. Odonnell,Mr. Figueroa,White,Hispanic
Mr. Manuelito,Mr. Hu,Native,Asian
Ms. Fofana,Ms. Desai,Black,Asian
Ms. Pan,Mr. Cabrera,Asian,Hispanic
Ms. Veasley,Ms. Spottedeagle,Black,Native
Ms. Shen,Mr. Nielsen,Asian,White
Mr. Macdonald,Mr. Ajayi,White,Black
Ms. Ly,Mr. Kameroff,Asian,Native
Mr. Flores,Ms. Tan,Hispanic,Asian
Mr. Littlewhiteman,Mr. Calderon,Native,Hispanic
Ms. Gutierrez,Ms. Tam,Hispanic,Asian
Mr. Yan,Ms. Spottedeagle,Asian,Native
Mr. Traore,Ms. Fuentes,Black,Hispanic
Mr. Zhao,Ms. Ajayi,Asian,Black
Ms. Tam,Ms. Liu,Asian,Asian
Ms. Stfleur,Mr. Shen,Black,Asian
Mr. Patel,Ms. Balogun,Asian,Black
Ms. Vargas,Ms. Saintil,Hispanic,Black
Mr. Berger,Ms. Bullbear,White,Native
Ms. Wigfall,Mr. Zhao,Black,Asian
Mr. Alvarado,Ms. Velez,Hispanic,Hispanic
Mr. Boykins,Mr. Dao,Black,Asian
Ms. Benallie,Mr. Flynn,Native,White
Mr. Ly,Ms. Leung,Asian,Asian
Ms. Kaur,Mr. Prioleau,Asian,Black
Mr. Jeanlouis,Ms. Clitso,Black,Native
Mr. Bitsui,Mr. Perez,Native,Hispanic
Mr. Abebe,Mr. Krueger,Black,White
Mr. Calderon,Ms. Spottedhorse,Hispanic,Native
Ms. Bah,Ms. Le,Black,Asian
Ms. Cao,Ms. Trevino,Asian,Hispanic
Mr. Spottedhorse,Ms. Perez,Native,Hispanic
Ms. Le,Mr. Bauer,Asian,White
Mr. Meza,Ms. Henio,Hispanic,Native
Mr. Cisse,Ms. Ajayi,Black,Black
Mr. Ha,Ms. Bekele,Asian,Black
Mr. Su,Ms. Kim,Asian,Asian
Mr. Wagner,Ms. Tsethlikai,White,Native
Ms. Howe,Ms. Ndiaye,White,Black
Mr. Velez,Ms. Wauneka,Hispanic,Native
Mr. Wu,Ms. Li,Asian,Asian
Ms. Obrien,Ms. Hoover,White,White
Ms. Bui,Ms. Cisse,Asian,Black
Mr. Berg,Mr. Yepa,White,Native
Mr. Soto,Ms. Tesfaye,Hispanic,Black
Mr. Berhane,Mr. Kebede,Black,Black
Ms. Huynh,Mr. Conteh,Asian,Black
Ms. Juarez,Ms. Sharma,Hispanic,Asian
Ms. Tapaha,Mr. Berger,Native,White
Ms. Attakai,Mr. Clitso,Native,Native
Mr. Coaxum,Mr. Yan,Black,Asian
Mr. Serrano,Ms. Han,Hispanic,Asian
Mr. Etsitty,Ms. Vu,Native,Asian
Mr. Jeanpierre,Ms. Arcoren,Black,Native
Ms. Snyder,Ms. Duong,White,Asian
Mr. Fofana,Ms. Notafraid,Black,Native
Mr. Bauer,Ms. Dong,White,Asian
Mr. Gupta,Ms. Stout,Asian,White
Mr. Petitfrere,Ms. Luong,Black,Asian
Mr. Chu,Mr. Chavez,Asian,Hispanic
Mr. Desai,Mr. Melendez,Asian,Hispanic
Mr. Stein,Mr. Campos,White,Hispanic
Mr. Wu,Mr. Goseyun,Asian,Native
Ms. Declay,Ms. Hyppolite,Native,Black
Mr. Gallegos,Ms. Dominguez,Hispanic,Hispanic
Ms. Begay,Mr. Whiteface,Native,Native
Ms. Villarreal,Mr. Manygoats,Hispanic,Native
Ms. Colelay,Ms. Ryan,Native,White
Ms. Conrad,Ms. Okoro,White,Black
Ms. Calabaza,Ms. Velez,Native,Hispanic
Mr. Warsame,Ms. Blackgoat,Black,Native
Mr. Foley,Mr. Yu,White,Asian
Ms. Ajayi,Ms. Olson,Black,White
Mr. Lasiloo,Ms. Weber,Native,White
Mr. Adjei,Ms. Bitsui,Black,Native
Ms. Walsh,Mr. Yan,White,Asian
Ms. Mensah,Mr. Colelay,Black,Native
Mr. Russo,Ms. Conteh,White,Black
Ms. Solis,Mr. Castaneda,Hispanic,Hispanic
Ms. Bedonie,Ms. Lozano,Native,Hispanic
Ms. Ganadonegro,Ms. Velazquez,Native,Hispanic
Mr. Kramer,Ms. Bullbear,White,Native
Mr. Jeanpierre,Mr. Mehta,Black,Asian
Mr. Mendez,Ms. Shen,Hispanic,Asian
Mr. Ojo,Ms. Colelay,Black,Native
Mr. Arias,Ms. Nez,Hispanic,Native
Ms. Nez,Ms. Oh,Native,Asian
Mr. Mehta,Mr. Berg,Asian,White
Mr. Diallo,Ms. Jalloh,Black,Black
Ms. Zuniga,Mr. Begaye,Hispanic,Native
Ms. Keller,Mr. Njoroge,White,Black
Ms. Cabrera,Ms. Adjei,Hispanic,Black
Ms. Atcitty,Mr. Desir,Native,Black
Ms. Jeancharles,Mr. Rodriguez,Black,Hispanic
Ms. Jacobson,Mr. Vazquez,White,Hispanic
Ms. Yu,Mr. Shah,Asian,Asian
Mr. Boateng,Mr. Fluellen,Black,Black
Mr. Conrad,Mr. Gutierrez,White,Hispanic
Mr. Ajayi,Ms. Asare,Black,Black
Ms. Oh,Mr. Henio,Asian,Native
Mr. Leung,Mr. Hardnett,Asian,Black
Ms. Frimpong,Ms. Arias,Black,Hispanic
Mr. Meza,Mr. Henio,Hispanic,Native
Mr. Johnston,Mr. Begum,White,Asian
Ms. Goseyun,Ms. Cardenas,Native,Hispanic
Mr. Sun,Ms. Stout,Asian,White
Mr. Suarez,Mr. Flynn,Hispanic,White
Ms. Wang,Ms. Nunez,Asian,Hispanic
Mr. Hosteen,Mr. Cho,Native,Asian
Ms. Tapaha,Mr. Begay,Native,Native
Ms. Luong,Mr. Chowdhury,Asian,Asian
Mr. Mwangi,Ms. Berg,Black,White
Ms. Chowdhury,Ms. Kameroff,Asian,Native
Ms. Cardenas,Mr. Berger,Hispanic,White
Ms. Beyale,Mr. Chung,Native,Asian
Mr. Mendez,Ms. Boateng,Hispanic,Black
Ms. Benally,Ms. Tsethlikai,Native,Native
Mr. Bekele,Ms. Conteh,Black,Black
Ms. Jiang,Ms. Hu,Asian,Asian
Mr. Laughing,Mr. Oconnor,Native,White
Ms. Notah,Mr. Vu,Native,Asian
Ms. Vassell,Mr. Addo,Black,Black
Ms. Villarreal,Mr. Jacobson,Hispanic,White
Ms. Balogun,Mr. Okeke,Black,Black
Ms. Campos,Ms. Wigfall,Hispanic,Black
Ms. Grandberry,Mr. Okeke,Black,Black
Mr. Guzman,Mr. Yepa,Hispanic,Native
Mr. Do,Mr. Solis,Asian,Hispanic
Ms. Hebert,Mr. Hoover,White,White
Mr. Oh,Ms. Henio,Asian,Native
Mr. Gallagher,Ms. Boykins,White,Black
Mr. Ahasteen,Mr. Sexton,Native,White
Mr. Ethelbah,Ms. Shije,Native,Native
Mr. Whitehat,Ms. Wang,Native,Asian
Mr. Adjei,Mr. Mwangi,Black,Black
Ms. Wolfe,Ms. Belizaire,White,Black
Ms. Ko,Mr. Boyle,Asian,White
Ms. Nielsen,Mr. Clitso,White,Native
Mr. Calderon,Mr. Torres,Hispanic,Hispanic
Ms. Zimmerman,Ms. Berg,White,White
Mr. Hahn,Mr. Peshlakai,White,Native
Mr. Petersen,Mr. Morse,White,White
Ms. Rodriguez,Ms. Lu,Hispanic,Asian
Ms. Dougherty,Mr. Zhou,White,Asian
Ms. Coaxum,Ms. Schneider,Black,White
Ms. Schultz,Mr. Straughter,White,Black
Ms. Galvan,Mr. Friedman,Hispanic,White
Ms. Sweeney,Mr. Bedonie,White,Native
Mr. Xiong,Mr. Jimenez,Asian,Hispanic
Mr. Weiss,Mr. Oh,White,Asian
Ms. Yan,Mr. Spottedeagle,Asian,Native
Mr. Manigault,Ms. Ngo,Black,Asian
Mr. Sow,Mr. Tsethlikai,Black,Native
Mr. Sun,Mr. Valenzuela,Asian,Hispanic
Mr. Whiteplume,Mr. Lin,Native,Asian
Mr. Lor,Mr. Alvarado,Asian,Hispanic
Ms. Abebe,Ms. Yoon,Black,Asian
Mr. Jimenez,Mr. Tsosie,Hispanic,Native
Ms. Fluellen,Mr. Heavyrunner,Black,Native
Ms. Decker,Mr. Cowboy,White,Native
Mr. Talayumptewa,Mr. Mondesir,Native,Black
Ms. Schaefer,Ms. Han,White,Asian
Ms. Cheung,Ms. Macias,Asian,Hispanic
Ms. Desta,Ms. Molina,Black,Hispanic
Mr. Huang,Ms. Mccarthy,Asian,White
Mr. Appiah,Mr. Alvarado,Black,Hispanic
Ms. Duong,Ms. Espinoza,Asian,Hispanic
Ms. Parsons,Mr. Sesay,White,Black
Mr. Yoon,Ms. Jama,Asian,Black
Ms. Abdullahi,Ms. Addo,Black,Black
Mr. Wang,Mr. Yellowhair,Asian,Native
Mr. Tran,Ms. Decker,Asian,White
Ms. Belizaire,Ms. Dominguez,Black,Hispanic
Ms. Lara,Ms. Yoo,Hispanic,Asian
Mr. Hess,Ms. Runningcrane,White,Native
Ms. Gishie,Ms. Dinh,Native,Asian
Mr. Walkingeagle,Ms. Ramirez,Native,Hispanic
Ms. Estrada,Ms. Nielsen,Hispanic,White
Mr. Yi,Ms. Bienaime,Asian,Black
Mr. Hurley,Mr. Cephas,White,Black
Mr. Mendez,Mr. Boateng,Hispanic,Black
Ms. Leaks,Mr. Espinoza,Black,Hispanic
Ms. Madplume,Mr. Tsinnijinnie,Native,Native
Ms. Salas,Mr. Notah,Hispanic,Native
Mr. Thao,Mr. Rojas,Asian,Hispanic
Ms. Alvarado,Ms. Kwon,Hispanic,Asian
Mr. Jeanpierre,Ms. Crane,Black,White
Mr. Smallcanyon,Ms. Chiu,Native,Asian
Mr. Owusu,Mr. Keams,Black,Native
Ms. Osei,Mr. Guerrero,Black,Hispanic
Ms. Benally,Mr. Herman,Native,White
Ms. Moreno,Mr. Huynh,Hispanic,Asian
Ms. Zamora,Mr. Galvan,Hispanic,Hispanic
Mr. Prophete,Ms. Pierrelouis,Black,Black
Mr. Benally,Mr. Vue,Native,Asian
Mr. Standingrock,Mr. Fofana,Native,Black
Ms. Li,Ms. Sow,Asian,Black
Ms. Yi,Ms. Zheng,Asian,Asian
Ms. Diop,Mr. Gallegos,Black,Hispanic
Mr. Mwangi,Ms. Tessay,Black,Native
Mr. Zimmerman,Mr. Berg,White,White
Ms. Secatero,Mr. Kang,Native,Asian
Mr. Conrad,Ms. Okoro,White,Black
Mr. Diaz,Ms. Alvarado,Hispanic,Hispanic
Mr. Foley,Mr. Tsinnie,White,Native
Mr. Chen,Ms. Lai,Asian,Asian
Ms. Rojas,Mr. Vu,Hispanic,Asian
Mr. Luu,Ms. Hwang,Asian,Asian
Mr. Blackhorse,Mr. Littlewhiteman,Native,Native
Ms. Cisse,Ms. Sexton,Black,White
Mr. Cline,Ms. Lesane,White,Black
Ms. Rivera,Mr. Hoover,Hispanic,White
Ms. Figueroa,Ms. Padilla,Hispanic,Hispanic
Ms. Mendez,Ms. Boateng,Hispanic,Black
Ms. Yoder,Mr. Diallo,White,Black
Ms. Sharma,Ms. Traore,Asian,Black
Ms. Zhu,Ms. Cosay,Asian,Native
Mr. Morales,Mr. Oconnor,Hispanic,White
Ms. Schultz,Ms. Nez,White,Native
Ms. Becker,Mr. Tapaha,White,Native
Ms. Barrera,Mr. Fobbs,Hispanic,Black
Ms. Bullbear,Ms. Sexton,Native,White
Mr. Meza,Ms. Begum,Hispanic,Asian
Ms. Mccarthy,Mr. Espinoza,White,Hispanic
Ms. Balogun,Ms. Delgado,Black,Hispanic
Ms. Roanhorse,Ms. Vazquez,Native,Hispanic
Ms. Sun,Mr. Valenzuela,Asian,Hispanic
Ms. Chau,Mr. Wu,Asian,Asian
Ms. Suarez,Ms. Yi,Hispanic,Asian
Ms. Flynn,Ms. Traore,White,Black
Ms. Ulysse,Mr. Friedman,Black,White
Ms. Lawal,Mr. Hurley,Black,White
Ms. Chavez,Ms. Lor,Hispanic,Asian
Mr. Begay,Ms. Kamara,Native,Black
Mr. Wigfall,Ms. Swanson,Black,White
Ms. Mohamud,Ms. Beyale,Black,Native
Ms. Secody,Ms. Bui,Native,Asian
Ms. Dominguez,Ms. Vargas,Hispanic,Hispanic
Ms. Lor,Mr. Tadesse,Asian,Black
Ms. Haskie,Ms. Haskie,Native,Native
Ms. Stout,Mr. Desta,White,Black
Ms. Ramirez,Ms. Secody,Hispanic,Native
Mr. Galvan,Ms. Ortega,Hispanic,Hispanic
Mr. Sesay,Ms. Delgado,Black,Hispanic
Mr. Jimenez,Ms. Tsosie,Hispanic,Native
Ms. Klein,Ms. Velazquez,White,Hispanic
Ms. Knapp,Mr. Kebede,White,Black
Mr. Ajayi,Mr. Olson,Black,White
Ms. Vue,Mr. Walsh,Asian,White
Ms. Larson,Mr. Conteh,White,Black
Mr. Becker,Ms. Jain,White,Asian
Mr. Prioleau,Mr. Kanuho,Black,Native
Mr. Kanuho,Ms. Hwang,Native,Asian
Ms. Snyder,Mr. Asante,White,Black
Ms. Decker,Ms. Li,White,Asian
Mr. Johnston,Ms. Heavyrunner,White,Native
Ms. Jeanlouis,Ms. Mensah,Black,Black
Ms. Calderon,Mr. Spottedhorse,Hispanic,Native
Mr. Yepa,Ms. Schultz,Native,White
Ms. Etsitty,Ms. Castaneda,Native,Hispanic
Mr. Altaha,Ms. Jalloh,Native,Black
Ms. Kramer,Mr. Tesfaye,White,Black
Ms. Walsh,Mr. Valenzuela,White,Hispanic
Ms. Zhao,Mr. Becker,Asian,White
Ms. Lasiloo,Mr. Todacheenie,Native,Native
Ms. Attakai,Ms. Clitso,Native,Native
Ms. Koroma,Mr. Schultz,Black,White
Ms. Jeancharles,Mr. Ly,Black,Asian
Ms. Chiu,Mr. Trevino,Asian,Hispanic
Mr. Fry,Ms. Foley,White,White
Mr. Addo,Mr. Yoder,Black,White
Mr. Frimpong,Mr. Arias,Black,Hispanic
Mr. Runningcrane,Ms. Zamora,Native,Hispanic
Ms. Yang,Mr. Sun,Asian,Asian
Mr. Mensah,Mr. Thao,Black,Asian
Ms. Nwosu,Ms. Notah,Black,Native
Mr. Hyppolite,Ms. Song,Black,Asian
Mr. Conrad,Ms. Duong,White,Asian
Ms. Zamora,Ms. Galvan,Hispanic,Hispanic
Mr. Delgado,Ms. Todacheene,Hispanic,Native
Ms. Brennan,Ms. Chinana,White,Native
Mr. Medina,Ms. Ulysse,Hispanic,Black
Mr. Olanna,Ms. Exantus,Native,Black
Mr. Berg,Mr. Osei,White,Black
Mr. Conrad,Mr. Okoro,White,Black
Mr. Birdinground,Ms. Donovan,Native,White
Mr. Chinana,Ms. Oconnor,Native,White
Mr. Lor,Ms. Vue,Asian,Asian
Mr. Chowdhury,Ms. Kameroff,Asian,Native
Ms. Campos,Mr. Olanna,Hispanic,Native
Ms. Kwon,Ms. Shaffer,Asian,White
Ms. Dosela,Mr. Ibarra,Native,Hispanic
Ms. Declay,Mr. Calabaza,Native,Native
Ms. Huynh,Mr. Yellowhair,Asian,Native
Mr. Delgado,Mr. Hyppolite,Hispanic,Black
Mr. Okoro,Ms. Ethelbah,Black,Native
Ms. Bauer,Mr. Galvan,White,Hispanic
Ms. Hailu,Mr. Pena,Black,Hispanic
Ms. Rojas,Ms. Vu,Hispanic,Asian
Ms. Tadesse,Ms. Apachito,Black,Native
Mr. Traore,Ms. Hahn,Black,White
Mr. Mwangi,Ms. Abebe,Black,Black
Mr. Wolf,Mr. Appiah,White,Black
Ms. Brandt,Ms. Begum,White,Asian
Ms. Whiteplume,Mr. Ramirez,Native,Hispanic
Ms. Li,Ms. Guzman,Asian,Hispanic
Ms. Runningcrane,Mr. Birdinground,Native,Native
Ms. Clah,Mr. Owen,Native,White
Ms. Cowboy,Ms. Bullbear,Native,Native
Mr. Louissaint,Mr. Asante,Black,Black
Mr. Claw,Ms. Olanna,Native,Native
Ms. Mensah,Ms. Reilly,Black,White
Mr. Jeanfrancois,Ms. Huber,Black,White
Ms. Tabaha,Ms. Claw,Native,Native
Ms. Laughing,Ms. Oconnor,Native,White
Mr. Conteh,Mr. Robles,Black,Hispanic
Ms. Louissaint,Mr. Jacobson,Black,White
Ms. Tessay,Ms. Moua,Native,Asian
Mr. Roanhorse,Ms. Vazquez,Native,Hispanic
Ms. Mcmahon,Ms. Vu,White,Asian
Ms. Manygoats,Ms. Walkingeagle,Native,Native
Mr. Shaffer,Mr. Olanna,White,Native
Ms. Rios,Mr. Huang,Hispanic,Asian
Ms. Stout,Mr. Avila,White,Hispanic
Mr. Bartlett,Ms. Flynn,White,White
Mr. Barrera,Mr. Galvan,Hispanic,Hispanic
Ms. Cabrera,Mr. Flores,Hispanic,Hispanic
Mr. Jain,Mr. Lor,Asian,Asian
Ms. Jain,Mr. Runningcrane,Asian,Native
Ms. Brandt,Mr. Ethelbah,White,Native
Ms. Huber,Mr. Jeancharles,White,Black
Mr. Robles,Ms. Thao,Hispanic,Asian
Ms. Campos,Ms. Flynn,Hispanic,White
Mr. Tan,Ms. Jiang,Asian,Asian
Mr. Garza,Ms. Luu,Hispanic,Asian
Ms. Mcmahon,Ms. Medina,White,Hispanic
Ms. Lasiloo,Mr. Zhao,Native,Asian
Ms. Nwosu,Ms. Hernandez,Black,Hispanic
Ms. Ayala,Ms. Todacheene,Hispanic,Native
Mr. Vazquez,Mr. Gomez,Hispanic,Hispanic
Mr. Exantus,Mr. Parsons,Black,White
Ms. Kebede,Ms. Abdullahi,Black,Black
Ms. Song,Ms. Duong,Asian,Asian
Mr. Littlelight,Ms. Chery,Native,Black
Mr. Fuentes,Mr. Garcia,Hispanic,Hispanic
Ms. Kanuho,Mr. Jeanfrancois,Native,Black
Mr. Tsethlikai,Mr. Diaz,Native,Hispanic
Mr. Shah,Mr. Lasiloo,Asian,Native
Ms. Okeke,Ms. Straughter,Black,Black
Ms. Peck,Mr. Zhu,White,Asian
Ms. Henio,Ms. Yeboah,Native,Black
Mr. Lasiloo,Mr. Zhao,Native,Asian
Mr. Eriacho,Mr. Huffman,Native,White
Ms. Moua,Ms. Tabaha,Asian,Native
Ms. Chasinghawk,Mr. Jensen,Native,White
Ms. Gadson,Ms. Tadesse,Black,Black
Ms. Benally,Mr. Rivera,Native,Hispanic
Ms. Salas,Mr. Ulysse,Hispanic,Black
Mr. Owen,Ms. Filsaime,White,Black
Mr. Petersen,Ms. Begay,White,Native
Mr. Dao,Mr. Calixte,Asian,Black
Ms. Foley,Mr. Yu,White,Asian
Ms. Vazquez,Mr. Gomez,Hispanic,Hispanic
Ms. Chu,Mr. Boykins,Asian,Black
Mr. Cao,Mr. Vo,Asian,Asian
Ms. Chery,Mr. Yohannes,Black,Black
Mr. Bitsie,Ms. Tam,Native,Asian
Mr. Howe,Ms. Hurley,White,White
Mr. Tran,Mr. Secatero,Asian,Native
Mr. Chery,Mr. Figueroa,Black,Hispanic
Mr. Dougherty,Mr. Kallestewa,White,Native
Mr. Estrada,Mr. Hsu,Hispanic,Asian
Ms. Escobar,Mr. Eriacho,Hispanic,Native
Ms. Fofana,Mr. Molina,Black,Hispanic
Mr. Duong,Mr. Espinoza,Asian,Hispanic
Mr. Shin,Mr. Blackgoat,Asian,Native
Mr. Valenzuela,Mr. Cardenas,Hispanic,Hispanic
Mr. Zhao,Ms. Su,Asian,Asian
Mr. Spottedhorse,Mr. Han,Native,Asian
Mr. Carlson,Mr. Velasquez,White,Hispanic
Ms. Diop,Ms. Huber,Black,White
Mr. Weiss,Mr. Martinez,White,Hispanic
Mr. Wang,Ms. Mahoney,Asian,White
Mr. Hernandez,Ms. Kramer,Hispanic,White
Ms. Rios,Ms. Weiss,Hispanic,White
Mr. Olson,Mr. Luong,White,Asian
Mr. Sandoval,Mr. Mayer,Hispanic,White
Ms. Suarez,Ms. Boykins,Hispanic,Black
Ms. Boateng,Ms. Fluellen,Black,Black
Mr. Coaxum,Ms. Yan,Black,Asian
Mr. Tsinnie,Ms. Wang,Native,Asian
Ms. Ngo,Mr. Ruiz,Asian,Hispanic
Mr. Ulysse,Mr. Salas,Black,Hispanic
Ms. Robles,Mr. Louissaint,Hispanic,Black
Ms. Gallegos,Ms. Dominguez,Hispanic,Hispanic
Mr. Su,Mr. Kim,Asian,Asian
Ms. Guo,Ms. Yi,Asian,Asian
Ms. Hu,Ms. Shaffer,Asian,White
Ms. Zheng,Ms. Klein,Asian,White
Mr. Berg,Mr. Brandt,White,White
Ms. Jeanpierre,Mr. Arcoren,Black,Native
Mr. Madplume,Ms. Lozano,Native,Hispanic
Mr. Kidane,Ms. Wolfe,Black,White
Ms. Roanhorse,Mr. Balogun,Native,Black
Mr. Keyonnie,Ms. Schmidt,Native,White
Ms. Sun,Mr. Hwang,Asian,Asian
Ms. Olsen,Mr. Delgarito,White,Native
Ms. Werito,Mr. Ruiz,Native,Hispanic
Ms. Lasiloo,Mr. Weber,Native,White
Ms. Schneider,Ms. Alvarez,White,Hispanic
Mr. Fry,Mr. Bitsie,White,Native
Mr. Birdinground,Mr. Pineda,Native,Hispanic
Ms. Hanson,Ms. Yan,White,Asian
Ms. Xu,Ms. Hess,Asian,White
Mr. Krueger,Mr. Claw,White,Native
Mr. Beyene,Mr. Schroeder,Black,White
Mr. Rodriguez,Mr. Bekele,Hispanic,Black
Mr. Blackgoat,Ms. Sweeney,Native,White
Mr. Mejia,Mr. Tsosie,Hispanic,Native
Ms. Mondesir,Ms. Rosales,Black,Hispanic
Ms. Mondesir,Ms. Cline,Black,White
Ms. Whiteplume,Ms. Lin,Native,Asian
Mr. Laughing,Mr. Zhou,Native,Asian
Ms. Ko,Ms. Suarez,Asian,Hispanic
Mr. Blueeyes,Ms. Hyppolite,Native,Black
Ms. Boykins,Ms. Saintil,Black,Black
Ms. Flores,Ms. Tessay,Hispanic,Native
Ms. Eriacho,Mr. Huffman,Native,White
Mr. Addo,Mr. Hu,Black,Asian
Ms. Ajayi,Mr. Asare,Black,Black
Ms. Munoz,Ms. Pham,Hispanic,Asian
Ms. Vega,Mr. Gupta,Hispanic,Asian
Mr. Mayer,Mr. Todacheenie,White,Native
Mr. Okoro,Mr. Calixte,Black,Black
Ms. Nez,Mr. Oh,Native,Asian
Mr. Gadson,Ms. Morales,Black,Hispanic
Mr. Duong,Mr. Benally,Asian,Native
Ms. Cheung,Mr. Abebe,Asian,Black
Ms. Crane,Mr. Mensah,White,Black
Mr. Mensah,Ms. Colelay,Black,Native
Mr. Brandt,Ms. Bartlett,White,White
Ms. Begum,Mr. Vu,Asian,Asian
Ms. Melendez,Mr. Solis,Hispanic,Hispanic
Ms. Ho,Ms. Birdinground,Asian,Native
Ms. Garcia,Mr. Song,Hispanic,Asian
Mr. Zuniga,Ms. Macias,Hispanic,Hispanic
Ms. Peck,Mr. Owen,White,White
Ms. Meyer,Ms. Yang,White,Asian
Ms. Lai,Ms. Juarez,Asian,Hispanic
Mr. Duong,Mr. Macdonald,Asian,White
Ms. Macias,Mr. Okafor,Hispanic,Black
Ms. Carrillo,Mr. Moyer,Hispanic,White
Mr. Tesfaye,Mr. Mueller,Black,White
Ms. Chowdhury,Ms. Bui,Asian,Asian
Mr. Bienaime,Ms. Yepa,Black,Native
Mr. Diop,Mr. Gallegos,Black,Hispanic
Ms. Wagner,Mr. Mahoney,White,White
Ms. Grandberry,Mr. Carlson,Black,White
Mr. Peshlakai,Mr. Wauneka,Native,Native
Ms. Ahasteen,Mr. Keams,Native,Native
Ms. Mahoney,Ms. Poorbear,White,Native
Mr. Gutierrez,Ms. Yepa,Hispanic,Native
Ms. Ha,Mr. Weber,Asian,White
Ms. Boyle,Ms. Chu,White,Asian
Ms. Cephas,Mr. Yoo,Black,Asian
Mr. Garza,Ms. Shaffer,Hispanic,White
Ms. Apachito,Ms. Salas,Native,Hispanic
Ms. Ravenell,Mr. Rojas,Black,Hispanic
Ms. Bah,Mr. Alvarez,Black,Hispanic
Ms. Vega,Ms. Petersen,Hispanic,White
Ms. Olsen,Ms. Gao,White,Asian
Mr. Delgarito,Ms. Huffman,Native,White
Ms. Berhane,Ms. Larsen,Black,White
Ms. Henio,Mr. Yang,Native,Asian
Mr. Velez,Mr. Oh,Hispanic,Asian
Ms. Velez,Ms. Wauneka,Hispanic,Native
Mr. Wang,Mr. Mahoney,Asian,White
Mr. Velasquez,Ms. Haskie,Hispanic,Native
Mr. Wigfall,Mr. Ochoa,Black,Hispanic
Ms. Hansen,Ms. Yoo,White,Asian
Mr. Peck,Ms. Pineda,White,Hispanic
Mr. Sexton,Mr. Wang,White,Asian
Mr. Owen,Mr. Etsitty,White,Native
Ms. Keams,Ms. Owusu,Native,Black
Mr. Prioleau,Ms. Mondesir,Black,Black
Mr. Asare,Mr. Boykins,Black,Black
Ms. Spottedhorse,Ms. Knapp,Native,White
Ms. Altaha,Ms. Jalloh,Native,Black
Ms. Grandberry,Ms. Carlson,Black,White
Mr. Dao,Ms. Calixte,Asian,Black
Ms. Xiong,Mr. Laughing,Asian,Native
Ms. Chavez,Mr. Lor,Hispanic,Asian
Mr. Ochoa,Mr. Schultz,Hispanic,White
Ms. Hebert,Ms. Velasquez,White,Hispanic
Ms. Stout,Mr. Bullbear,White,Native
Ms. Jain,Ms. Coaxum,Asian,Black
Mr. Tan,Mr. Wolf,Asian,White
Mr. Garcia,Mr. Song,Hispanic,Asian
Ms. Desta,Ms. Kaur,Black,Asian
Mr. Huffman,Mr. Zimmerman,White,White
Mr. Zheng,Mr. Jiang,Asian,Asian
Ms. Nunez,Mr. Bitsilly,Hispanic,Native
Ms. Wu,Mr. Li,Asian,Asian
Mr. Luong,Mr. Macias,Asian,Hispanic
Mr. Mayweather,Ms. Mekonnen,Black,Black
Mr. Hernandez,Mr. Yellowhair,Hispanic,Native
Ms. Lesane,Mr. Pena,Black,Hispanic
Ms. Todacheenie,Mr. Garza,Native,Hispanic
Mr. Jimenez,Mr. Fischer,Hispanic,White
Mr. Nguyen,Mr. Schwartz,Asian,White
Mr. Vu,Ms. Ly,Asian,Asian
Ms. Yazzie,Ms. Hanson,Native,White
Mr. Stout,Ms. Avila,White,Hispanic
Mr. Trinh,Mr. Gueye,Asian,Black
Mr. Kramer,Mr. Tesfaye,White,Black
Mr. Munoz,Mr. Hebert,Hispanic,White
Mr. Duong,Ms. Lor,Asian,Asian
Ms. Okafor,Ms. Whiteface,Black,Native
Mr. Mondesir,Ms. Rosales,Black,Hispanic
Mr. Shije,Mr. Keita,Native,Black
Ms. Yoder,Ms. Johnston,White,White
Ms. Hartman,Ms. Manigault,White,Black
Mr. Xiong,Mr. Lai,Asian,Asian
Mr. Nwosu,Ms. Notah,Black,Native
Mr. Reilly,Mr. Moreno,White,Hispanic
Mr. Kang,Ms. Abebe,Asian,Black
Ms. Yoo,Ms. Manigault,Asian,Black
Mr. Dao,Mr. Apachito,Asian,Native
Mr. Solis,Mr. Castaneda,Hispanic,Hispanic
Ms. Fuentes,Mr. Klein,Hispanic,White
Ms. Attakai,Ms. Abebe,Native,Black
Ms. Filsaime,Ms. Campos,Black,Hispanic
Ms. Huynh,Ms. Orozco,Asian,Hispanic
Ms. Blackhorse,Ms. Shaffer,Native,White
Mr. Olsen,Ms. Delgarito,White,Native
Mr. Hansen,Mr. Yoo,White,Asian
Ms. Petitfrere,Ms. Mayer,Black,White
Ms. Tessay,Mr. Bah,Native,Black
Mr. Xu,Ms. Yang,Asian,Asian
Ms. Velazquez,Ms. Chowdhury,Hispanic,Asian
Ms. Dao,Ms. Calixte,Asian,Black
Mr. Calixte,Mr. Blankenship,Black,White
Mr. Berhane,Mr. Hsu,Black,Asian
Mr. Ayze,Ms. Snyder,Native,White
Mr. Blackhorse,Mr. Yi,Native,Asian
Mr. Patel,Ms. Valenzuela,Asian,Hispanic
Ms. Yellowman,Ms. Petitfrere,Native,Black
Ms. Rangel,Ms. Littlelight,Hispanic,Native
Mr. Ho,Ms. Birdinground,Asian,Native
Ms. Bitsui,Ms. Weber,Native,White
Ms. Grandberry,Mr. Littlelight,Black,Native
Mr. Asare,Ms. Cosay,Black,Native
Ms. Pan,Mr. Mahoney,Asian,White
Ms. Brandt,Mr. Nunez,White,Hispanic
Mr. Sanchez,Mr. Trevino,Hispanic,Hispanic
Ms. Espinoza,Mr. Galvan,Hispanic,Hispanic
Mr. Clah,Ms. Wang,Native,Asian
Ms. Ibarra,Ms. Wu,Hispanic,Asian
Ms. Okafor,Ms. Cheung,Black,Asian
Ms. Vargas,Mr. Saintil,Hispanic,Black
Mr. Petitfrere,Mr. Mayer,Black,White
Mr. Dayzie,Ms. Su,Native,Asian
Ms. Wassillie,Mr. Moyer,Native,White
Ms. Ganadonegro,Ms. Balogun,Native,Black
Mr. Valenzuela,Ms. Littledog,Hispanic,Native
Ms. Rios,Mr. Weiss,Hispanic,White
Ms. Nielsen,Mr. Zuniga,White,Hispanic
Mr. Todacheenie,Mr. Mayweather,Native,Black
Ms. Spottedeagle,Ms. Cho,Native,Asian
Mr. Fuentes,Mr. Cosay,Hispanic,Native
Ms. Olanna,Mr. Jiang,Native,Asian
Ms. Mensah,Mr. Reilly,Black,White
Ms. Espinoza,Ms. Galvan,Hispanic,Hispanic
Ms. Asare,Ms. Boykins,Black,Black
Mr. Lo,Mr. Cayaditto,Asian,Native
Ms. Tsethlikai,Mr. Diaz,Native,Hispanic
Mr. Han,Mr. Donovan,Asian,White
Ms. Berhane,Mr. Hsu,Black,Asian
Ms. Carrillo,Ms. Moyer,Hispanic,White
Ms. Perez,Mr. Sesay,Hispanic,Black
Mr. Tsethlikai,Mr. Kameroff,Native,Native
Mr. Phan,Mr. Oconnor,Asian,White
Ms. Blankenship,Ms. Hanson,White,White
Mr. Toure,Ms. Do,Black,Asian
Mr. Hanson,Ms. Mayweather,White,Black
Ms. Foley,Ms. Stout,White,White
Ms. Jeancharles,Ms. Ly,Black,Asian
Ms. Conrad,Ms. Whitehat,White,Native
Mr. Benally,Ms. Tsethlikai,Native,Native
Ms. Roanhorse,Mr. Bitsilly,Native,Native
Ms. Gallegos,Mr. Coaxum,Hispanic,Black
Ms. Blueeyes,Mr. Huffman,Native,White
Ms. Manigault,Ms. Ngo,Black,Asian
Mr. Barrera,Ms. Galvan,Hispanic,Hispanic
Ms. Nez,Ms. Lawal,Native,Black
Mr. Velez,Mr. Ryan,Hispanic,White
Ms. Ulysse,Ms. Song,Black,Asian
Ms. Njoroge,Mr. Gutierrez,Black,Hispanic
Ms. Avila,Ms. Goldtooth,Hispanic,Native
Mr. Schneider,Ms. Schwartz,White,White
Mr. Lawal,Mr. Keita,Black,Black
Mr. Chung,Ms. Kameroff,Asian,Native
Mr. Blackgoat,Mr. Talayumptewa,Native,Native
Mr. Mcmahon,Ms. Medina,White,Hispanic
Mr. Kaur,Mr. Huber,Asian,White
Mr. Peck,Mr. Pineda,White,Hispanic
Ms. Vega,Mr. Petersen,Hispanic,White
Ms. Krueger,Ms. Shin,White,Asian
Ms. Dougherty,Mr. Schultz,White,White
Ms. Krueger,Ms. Claw,White,Native
Mr. Gonzalez,Ms. Jensen,Hispanic,White
Mr. Tabaha,Ms. Russo,Native,White
Ms. Solis,Mr. Adjei,Hispanic,Black
Ms. Ndiaye,Mr. Ravenell,Black,Black
Mr. Littlelight,Mr. Chinana,Native,Native
Mr. Decker,Mr. Leaks,White,Black
Mr. Apachito,Mr. Salas,Native,Hispanic
Mr. Nwosu,Mr. Hernandez,Black,Hispanic
Ms. Jensen,Ms. Belizaire,White,Black
Mr. Gupta,Mr. Stout,Asian,White
Ms. Mayer,Ms. Vasquez,White,Hispanic
Mr. Galvan,Ms. Leung,Hispanic,Asian
Mr. Diaz,Ms. Appiah,Hispanic,Black
Ms. Shah,Mr. Chiu,Asian,Asian
Mr. Declay,Mr. Hyppolite,Native,Black
Mr. Prioleau,Mr. Mondesir,Black,Black
Mr. Truong,Mr. Lawal,Asian,Black
Ms. Addo,Mr. Yoder,Black,White
Ms. Vasquez,Mr. Hoang,Hispanic,Asian
Ms. Choi,Mr. Rios,Asian,Hispanic
Mr. Walkingeagle,Ms. Mayweather,Native,Black
Ms. Gadson,Ms. Johnston,Black,White
Ms. Xu,Mr. Filsaime,Asian,Black
Ms. Bitsui,Mr. Perez,Native,Hispanic
Mr. Hebert,Ms. Sesay,White,Black
Mr. Opoku,Ms. Twobulls,Black,Native
Mr. Hebert,Ms. Velasquez,White,Hispanic
Mr. Belizaire,Ms. Reilly,Black,White
Ms. Gonzalez,Mr. Okeke,Hispanic,Black
Mr. Torres,Mr. Robles,Hispanic,Hispanic
Mr. Villarreal,Mr. Chung,Hispanic,Asian
Mr. Filsaime,Ms. Cheung,Black,Asian
Ms. Mueller,Ms. Desta,White,Black
Mr. Macias,Mr. Medina,Hispanic,Hispanic
Mr. Benally,Mr. Ojo,Native,Black
Mr. Abdullahi,Ms. Bitsui,Black,Native
Mr. Hurley,Mr. Chinana,White,Native
Ms. Yohannes,Ms. Ruiz,Black,Hispanic
Ms. Jiang,Mr. Koroma,Asian,Black
Mr. Larson,Mr. Boyle,White,White
Mr. Hoover,Ms. Stout,White,White
Ms. Her,Ms. Hu,Asian,Asian
Mr. Ha,Ms. Villarreal,Asian,Hispanic
Ms. Ravenell,Mr. Cowboy,Black,Native
Mr. Schwartz,Ms. Molina,White,Hispanic
Ms. Hu,Mr. Shaffer,Asian,White
Ms. Cao,Ms. Gallagher,Asian,White
Ms. Schmidt,Mr. Tsethlikai,White,Native
Mr. Bullbear,Mr. Kaur,Native,Asian
Ms. Delgado,Mr. Hyppolite,Hispanic,Black
Ms. Cisse,Mr. Ajayi,Black,Black
Mr. Attakai,Ms. Blankenship,Native,White
Mr. Case,Ms. Delgarito,White,Native
Ms. Tran,Ms. Secatero,Asian,Native
Ms. Medina,Mr. Xu,Hispanic,Asian
Ms. Arcoren,Mr. Hoffman,Native,White
Mr. Orozco,Mr. Brandt,Hispanic,White
Mr. Delgarito,Mr. Etcitty,Native,Native
Mr. Declay,Mr. Brennan,Native,White
Ms. Duffy,Ms. Keita,White,Black
Mr. Tan,Ms. Wolf,Asian,White
Mr. Ibarra,Ms. Herman,Hispanic,White
Mr. Pan,Ms. Colelay,Asian,Native
Ms. Stein,Mr. Zhu,White,Asian
Ms. Hoffman,Mr. Dong,White,Asian
Ms. Huffman,Ms. Tadesse,White,Black
Ms. Gonzalez,Mr. Jensen,Hispanic,White
Ms. Bitsui,Mr. Frimpong,Native,Black
Ms. Vazquez,Mr. Hyppolite,Hispanic,Black
Mr. Asare,Mr. Hurley,Black,White
Mr. Luong,Ms. Chowdhury,Asian,Asian
Ms. Chavez,Mr. Nwosu,Hispanic,Black
Mr. Nielsen,Mr. Xu,White,Asian
Mr. Carrillo,Ms. Moyer,Hispanic,White
Mr. Opoku,Mr. Moyer,Black,White
Mr. Sandoval,Ms. Mohamud,Hispanic,Black
Ms. Russo,Ms. Walsh,White,White
Mr. Madplume,Mr. Zhu,Native,Asian
Ms. Tsinnie,Ms. Traore,Native,Black
Mr. Estrada,Ms. Hsu,Hispanic,Asian
Ms. Yoon,Ms. Rivas,Asian,Hispanic
Ms. Addo,Mr. Medina,Black,Hispanic
Mr. Figueroa,Ms. Chau,Hispanic,Asian
Ms. Ahasteen,Mr. Zhang,Native,Asian
Ms. Salinas,Mr. Chiu,Hispanic,Asian
Mr. Jeanfrancois,Mr. Huber,Black,White
Ms. Petitfrere,Ms. Prioleau,Black,Black
Ms. Tsethlikai,Mr. Do,Native,Asian
Mr. Hosteen,Mr. Stein,Native,White
Ms. Saintlouis,Ms. Rojas,Black,Hispanic
Ms. Johnston,Mr. Sandoval,White,Hispanic
Mr. Ndiaye,Mr. Ravenell,Black,Black
Ms. Wigfall,Ms. Zhao,Black,Asian
Ms. Ortiz,Ms. Rivas,Hispanic,Hispanic
Ms. Runningcrane,Ms. Okoro,Native,Black
Ms. Cayaditto,Mr. Zheng,Native,Asian
Mr. Brandt,Mr. Ethelbah,White,Native
Mr. Fuentes,Ms. Bah,Hispanic,Black
Mr. Cho,Mr. Phan,Asian,Asian
Mr. Poorbear,Ms. Schroeder,Native,White
Mr. Saintil,Ms. Reilly,Black,White
Mr. Weber,Mr. Pena,White,Hispanic
Ms. Zimmerman,Mr. Berg,White,White
Ms. Dao,Ms. Phan,Asian,Asian
Mr. Robles,Mr. Moyer,Hispanic,White
Ms. Desir,Ms. Lin,Black,Asian
Mr. Dougherty,Mr. Zhou,White,Asian
Mr. Boykins,Ms. Espinoza,Black,Hispanic
Ms. Thao,Ms. Kamara,Asian,Black
Mr. Blankenship,Ms. Calixte,White,Black
Ms. Delgado,Mr. Campos,Hispanic,Hispanic
Ms. Chery,Mr. Figueroa,Black,Hispanic
Mr. Weber,Ms. Jensen,White,White
Ms. Sweeney,Ms. Valenzuela,White,Hispanic
Ms. Frimpong,Mr. Adjei,Black,Black
Mr. Bienaime,Ms. Ho,Black,Asian
Mr. Li,Ms. Altaha,Asian,Native
Mr. Hu,Ms. Atcitty,Asian,Native
Mr. Wassillie,Mr. Manigault,Native,Black
Ms. Aguilar,Mr. Blueeyes,Hispanic,Native
Mr. Zhu,Mr. Trinh,Asian,Asian
Mr. Cho,Ms. Lesane,Asian,Black
Ms. Veasley,Ms. Leaks,Black,Black
Mr. Mccarthy,Mr. Beyene,White,Black
Mr. Littlewhiteman,Ms. Foley,Native,White
Mr. Hardnett,Mr. Conteh,Black,Black
Ms. Ajayi,Ms. Sharma,Black,Asian
Mr. Okeke,Ms. Cowboy,Black,Native
Ms. Hansen,Ms. Flynn,White,White
Ms. Ko,Mr. Fobbs,Asian,Black
Ms. Hoang,Mr. Fuentes,Asian,Hispanic
Ms. Kidane,Ms. Wolfe,Black,White
Ms. Wassillie,Ms. Moyer,Native,White
Mr. Hensley,Ms. Diop,White,Black
Ms. Ulysse,Ms. Friedman,Black,White
Mr. Brennan,Mr. Moyer,White,White
Ms. Pena,Ms. Sharma,Hispanic,Asian
Ms. Sow,Mr. Krueger,Black,White
Ms. Vue,Mr. Okafor,Asian,Black
Mr. Moyer,Mr. Kameroff,White,Native
Ms. Zamora,Mr. Standingrock,Hispanic,Native
Mr. Ramirez,Ms. Trinh,Hispanic,Asian
Mr. Mayer,Ms. Dong,White,Asian
Mr. Kaur,Mr. Chiu,Asian,Asian
Ms. Zheng,Ms. Sanchez,Asian,Hispanic
Mr. Tan,Mr. Calderon,Asian,Hispanic
Ms. Tan,Mr. Wolf,Asian,White
Ms. Carlson,Mr. Obrien,White,White
Ms. Ahasteen,Ms. Zhang,Native,Asian
Mr. Lara,Mr. Hebert,Hispanic,White
Mr. Todacheenie,Mr. Garza,Native,Hispanic
Ms. Sharma,Mr. Bitsie,Asian,Native
Mr. Bauer,Mr. Duffy,White,White
Ms. Schneider,Mr. Claw,White,Native
Ms. Roth,Ms. Balogun,White,Black
Mr. Diop,Mr. Belizaire,Black,Black
Ms. Dinh,Ms. Su,Asian,Asian
Mr. Barrera,Mr. Knapp,Hispanic,White
Ms. Jeanlouis,Mr. Conrad,Black,White
Mr. Vasquez,Ms. Spottedeagle,Hispanic,Native
Ms. Yellowman,Mr. Knapp,Native,White
Mr. Boateng,Mr. Lor,Black,Asian
Ms. Swanson,Mr. Boykins,White,Black
Mr. Todacheenie,Ms. Keams,Native,Native
Mr. Jama,Mr. Dinh,Black,Asian
Ms. Tang,Ms. Kallestewa,Asian,Native
Mr. Vassell,Ms. Ryan,Black,White
Ms. Jimenez,Mr. Tsosie,Hispanic,Native
Mr. Bitsui,Ms. Weber,Native,White
Mr. Xu,Ms. Mejia,Asian,Hispanic
Ms. Grandberry,Mr. Lo,Black,Asian
Ms. Louissaint,Ms. Asante,Black,Black
Ms. Moreno,Mr. Hailu,Hispanic,Black
Ms. Smalls,Mr. Stein,Black,White
Ms. Truong,Ms. Luu,Asian,Asian
Ms. Valenzuela,Mr. Cardenas,Hispanic,Hispanic
Ms. Maldonado,Ms. Ng,Hispanic,Asian
Ms. Asante,Ms. Tapaha,Black,Native
Mr. Moyer,Mr. Tam,White,Asian
Mr. Owen,Ms. Etsitty,White,Native
Mr. Tsinnijinnie,Mr. Mcmahon,Native,White
Mr. Jeancharles,Ms. Nwosu,Black,Black
Ms. Ngo,Mr. Gishie,Asian,Native
Ms. Shije,Ms. Larson,Native,White
Ms. Claw,Ms. Tam,Native,Asian
Mr. Gishie,Mr. Jeanpierre,Native,Black
Ms. Erickson,Ms. Thao,White,Asian
Mr. Gao,Mr. Cayaditto,Asian,Native
Ms. Tan,Ms. Jiang,Asian,Asian
Ms. Benally,Mr. Vue,Native,Asian
Mr. Chen,Ms. Abebe,Asian,Black
Ms. Dominguez,Mr. Asare,Hispanic,Black
Mr. Belizaire,Mr. Phan,Black,Asian
Ms. Cardenas,Mr. Prophete,Hispanic,Black
Mr. Secody,Ms. Bui,Native,Asian
Mr. Yang,Mr. Sun,Asian,Asian
Ms. Manigault,Ms. Christensen,Black,White
Ms. Zhang,Mr. Hwang,Asian,Asian
Ms. Trinh,Mr. Gueye,Asian,Black
Mr. Claw,Mr. Castillo,Native,Hispanic
Mr. Owen,Ms. Reilly,White,White
Mr. Smallcanyon,Ms. Oneill,Native,White
Mr. Boykins,Ms. Saintil,Black,Black
Ms. Mahoney,Mr. Poorbear,White,Native
Ms. Spottedhorse,Ms. Keyonnie,Native,Native
Ms. Sexton,Ms. Wang,White,Asian
Ms. Delgarito,Mr. Wigfall,Native,Black
Mr. Veasley,Mr. Figueroa,Black,Hispanic
Mr. Krueger,Mr. Shin,White,Asian
Mr. Kwon,Mr. Shaffer,Asian,White
Ms. Parsons,Mr. Choi,White,Asian
Mr. Ganadonegro,Ms. Huynh,Native,Asian
Ms. Frimpong,Mr. Hurley,Black,White
Ms. Walsh,Mr. Littlelight,White,Native
Ms. Peck,Mr. Pineda,White,Hispanic
Mr. Shaffer,Ms. Olanna,White,Native
Mr. Martinez,Ms. Desta,Hispanic,Black
Mr. Edouard,Ms. Berg,Black,White
Mr. Koroma,Mr. Etsitty,Black,Native
Mr. Torres,Ms. Kwon,Hispanic,Asian
Mr. Knapp,Mr. Kebede,White,Black
Mr. Ulysse,Ms. Song,Black,Asian
Mr. Prophete,Mr. Rosales,Black,Hispanic
Mr. Coaxum,Mr. Pineda,Black,Hispanic
Ms. Keita,Ms. Okeke,Black,Black
Ms. Owen,Mr. Filsaime,White,Black
Ms. Sandoval,Ms. Mayer,Hispanic,White
Mr. Tam,Ms. Cisse,Asian,Black
Mr. Molina,Mr. Manigault,Hispanic,Black
Mr. Mejia,Mr. Louissaint,Hispanic,Black
Mr. Alvarez,Ms. Schultz,Hispanic,White
Mr. Avila,Ms. Obrien,Hispanic,White
Ms. Hardnett,Ms. Kanuho,Black,Native
Ms. Talayumptewa,Ms. Altaha,Native,Native
Ms. Patel,Mr. Wolf,Asian,White
Ms. Hartman,Mr. Ngo,White,Asian
Ms. Begaye,Mr. Gao,Native,Asian
Ms. Macdonald,Mr. Shin,White,Asian
Ms. Fluellen,Ms. Heavyrunner,Black,Native
Ms. Trevino,Ms. Yang,Hispanic,Asian
Mr. Addo,Mr. Medina,Black,Hispanic
Ms. Meyer,Mr. Tsinnie,White,Native
Mr. Dinh,Mr. Marquez,Asian,Hispanic
Ms. Hu,Mr. Espinoza,Asian,Hispanic
Mr. Duffy,Mr. Cardenas,White,Hispanic
Mr. Etcitty,Mr. Hwang,Native,Asian
Ms. Berg,Ms. Maldonado,White,Hispanic
Mr. Mekonnen,Mr. Snyder,Black,White
Mr. Hanson,Ms. Swanson,White,White
Ms. Balogun,Mr. Standingrock,Black,Native
Ms. Vargas,Ms. Bullbear,Hispanic,Native
Ms. Aguilar,Ms. Oh,Hispanic,Asian
Ms. Cardenas,Mr. Smallcanyon,Hispanic,Native
Mr. Mensah,Ms. Thao,Black,Asian
Ms. Dougherty,Ms. Torres,White,Hispanic
Mr. Jiang,Ms. Hu,Asian,Asian
Mr. Sow,Ms. Krueger,Black,White
Ms. Santana,Mr. Guerrero,Hispanic,Hispanic
Mr. Lopez,Ms. Talayumptewa,Hispanic,Native
Ms. Zuniga,Ms. Mccarthy,Hispanic,White
Mr. Figueroa,Mr. Chau,Hispanic,Asian
Mr. Klein,Mr. Roanhorse,White,Native
Mr. Martinez,Ms. Mahoney,Hispanic,White
Mr. Roth,Mr. Balogun,White,Black
Ms. Avila,Mr. Leaks,Hispanic,Black
Ms. Asante,Ms. Guo,Black,Asian
Ms. Ethelbah,Ms. Flynn,Native,White
Mr. Orozco,Ms. Keyonnie,Hispanic,Native
Mr. Soto,Mr. Tesfaye,Hispanic,Black
Mr. Parsons,Ms. Mueller,White,White
Mr. Bedonie,Mr. Yoon,Native,Asian
Mr. Bienaime,Ms. Ruiz,Black,Hispanic
Mr. Case,Ms. Dominguez,White,Hispanic
Ms. Talayumptewa,Ms. Mondesir,Native,Black
Mr. Kaur,Ms. Huber,Asian,White
Mr. Jimenez,Ms. Huynh,Hispanic,Asian
Mr. Gueye,Ms. Hartman,Black,White
Mr. Werito,Mr. Ravenell,Native,Black
Mr. Johnston,Ms. Boykins,White,Black
Ms. Blackgoat,Ms. Sweeney,Native,White
Mr. Patel,Mr. Valenzuela,Asian,Hispanic
Ms. Veasley,Mr. Mcmahon,Black,White
Ms. Herman,Mr. Lawal,White,Black
Ms. Laughing,Mr. Oconnor,Native,White
Ms. Jimenez,Ms. Maldonado,Hispanic,Hispanic
Mr. Sanchez,Ms. Chiu,Hispanic,Asian
Mr. Gallagher,Ms. Duong,White,Asian
Mr. Whiteface,Ms. Larson,Native,White
Ms. Atcitty,Ms. Clitso,Native,Native
Ms. Petitfrere,Mr. Prioleau,Black,Black
Ms. Notah,Mr. Rios,Native,Hispanic
Ms. Blackgoat,Mr. Jeanpierre,Native,Black
Mr. Friedman,Ms. Liu,White,Asian
Mr. Roth,Ms. Carlson,White,White
Mr. Walkingeagle,Mr. Ramirez,Native,Hispanic
Ms. Owusu,Mr. Keams,Black,Native
Mr. Rangel,Mr. Pham,Hispanic,Asian
Mr. Schmidt,Mr. Tsethlikai,White,Native
Mr. Yoon,Mr. Ahasteen,Asian,Native
Ms. Reilly,Ms. Calabaza,White,Native
Mr. Carrillo,Mr. Abdullahi,Hispanic,Black
Ms. Yu,Mr. Madplume,Asian,Native
Mr. Ndiaye,Ms. Torres,Black,Hispanic
Mr. Nunez,Mr. Figueroa,Hispanic,Hispanic
Ms. Fuentes,Mr. Cosay,Hispanic,Native
Ms. Jensen,Ms. Xu,White,Asian
Ms. Peck,Ms. Bitsie,White,Native
Ms. Dinh,Ms. Friedman,Asian,White
Mr. Prophete,Ms. Hoover,Black,White
Mr. Kidane,Ms. Shen,Black,Asian
Ms. Bangura,Mr. Villarreal,Black,Hispanic
Ms. Cephas,Mr. Carrillo,Black,Hispanic
Ms. Jain,Ms. Moreno,Asian,Hispanic
Mr. Salas,Mr. Pham,Hispanic,Asian
Mr. Erickson,Ms. Thao,White,Asian
Mr. Rivera,Mr. Munoz,Hispanic,Hispanic
Ms. Reilly,Ms. Moreno,White,Hispanic
Mr. Rivas,Mr. Martinez,Hispanic,Hispanic
Mr. Ngo,Mr. Gishie,Asian,Native
Mr. Bekele,Ms. Oneill,Black,White
Ms. Stfleur,Ms. Shen,Black,Asian
Ms. Bauer,Ms. Cowboy,White,Native
Ms. Jeanlouis,Ms. Cheung,Black,Asian
Mr. Arcoren,Mr. Hoffman,Native,White
Mr. Case,Mr. Sexton,White,White
Ms. Prophete,Ms. Hoover,Black,White
Ms. Bigcrow,Mr. Chiu,Native,Asian
Mr. Yohannes,Mr. Petitfrere,Black,Black
Mr. Hoang,Mr. Beyene,Asian,Black
Mr. Leaks,Mr. Wu,Black,Asian
Ms. Trevino,Ms. Bekele,Hispanic,Black
Mr. Metellus,Mr. Medina,Black,Hispanic
Mr. Hyppolite,Ms. Rios,Black,Hispanic
Mr. Bitsuie,Ms. Boyle,Native,White
Mr. Yepa,Ms. Vo,Native,Asian
Mr. Birdinground,Mr. Bitsie,Native,Native
Ms. Keita,Mr. Talayumptewa,Black,Native
Ms. Fluellen,Mr. Valenzuela,Black,Hispanic
Mr. Rodriguez,Mr. Reilly,Hispanic,White
Ms. Lesane,Ms. Chery,Black,Black
Ms. Vu,Ms. Abebe,Asian,Black
Ms. Mejia,Mr. Louissaint,Hispanic,Black
Ms. Toure,Ms. Do,Black,Asian
Ms. Opoku,Mr. Mehta,Black,Asian
Ms. Maldonado,Mr. Ng,Hispanic,Asian
Mr. Chung,Mr. Cephas,Asian,Black
Mr. Mensah,Mr. Reilly,Black,White
Ms. Perez,Ms. Sesay,Hispanic,Black
Mr. Cervantes,Ms. Laughing,Hispanic,Native
Ms. Adjei,Mr. Guzman,Black,Hispanic
Ms. Kebede,Ms. Cervantes,Black,Hispanic
Mr. Lo,Ms. Cayaditto,Asian,Native
Ms. Chasinghawk,Ms. Asante,Native,Black
Mr. Bigcrow,Mr. Vargas,Native,Hispanic
Mr. Mendez,Mr. Robles,Hispanic,Hispanic
Mr. Chiu,Ms. Warsame,Asian,Black
Mr. Kaur,Ms. Prioleau,Asian,Black
Mr. Han,Mr. Frimpong,Asian,Black
Ms. Cheung,Ms. Johnston,Asian,White
Mr. Huang,Ms. Laughing,Asian,Native
Mr. Kim,Ms. Vasquez,Asian,Hispanic
Mr. Gomez,Ms. Shen,Hispanic,Asian
Mr. Mekonnen,Ms. Alvarado,Black,Hispanic
Ms. Arias,Ms. Wang,Hispanic,Asian
Mr. Hsu,Ms. Yohannes,Asian,Black
Ms. Leung,Ms. Hardnett,Asian,Black
Mr. Lara,Mr. Chasinghawk,Hispanic,Native
Mr. Jeanlouis,Ms. Mensah,Black,Black
Ms. Beck,Ms. Hoover,White,White
Ms. Yoder,Mr. Goseyun,White,Native
Mr. Hanson,Ms. Yan,White,Asian
Ms. Huffman,Ms. Salas,White,Hispanic
Ms. Ojo,Mr. Tam,Black,Asian
Mr. Hu,Ms. Espinoza,Asian,Hispanic
Ms. Stout,Ms. Desta,White,Black
Ms. Tessay,Ms. Bah,Native,Black
Ms. Soto,Mr. Brennan,Hispanic,White
Mr. Beyene,Mr. Su,Black,Asian
Ms. Spottedhorse,Mr. Keyonnie,Native,Native
Ms. Herman,Mr. Hurley,White,White
Ms. Mekonnen,Ms. Yoo,Black,Asian
Ms. Arcoren,Ms. Tesfaye,Native,Black
Mr. Rivas,Mr. Brennan,Hispanic,White
Ms. Alvarez,Mr. Schultz,Hispanic,White
Ms. Obrien,Ms. Chiu,White,Asian
Mr. Lor,Mr. Fry,Asian,White
Mr. Belizaire,Ms. Dominguez,Black,Hispanic
Ms. Ortega,Ms. Balogun,Hispanic,Black
Mr. Zamora,Mr. Standingrock,Hispanic,Native
Mr. Fluellen,Mr. Valenzuela,Black,Hispanic
Mr. Etcitty,Ms. Schwartz,Native,White
Ms. Rodriguez,Ms. Bekele,Hispanic,Black
Mr. Sesay,Mr. Chen,Black,Asian
Ms. Yazzie,Ms. Valenzuela,Native,Hispanic
Ms. Pierrelouis,Mr. Gupta,Black,Asian
Mr. Stark,Ms. Molina,White,Hispanic
Ms. Jeanlouis,Mr. Mensah,Black,Black
Ms. Koroma,Ms. Lim,Black,Asian
Ms. Ojo,Mr. Gomez,Black,Hispanic
Ms. Shen,Mr. Guo,Asian,Asian
Ms. Yoo,Mr. Manigault,Asian,Black
Mr. Donovan,Mr. Campos,White,Hispanic
Mr. Ortiz,Ms. Cho,Hispanic,Asian
Ms. Schultz,Mr. Reilly,White,White
Ms. Koroma,Ms. Etsitty,Black,Native
Ms. Yohannes,Mr. Desai,Black,Asian
Mr. Ortega,Mr. Spottedhorse,Hispanic,Native
Ms. Keita,Ms. Ho,Black,Asian
Mr. Etcitty,Mr. Notah,Native,Native
Ms. Lo,Ms. Hernandez,Asian,Hispanic
Ms. Flores,Mr. Tessay,Hispanic,Native
Ms. Altaha,Mr. Runningcrane,Native,Native
Mr. Do,Mr. Metellus,Asian,Black
Ms. Exantus,Ms. Tesfaye,Black,Black
Mr. Velez,Mr. Gueye,Hispanic,Black
Ms. Kramer,Ms. Tesfaye,White,Black
Ms. Pena,Mr. Padilla,Hispanic,Hispanic
Mr. Shen,Mr. Guo,Asian,Asian
Ms. Dosela,Mr. Kang,Native,Asian
Ms. Lai,Mr. Gallagher,Asian,White
Mr. Trevino,Mr. Molina,Hispanic,Hispanic
Mr. Littledog,Ms. Jama,Native,Black
Mr. Heavyrunner,Mr. Knapp,Native,White
Mr. Ayze,Mr. Han,Native,Asian
Ms. Dougherty,Ms. Kallestewa,White,Native
Ms. Chen,Ms. Nez,Asian,Native
Mr. Walkingeagle,Mr. Krueger,Native,White
Mr. Fry,Ms. Bitsie,White,Native
Mr. Keller,Ms. Orozco,White,Hispanic
Ms. Lopez,Mr. Talayumptewa,Hispanic,Native
Mr. Exantus,Mr. Solis,Black,Hispanic
Ms. Weber,Mr. Ho,White,Asian
Ms. Blueeyes,Mr. Hyppolite,Native,Black
Mr. Jeanbaptiste,Ms. Perez,Black,Hispanic
Mr. Jacobson,Mr. Zheng,White,Asian
Ms. Velasquez,Ms. Vo,Hispanic,Asian
Mr. Schultz,Mr. Straughter,White,Black
Ms. Arias,Mr. Mohamud,Hispanic,Black
Ms. Opoku,Ms. Okafor,Black,Black
Ms. Thao,Mr. Tabaha,Asian,Native
Mr. Wolf,Ms. Weiss,White,White
Ms. Toure,Mr. Do,Black,Asian
Ms. Ho,Ms. Nwosu,Asian,Black
Mr. Pineda,Ms. Fobbs,Hispanic,Black
Ms. Keita,Mr. Okeke,Black,Black
Ms. Sandoval,Mr. Mayer,Hispanic,White
Ms. Carlson,Ms. Obrien,White,White
Mr. Ly,Mr. Russo,Asian,White
Ms. Olsen,Ms. Pena,White,Hispanic
Mr. Todacheenie,Mr. Hansen,Native,White
Mr. Ojo,Ms. Oneill,Black,White
Mr. Mcmahon,Mr. Vu,White,Asian
Ms. Cayaditto,Mr. Stout,Native,White
Ms. Wassillie,Mr. Ochoa,Native,Hispanic
Ms. Chiu,Ms. Tan,Asian,Asian
Mr. Exantus,Mr. Xu,Black,Asian
Ms. Orozco,Mr. Brandt,Hispanic,White
Ms. Ojo,Ms. Colelay,Black,Native
Mr. Fischer,Ms. Meyer,White,White
Mr. Erickson,Mr. Thao,White,Asian
Ms. Bartlett,Mr. Flynn,White,White
Ms. Stein,Mr. Dosela,White,Native
Ms. Sweeney,Mr. Petitfrere,White,Black
Mr. Sow,Mr. Kidane,Black,Black
Mr. Decker,Mr. Li,White,Asian
Ms. Su,Mr. Spottedhorse,Asian,Native
Mr. Barrera,Ms. Knapp,Hispanic,White
Ms. Bitsie,Mr. Tam,Native,Asian
Mr. Vazquez,Ms. Hyppolite,Hispanic,Black
Mr. Clah,Mr. Wang,Native,Asian
Mr. Contreras,Mr. Bullbear,Hispanic,Native
Mr. Song,Mr. Case,Asian,White
Mr. Ly,Mr. Zuniga,Asian,Hispanic
Ms. Jacobson,Ms. Vazquez,White,Hispanic
Mr. Becker,Mr. Christensen,White,White
Mr. Parsons,Mr. Sesay,White,Black
Ms. Madplume,Mr. Lozano,Native,Hispanic
Ms. Traore,Mr. Chung,Black,Asian
Mr. Desir,Mr. Lin,Black,Asian
Mr. Olsen,Mr. Ndiaye,White,Black
Ms. Phan,Ms. Barrera,Asian,Hispanic
Ms. Knapp,Mr. Dominguez,White,Hispanic
Ms. Filsaime,Ms. Abdullahi,Black,Black
Ms. Rasmussen,Ms. Ho,White,Asian
Ms. Herrera,Mr. Thai,Hispanic,Asian
Mr. Rasmussen,Ms. Schwartz,White,White
Ms. Duffy,Mr. Zheng,White,Asian
Mr. Begay,Ms. Whiteface,Native,Native
Ms. Toure,Mr. Parsons,Black,White
Mr. Abebe,Mr. Yoon,Black,Asian
Mr. Calabaza,Ms. Velez,Native,Hispanic
Mr. Hwang,Ms. Schwartz,Asian,White
Ms. Melendez,Mr. Ethelbah,Hispanic,Native
Mr. Tsinnie,Mr. Delgarito,Native,Native
Mr. Carlson,Mr. Birdinground,White,Native
Mr. Tesfaye,Mr. Pineda,Black,Hispanic
Mr. Gonzalez,Mr. Do,Hispanic,Asian
Ms. Russo,Ms. Etsitty,White,Native
Mr. Decker,Mr. Cowboy,White,Native
Ms. Krueger,Ms. Walsh,White,White
Ms. Kwon,Mr. Smallcanyon,Asian,Native
Ms. Pierrelouis,Ms. Cowboy,Black,Native
Mr. Marquez,Ms. Nielsen,Hispanic,White
Mr. Meza,Mr. Molina,Hispanic,Hispanic
Ms. Kwon,Mr. Kamara,Asian,Black
Ms. Louissaint,Mr. Santana,Black,Hispanic
Mr. Christensen,Mr. Secatero,White,Native
Ms. Tam,Mr. Wolf,Asian,White
Ms. Larson,Mr. Ko,White,Asian
Mr. Goseyun,Ms. Yi,Native,Asian
Mr. Notafraid,Ms. Luu,Native,Asian
Mr. Vazquez,Ms. Gomez,Hispanic,Hispanic
Ms. Ha,Ms. Delgarito,Asian,Native
Mr. Shin,Ms. Blackgoat,Asian,Native
Ms. Macias,Mr. Bedonie,Hispanic,Native
Mr. Grandberry,Ms. Okeke,Black,Black
Mr. Bitsie,Mr. Tam,Native,Asian
Mr. Bah,Mr. Alvarez,Black,Hispanic
Mr. Tsinnijinnie,Mr. Escobar,Native,Hispanic
Ms. Wu,Mr. Olson,Asian,White
Ms. Tan,Mr. Jeanlouis,Asian,Black
Mr. Kallestewa,Ms. Salazar,Native,Hispanic
Ms. Cho,Mr. Phan,Asian,Asian
Ms. Jeanbaptiste,Ms. Tan,Black,Asian
Ms. Sanchez,Ms. Trevino,Hispanic,Hispanic
Ms. Larsen,Mr. Exantus,White,Black
Ms. Larsen,Mr. Altaha,White,Native
Ms. Molina,Mr. Keyonnie,Hispanic,Native
Ms. Moyer,Ms. Moreno,White,Hispanic
Ms. Espinoza,Mr. Bauer,Hispanic,White
Mr. Guo,Mr. Yi,Asian,Asian
Mr. Vega,Ms. Diaz,Hispanic,Hispanic
Mr. Bah,Ms. Ahasteen,Black,Native
Mr. Littlelight,Ms. Kim,Native,Asian
Ms. Velazquez,Mr. Ruiz,Hispanic,Hispanic
Ms. Okeke,Mr. Straughter,Black,Black
Ms. Nez,Ms. Hernandez,Native,Hispanic
Ms. Clah,Ms. Wang,Native,Asian
Mr. Ajayi,Mr. Secody,Black,Native
Ms. Sweeney,Ms. Yan,White,Asian
Mr. Schmidt,Ms. Osei,White,Black
Ms. Contreras,Mr. Fofana,Hispanic,Black
Mr. Ortega,Ms. Gutierrez,Hispanic,Hispanic
Ms. Stout,Ms. Ma,White,Asian
Mr. Leung,Mr. Chavez,Asian,Hispanic
Ms. Mayweather,Mr. Alvarez,Black,Hispanic
Mr. Lawal,Mr. Bitsuie,Black,Native
Mr. Okoro,Ms. Weiss,Black,White
Mr. Walsh,Ms. Odonnell,White,White
Ms. Lor,Ms. Vue,Asian,Asian
Mr. Kim,Mr. Crane,Asian,White
Mr. Berhane,Mr. Rivera,Black,Hispanic
Ms. Mora,Mr. Desta,Hispanic,Black
Mr. Her,Ms. Hu,Asian,Asian
Mr. Cayaditto,Mr. Etcitty,Native,Native
Mr. Filsaime,Mr. Cheung,Black,Asian
Ms. Adjei,Ms. Donovan,Black,White
Ms. Leaks,Mr. Morse,Black,White
Ms. Arias,Mr. Nez,Hispanic,Native
Mr. Jeanpierre,Mr. Suarez,Black,Hispanic
Ms. Do,Ms. Metellus,Asian,Black
Mr. Campos,Mr. Vega,Hispanic,Hispanic
Ms. Petitfrere,Ms. Luong,Black,Asian
Ms. Bitsie,Mr. Alvarado,Native,Hispanic
Mr. Mondesir,Mr. Edouard,Black,Black
Mr. Frimpong,Ms. Adjei,Black,Black
Ms. Osei,Ms. Nez,Black,Native
Ms. Lopez,Ms. Owusu,Hispanic,Black
Ms. Morales,Ms. Hu,Hispanic,Asian
Ms. Owusu,Ms. Fischer,Black,White
Mr. Lawal,Ms. Delgado,Black,Hispanic
Ms. Beck,Ms. Gadson,White,Black
Ms. Coaxum,Ms. Stfleur,Black,Black
Mr. Begaye,Ms. Werito,Native,Native
Ms. Vu,Mr. Medina,Asian,Hispanic
Mr. Jeanjacques,Ms. Thai,Black,Asian
Ms. Wang,Ms. Yellowhair,Asian,Native
Ms. Werito,Mr. Schroeder,Native,White
Mr. Goldtooth,Mr. Donovan,Native,White
Ms. Moua,Mr. Yohannes,Asian,Black
Mr. Hwang,Ms. Owusu,Asian,Black
Ms. Cervantes,Ms. Jeancharles,Hispanic,Black
Mr. Wassillie,Ms. Zhao,Native,Asian
Ms. Dao,Mr. Hoover,Asian,White
Ms. Gallegos,Ms. Obrien,Hispanic,White
Mr. Lor,Ms. Fry,Asian,White
Ms. Secody,Mr. Mensah,Native,Black
Mr. Salinas,Ms. Chiu,Hispanic,Asian
Mr. Berhane,Ms. Larsen,Black,White
Mr. Ortega,Ms. Balogun,Hispanic,Black
Mr. Cabrera,Mr. Adjei,Hispanic,Black
Ms. Addo,Ms. Hu,Black,Asian
Mr. Beck,Ms. Mejia,White,Hispanic
Mr. Manuelito,Mr. Decker,Native,White
Mr. Appiah,Mr. Desir,Black,Black
Mr. Odonnell,Ms. Becker,White,White
Ms. Alvarez,Mr. Heavyrunner,Hispanic,Native
Ms. Moyer,Ms. Kameroff,White,Native
Ms. Appiah,Ms. Yu,Black,Asian
Mr. Dayzie,Mr. Su,Native,Asian
Mr. Mehta,Ms. Beyene,Asian,Black
Mr. Lawal,Ms. Hurley,Black,White
Mr. Bangura,Mr. Tessay,Black,Native
Ms. Hansen,Mr. Nunez,White,Hispanic
Ms. Lor,Mr. Alvarado,Asian,Hispanic
Ms. Jacobson,Ms. Zheng,White,Asian
Mr. Serrano,Mr. Han,Hispanic,Asian
Mr. Dinh,Mr. Prioleau,Asian,Black
Mr. Tsinnie,Ms. Traore,Native,Black
Mr. Laughing,Ms. Zhou,Native,Asian
Mr. Maldonado,Mr. Roth,Hispanic,White
Mr. Barrera,Mr. Blackgoat,Hispanic,Native
Mr. Klein,Ms. Roanhorse,White,Native
Ms. Berhane,Mr. Kebede,Black,Black
Ms. Balogun,Ms. Standingrock,Black,Native
Mr. Bigcrow,Ms. Chiu,Native,Asian
Ms. Wassillie,Mr. Zhao,Native,Asian
Ms. Runningcrane,Mr. Chowdhury,Native,Asian
Mr. Aguilar,Mr. Abebe,Hispanic,Black
Mr. Jensen,Ms. Oconnor,White,White
Mr. Macdonald,Ms. Zuniga,White,Hispanic
Ms. Chau,Mr. Velez,Asian,Hispanic
Mr. Vargas,Mr. Contreras,Hispanic,Hispanic
Mr. Thai,Ms. Huber,Asian,White
Mr. Espinoza,Mr. Owusu,Hispanic,Black
Ms. Cline,Mr. Brennan,White,White
Ms. Peck,Ms. Chery,White,Black
Mr. Boyle,Ms. Ramirez,White,Hispanic
Ms. Liu,Mr. Chowdhury,Asian,Asian
Ms. Su,Ms. Carlson,Asian,White
Ms. Desai,Mr. Meyer,Asian,White
Ms. Oh,Ms. Henio,Asian,Native
Mr. Wassillie,Mr. Ochoa,Native,Hispanic
Ms. Dayzie,Mr. Walsh,Native,White
Mr. Mayer,Mr. Leaks,White,Black
Mr. Soto,Mr. Brennan,Hispanic,White
Mr. Boyle,Mr. Prophete,White,Black
Mr. Haskie,Ms. Haskie,Native,Native
Mr. Garcia,Ms. Song,Hispanic,Asian
Mr. Carrillo,Mr. Moyer,Hispanic,White
Mr. Pham,Ms. Knapp,Asian,White
Mr. Hardnett,Ms. Cardenas,Black,Hispanic
Mr. Mehta,Ms. Hwang,Asian,Asian
Ms. Fuentes,Ms. He,Hispanic,Asian
Mr. Xu,Mr. Filsaime,Asian,Black
Mr. Huffman,Ms. Tadesse,White,Black
Mr. Chinana,Mr. Oconnor,Native,White
Mr. Mccarthy,Mr. Kallestewa,White,Native
Ms. Okoro,Mr. Maldonado,Black,Hispanic
Ms. Brennan,Mr. Chinana,White,Native
Ms. Espinoza,Ms. Bauer,Hispanic,White
Ms. Tsosie,Ms. Oconnor,Native,White
Ms. Goldtooth,Ms. Ibarra,Native,Hispanic
Mr. Solis,Ms. Castaneda,Hispanic,Hispanic
Ms. Flores,Ms. Pierrelouis,Hispanic,Black
Ms. Hanson,Mr. Walkingeagle,White,Native
Ms. Haskie,Mr. Erickson,Native,White
Mr. Benallie,Ms. Grandberry,Native,Black
Ms. Martinez,Mr. Desta,Hispanic,Black
Mr. Luu,Ms. Hardnett,Asian,Black
Mr. Vu,Ms. Tsethlikai,Asian,Native
Mr. Lawal,Mr. Kim,Black,Asian
Mr. Koch,Ms. Belizaire,White,Black
Ms. Zheng,Mr. Filsaime,Asian,Black
Mr. Ho,Mr. Birdinground,Asian,Native
Mr. Rojas,Ms. Whiteplume,Hispanic,Native
Ms. Claw,Ms. Olanna,Native,Native
Mr. Ayala,Mr. Todacheene,Hispanic,Native
Ms. Spottedhorse,Ms. Bah,Native,Black
Mr. Soto,Ms. Smallcanyon,Hispanic,Native
Mr. Blackhorse,Ms. Shaffer,Native,White
Ms. Tsinnijinnie,Mr. Louissaint,Native,Black
Mr. Berger,Mr. Hebert,White,White
Ms. Yang,Ms. Laughing,Asian,Native
Mr. Vang,Ms. Luong,Asian,Asian
Mr. Shen,Ms. Delgarito,Asian,Native
Mr. Lasiloo,Ms. Rodriguez,Native,Hispanic
Ms. Okeke,Mr. Mcmahon,Black,White
Mr. Chen,Mr. Brennan,Asian,White
Ms. Cardenas,Ms. Prophete,Hispanic,Black
Mr. Swanson,Ms. Ng,White,Asian
Mr. Lozano,Ms. Yohannes,Hispanic,Black
Mr. Donovan,Mr. Cheng,White,Asian
Ms. Delgarito,Mr. Pineda,Native,Hispanic
Ms. Mensah,Ms. Lawal,Black,Black
Mr. Alvarez,Ms. Nguyen,Hispanic,Asian
Mr. Tapaha,Ms. Berger,Native,White
Mr. Santana,Ms. Beck,Hispanic,White
Mr. Kanuho,Ms. Twobulls,Native,Native
Ms. Diallo,Ms. Dong,Black,Asian
Mr. Petitfrere,Mr. Wauneka,Black,Native
Ms. Schaefer,Ms. Alvarado,White,Hispanic
Ms. Estrada,Mr. Claw,Hispanic,Native
Mr. Bitsilly,Mr. Dinh,Native,Asian
Mr. Melendez,Ms. Her,Hispanic,Asian
Mr. Tapaha,Ms. Metellus,Native,Black
Ms. Yohannes,Mr. Delgarito,Black,Native
Mr. Stein,Mr. Zhu,White,Asian
Ms. Yazzie,Mr. Henio,Native,Native
Mr. Notafraid,Ms. Benallie,Native,Native
Mr. Tan,Mr. Jeanlouis,Asian,Black
Mr. Jain,Ms. Mccarthy,Asian,White
Mr. Velazquez,Mr. Chowdhury,Hispanic,Asian
Mr. Leaks,Ms. Morse,Black,White
Mr. Bitsuie,Ms. Poorbear,Native,Native
Mr. Mueller,Ms. Garcia,White,Hispanic
Ms. Fischer,Mr. Manuelito,White,Native
Ms. Toure,Mr. Vassell,Black,Black
Ms. Claw,Mr. Olanna,Native,Native
Mr. Laughing,Ms. Lara,Native,Hispanic
Ms. Kaur,Ms. Huber,Asian,White
Mr. Yi,Mr. Hebert,Asian,White
Ms. Coaxum,Mr. Todacheene,Black,Native
Ms. Bauer,Ms. Sesay,White,Black
Mr. Yepa,Mr. Soto,Native,Hispanic
Mr. Nielsen,Ms. Zuniga,White,Hispanic
Ms. Guerrero,Ms. Chery,Hispanic,Black
Ms. Wang,Mr. Nunez,Asian,Hispanic
Mr. Ruiz,Ms. Meza,Hispanic,Hispanic
Mr. Whiteface,Mr. Larson,Native,White
Mr. Yeboah,Mr. Toure,Black,Black
Ms. Whiteface,Ms. Mehta,Native,Asian
Mr. Kamara,Ms. Mueller,Black,White
Ms. Walkingeagle,Mr. Mayweather,Native,Black
Mr. Jimenez,Mr. Jeanbaptiste,Hispanic,Black
Mr. Wassillie,Ms. Ochoa,Native,Hispanic
Mr. Moyer,Ms. Kameroff,White,Native
Mr. Wagner,Ms. Salas,White,Hispanic
Mr. Filsaime,Mr. Madplume,Black,Native
Mr. Hailu,Mr. Tadesse,Black,Black
Ms. Oconnor,Mr. Dinh,White,Asian
Ms. Tsinnie,Ms. Carlson,Native,White
Mr. Aguirre,Ms. Goseyun,Hispanic,Native
Mr. Guerrero,Mr. Yang,Hispanic,Asian
Ms. Hsu,Ms. Yohannes,Asian,Black
Ms. Chasinghawk,Ms. Henio,Native,Native
Mr. Opoku,Mr. Twobulls,Black,Native
Ms. Koch,Mr. Larsen,White,White
Mr. Hyppolite,Ms. Chinana,Black,Native
Ms. Lin,Ms. Boateng,Asian,Black
Mr. Galvan,Ms. Becenti,Hispanic,Native
Ms. Bartlett,Ms. Wauneka,White,Native
Ms. Ethelbah,Ms. Patel,Native,Asian
Mr. Okoro,Mr. Ethelbah,Black,Native
Ms. Chau,Ms. Wu,Asian,Asian
Ms. Schroeder,Mr. Rangel,White,Hispanic
Mr. Tsosie,Mr. Oconnor,Native,White
Ms. Ravenell,Ms. Cowboy,Black,Native
Mr. Addo,Ms. Yoder,Black,White
Ms. Stfleur,Ms. Zuniga,Black,Hispanic
Ms. Madplume,Ms. Tsinnijinnie,Native,Native
Ms. Shije,Mr. Salazar,Native,Hispanic
Mr. Opoku,Ms. Okafor,Black,Black
Ms. Vue,Mr. Ly,Asian,Asian
Ms. Tran,Mr. Vassell,Asian,Black
Ms. Toure,Ms. Dosela,Black,Native
Mr. Cosay,Mr. Castaneda,Native,Hispanic
Ms. Shin,Ms. Aguirre,Asian,Hispanic
Ms. Tam,Ms. Wolf,Asian,White
Ms. Dinh,Mr. Marquez,Asian,Hispanic
Ms. Kramer,Mr. Her,White,Asian
Ms. Gueye,Mr. Calixte,Black,Black
Ms. Etcitty,Ms. Salazar,Native,Hispanic
Mr. Yellowhair,Ms. Walkingeagle,Native,Native
Mr. Estrada,Ms. Bah,Hispanic,Black
Ms. Tesfaye,Mr. Pineda,Black,Hispanic
Mr. Johnston,Mr. Heavyrunner,White,Native
Ms. Huffman,Ms. Blackgoat,White,Native
Mr. Etcitty,Mr. Salazar,Native,Hispanic
Mr. Straughter,Ms. Moua,Black,Asian
Ms. Etcitty,Mr. Schwartz,Native,White
Mr. Hyppolite,Mr. Song,Black,Asian
Mr. Yoder,Ms. Goseyun,White,Native
Ms. Gutierrez,Mr. Hansen,Hispanic,White
Ms. Chen,Ms. Medina,Asian,Hispanic
Mr. Mayweather,Ms. Zhou,Black,Asian
Ms. Schmidt,Mr. Osei,White,Black
Mr. Thao,Ms. Rojas,Asian,Hispanic
Ms. Peshlakai,Mr. Lu,Native,Asian
Mr. Herrera,Ms. Desir,Hispanic,Black
Mr. Saintil,Ms. Ojo,Black,Black
Mr. Huber,Mr. Brandt,White,White
Ms. Liang,Ms. Begay,Asian,Native
Mr. Cosay,Mr. Diallo,Native,Black
Mr. Chinana,Mr. Ho,Native,Asian
Mr. Jeanlouis,Ms. Serrano,Black,Hispanic
Ms. Koroma,Mr. Louissaint,Black,Black
Ms. Yellowhair,Ms. Krueger,Native,White
Mr. Garcia,Ms. Vega,Hispanic,Hispanic
Ms. Weber,Mr. Mensah,White,Black
Ms. Secody,Mr. Salinas,Native,Hispanic
Mr. Berhane,Mr. Larsen,Black,White
Mr. Bitsie,Ms. Ryan,Native,White
Mr. Yoder,Mr. Diallo,White,Black
Mr. Becenti,Mr. Huffman,Native,White
Ms. Meza,Mr. Begum,Hispanic,Asian
Ms. Garza,Ms. Nwosu,Hispanic,Black
Mr. Gallegos,Ms. Ganadonegro,Hispanic,Native
Ms. Knapp,Ms. Yoder,White,White
Ms. Santana,Mr. Hoang,Hispanic,Asian
Mr. Flynn,Ms. Littlewhiteman,White,Native
Ms. Hoffman,Ms. Talayumptewa,White,Native
Mr. Sanchez,Mr. Chiu,Hispanic,Asian
Ms. Zheng,Mr. Chinana,Asian,Native
Ms. Smalls,Ms. Lozano,Black,Hispanic
Mr. Ochoa,Mr. Thai,Hispanic,Asian
Ms. Snyder,Mr. Duong,White,Asian
Mr. Bigcrow,Mr. Stout,Native,White
Ms. Leaks,Mr. Wu,Black,Asian
Ms. Cervantes,Mr. Avila,Hispanic,Hispanic
Mr. Meza,Ms. Saintlouis,Hispanic,Black
Ms. Do,Ms. Luong,Asian,Asian
Mr. Owusu,Ms. Castillo,Black,Hispanic
Mr. Jeancharles,Ms. Ly,Black,Asian
Mr. Christensen,Mr. Cline,White,White
Ms. Njoroge,Mr. Yazzie,Black,Native
Mr. Hanson,Mr. Walkingeagle,White,Native
Ms. Ho,Mr. Birdinground,Asian,Native
Mr. Santana,Ms. Addo,Hispanic,Black
Ms. Chung,Mr. Kameroff,Asian,Native
Ms. Goldtooth,Mr. Ibarra,Native,Hispanic
Mr. Pena,Mr. Ravenell,Hispanic,Black
Ms. Hosteen,Mr. Calderon,Native,Hispanic
Mr. Runningcrane,Mr. Okoro,Native,Black
Ms. Xiong,Ms. Lai,Asian,Asian
Ms. Koroma,Mr. Etsitty,Black,Native
Mr. Russo,Ms. Kwon,White,Asian
Ms. Leung,Mr. Wauneka,Asian,Native
Ms. Friedman,Ms. Poorbear,White,Native
Ms. Swanson,Mr. Galvan,White,Hispanic
Mr. Vo,Mr. Fischer,Asian,White
Mr. Hoang,Mr. Declay,Asian,Native
Mr. Carrillo,Mr. Le,Hispanic,Asian
Mr. Stfleur,Ms. Arcoren,Black,Native
Mr. Todacheene,Ms. Ortiz,Native,Hispanic
Ms. Kim,Mr. Crane,Asian,White
Mr. Garcia,Ms. Leaks,Hispanic,Black
Ms. Hess,Mr. Salinas,White,Hispanic
Mr. Yazzie,Ms. Valenzuela,Native,Hispanic
Ms. Lawal,Ms. Bitsuie,Black,Native
Ms. Becenti,Mr. Lor,Native,Asian
Mr. Poorbear,Ms. Bitsuie,Native,Native
Ms. Friedman,Ms. Liu,White,Asian
Mr. Rasmussen,Mr. Jimenez,White,Hispanic
Mr. Flores,Mr. Tessay,Hispanic,Native
Ms. Cho,Ms. Yoder,Asian,White
Ms. Oconnor,Ms. Boateng,White,Black
Ms. Begaye,Ms. Trevino,Native,Hispanic
Ms. Trevino,Mr. Chasinghawk,Hispanic,Native
Ms. Schneider,Ms. He,White,Asian
Mr. Beyene,Ms. Su,Black,Asian
Mr. Whiteface,Ms. Gomez,Native,Hispanic
Mr. Ndiaye,Mr. Torres,Black,Hispanic
Mr. Peshlakai,Ms. Jeanpierre,Native,Black
Mr. Larsen,Mr. Tang,White,Asian
Mr. Leung,Mr. Wauneka,Asian,Native
Ms. Thai,Mr. Fofana,Asian,Black
Ms. Zuniga,Ms. Leung,Hispanic,Asian
Ms. Trinh,Mr. Ortega,Asian,Hispanic
Mr. Ha,Mr. Huynh,Asian,Asian
Ms. Oconnor,Ms. Rangel,White,Hispanic
Mr. Keita,Ms. Okeke,Black,Black
Mr. Her,Mr. Alvarez,Asian,Hispanic
Mr. Ajayi,Ms. Vazquez,Black,Hispanic
Mr. Secody,Mr. Nez,Native,Native
Mr. Stein,Ms. Jeancharles,White,Black
Ms. Alvarez,Ms. Nguyen,Hispanic,Asian
Ms. Gomez,Ms. Ochoa,Hispanic,Hispanic
Mr. Jimenez,Mr. Maldonado,Hispanic,Hispanic
Ms. Smalls,Mr. Jeanbaptiste,Black,Black
Mr. Littlelight,Ms. Fischer,Native,White
Ms. Diaz,Mr. Bitsilly,Hispanic,Native
Mr. Osei,Mr. Nez,Black,Native
Mr. Chinana,Ms. Shije,Native,Native
Mr. Ortiz,Mr. Klein,Hispanic,White
Ms. Rivera,Ms. Munoz,Hispanic,Hispanic
Mr. Schwartz,Mr. Guo,White,Asian
Mr. Huang,Mr. Laughing,Asian,Native
Ms. Chiu,Ms. Walkingeagle,Asian,Native
Ms. Yazzie,Mr. Hanson,Native,White
Ms. Atcitty,Ms. Vargas,Native,Hispanic
Mr. Keita,Ms. Schultz,Black,White
Ms. Vu,Ms. Ly,Asian,Asian
Mr. Arcoren,Mr. Tesfaye,Native,Black
Mr. Ravenell,Ms. Prioleau,Black,Black
Mr. Ng,Mr. Hu,Asian,Asian
Ms. Dao,Mr. Mendez,Asian,Hispanic
Ms. Keams,Mr. Ahasteen,Native,Native
Mr. Alvarez,Ms. Heavyrunner,Hispanic,Native
Mr. Whiteplume,Ms. Stark,Native,White
Ms. Exantus,Mr. Chinana,Black,Native
Mr. Juarez,Mr. Sharma,Hispanic,Asian
Ms. Lu,Ms. Mondesir,Asian,Black
Mr. Olanna,Ms. Perez,Native,Hispanic
Mr. Shen,Mr. Asante,Asian,Black
Ms. Calderon,Ms. Chiu,Hispanic,Asian
Ms. Stark,Mr. Mohamud,White,Black
Mr. Bangura,Mr. Bui,Black,Asian
Mr. Yi,Mr. Ibarra,Asian,Hispanic
Ms. Bartlett,Ms. Hoang,White,Asian
Ms. Erickson,Mr. Medina,White,Hispanic
Mr. Chasinghawk,Ms. Lai,Native,Asian
Ms. Kanuho,Ms. Chavez,Native,Hispanic
Mr. Rojas,Ms. Rasmussen,Hispanic,White
Mr. Walsh,Ms. Ojo,White,Black
Ms. Clah,Mr. Littlewhiteman,Native,Native
Mr. Lo,Mr. Wu,Asian,Asian
Ms. Knapp,Ms. Kebede,White,Black
Mr. Sesay,Mr. Beyale,Black,Native
Ms. Zhu,Mr. Trinh,Asian,Asian
Mr. Swanson,Ms. Peshlakai,White,Native
Ms. Avila,Mr. Vue,Hispanic,Asian
Ms. Gallagher,Mr. Swanson,White,White
Ms. Pierrelouis,Ms. Zimmerman,Black,White
Mr. Ganadonegro,Ms. Velazquez,Native,Hispanic
Mr. Kline,Mr. Cervantes,White,Hispanic
Mr. Chowdhury,Mr. Mwangi,Asian,Black
Ms. Bitsui,Ms. Gishie,Native,Native
Mr. Hardnett,Mr. Chu,Black,Asian
Ms. Barrera,Ms. Galvan,Hispanic,Hispanic
Mr. Calixte,Ms. Padilla,Black,Hispanic
Mr. Belizaire,Mr. Etsitty,Black,Native
Mr. Keita,Mr. Schultz,Black,White
Mr. Figueroa,Ms. Johnston,Hispanic,White
Ms. Shaffer,Mr. Olanna,White,Native
Ms. Guo,Mr. Figueroa,Asian,Hispanic
Mr. Smallcanyon,Mr. Chiu,Native,Asian
Mr. Espinoza,Ms. Galvan,Hispanic,Hispanic
Ms. Dong,Ms. Obrien,Asian,White
Mr. Kaur,Mr. Prioleau,Asian,Black
Mr. Belizaire,Mr. Reilly,Black,White
Ms. Le,Mr. Estrada,Asian,Hispanic
Mr. Zhou,Mr. Vu,Asian,Asian
Ms. Tan,Mr. Calderon,Asian,Hispanic
Mr. Swanson,Mr. Galvan,White,Hispanic
Mr. Vasquez,Mr. Schroeder,Hispanic,White
Mr. Chau,Mr. Wu,Asian,Asian
Ms. Xiong,Ms. Jimenez,Asian,Hispanic
Ms. Molina,Mr. Hensley,Hispanic,White
Mr. Lopez,Mr. Ryan,Hispanic,White
Mr. Bitsie,Ms. Hardnett,Native,Black
Ms. Mcmahon,Mr. Jama,White,Black
Mr. Bitsie,Mr. Manuelito,Native,Native
Mr. Schneider,Ms. He,White,Asian
Mr. Jeanjacques,Ms. Bitsui,Black,Native
Mr. Dang,Ms. Warsame,Asian,Black
Ms. Morse,Ms. Chen,White,Asian
Mr. Desta,Mr. Mensah,Black,Black
Mr. Pineda,Ms. Donovan,Hispanic,White
Ms. Kline,Ms. Cervantes,White,Hispanic
Mr. Serrano,Mr. Morse,Hispanic,White
Mr. Schneider,Ms. Prioleau,White,Black
Ms. Abebe,Ms. Krueger,Black,White
Mr. Salazar,Ms. Goldtooth,Hispanic,Native
Mr. Berhane,Mr. Cosay,Black,Native
Ms. Li,Mr. Meyer,Asian,White
Mr. Hernandez,Ms. Keita,Hispanic,Black
Mr. Tessay,Mr. Bah,Native,Black
Mr. Guo,Mr. Huber,Asian,White
Ms. Cayaditto,Ms. Stout,Native,White
Ms. Kaur,Mr. Chiu,Asian,Asian
Ms. Dayzie,Ms. Yellowhair,Native,Native
Mr. Abebe,Ms. Martinez,Black,Hispanic
Mr. Carrillo,Mr. Wauneka,Hispanic,Native
Ms. Ojo,Ms. Tam,Black,Asian
Ms. Nunez,Mr. Chiu,Hispanic,Asian
Mr. Koch,Ms. Begaye,White,Native
Mr. Dominguez,Ms. Yoon,Hispanic,Asian
Ms. Chung,Ms. Klein,Asian,White
Ms. Bah,Ms. Alvarez,Black,Hispanic
Mr. Xu,Mr. Hess,Asian,White
Ms. Yohannes,Ms. Delgarito,Black,Native
Mr. Villarreal,Ms. Chung,Hispanic,Asian
Ms. Calderon,Mr. Chiu,Hispanic,Asian
Mr. Vue,Ms. Walsh,Asian,White
Mr. Jimenez,Ms. Jeanbaptiste,Hispanic,Black
Mr. Tadesse,Ms. Ravenell,Black,Black
Ms. Odonnell,Ms. Her,White,Asian
Ms. Leaks,Mr. Kanuho,Black,Native
Mr. Bitsie,Ms. Manuelito,Native,Native
Ms. Metellus,Ms. Keyonnie,Black,Native
Ms. Berhane,Ms. Kebede,Black,Black
Ms. Han,Ms. Frimpong,Asian,Black
Ms. Standingrock,Ms. Soto,Native,Hispanic
Mr. Vazquez,Mr. Her,Hispanic,Asian
Ms. Louissaint,Mr. Bui,Black,Asian
Mr. Prophete,Mr. Cayaditto,Black,Native
Mr. Cephas,Mr. Foley,Black,White
Mr. Calabaza,Ms. Sow,Native,Black
Ms. Odonnell,Ms. Becker,White,White
Mr. Jiang,Mr. Yellowman,Asian,Native
Mr. Petersen,Ms. Munoz,White,Hispanic
Mr. Hsu,Mr. Yohannes,Asian,Black
Mr. Conrad,Ms. Whitehat,White,Native
Mr. Le,Ms. Phan,Asian,Asian
Mr. Duffy,Ms. Schultz,White,White
Ms. Kamara,Mr. Serrano,Black,Hispanic
Mr. Jeanjacques,Ms. Chery,Black,Black
Mr. Wauneka,Mr. Lawal,Native,Black
Mr. Dorvil,Mr. Keita,Black,Black
Ms. Blueeyes,Mr. Yoo,Native,Asian
Mr. Desta,Mr. Petersen,Black,White
Ms. Tang,Mr. Conrad,Asian,White
Mr. Morse,Ms. Jalloh,White,Black
Ms. Mayer,Ms. Leaks,White,Black
Ms. Mwangi,Ms. Morales,Black,Hispanic
Ms. Salazar,Ms. Alvarado,Hispanic,Hispanic
Mr. Guzman,Mr. Lara,Hispanic,Hispanic
Ms. Padilla,Ms. Tsosie,Hispanic,Native
Ms. Mendez,Mr. Friedman,Hispanic,White
Mr. Atcitty,Ms. Kang,Native,Asian
Ms. Aguirre,Mr. Koroma,Hispanic,Black
Mr. Kallestewa,Mr. Opoku,Native,Black
Ms. Oconnor,Ms. Bartlett,White,White
Ms. Carlson,Mr. Velasquez,White,Hispanic
Ms. Beck,Mr. Hoover,White,White
Ms. Standingrock,Ms. Arcoren,Native,Native
Ms. Chung,Ms. Nguyen,Asian,Asian
Mr. Saintil,Mr. Reilly,Black,White
Ms. Salinas,Mr. Belizaire,Hispanic,Black
Mr. Lozano,Mr. Haskie,Hispanic,Native
Mr. Lesane,Ms. Huynh,Black,Asian
Ms. Jeanjacques,Mr. Avila,Black,Hispanic
Mr. Koch,Ms. Han,White,Asian
Mr. Wu,Mr. Prophete,Asian,Black
Mr. Mejia,Ms. Krueger,Hispanic,White
Ms. Cheng,Ms. Dosela,Asian,Native
Ms. Mayweather,Ms. Zhou,Black,Asian
Mr. Wu,Mr. Li,Asian,Asian
Mr. Schmidt,Mr. Fry,White,White
Ms. Dang,Mr. Guerrero,Asian,Hispanic
Ms. Hosteen,Mr. Roanhorse,Native,Native
Ms. Lor,Mr. Vue,Asian,Asian
Mr. Altaha,Ms. Yan,Native,Asian
Ms. Addo,Mr. Hu,Black,Asian
Mr. Chung,Ms. Nguyen,Asian,Asian
Ms. Shah,Ms. Dominguez,Asian,Hispanic
Mr. Yeboah,Ms. Toure,Black,Black
Mr. Straughter,Mr. Moua,Black,Asian
Ms. Ulysse,Ms. Runningcrane,Black,Native
Ms. Sow,Ms. Krueger,Black,White
Mr. Sweeney,Mr. Bedonie,White,Native
Mr. Ortega,Mr. Foley,Hispanic,White
Mr. Maldonado,Mr. Warsame,Hispanic,Black
Mr. Zuniga,Ms. Mccarthy,Hispanic,White
Ms. Okoro,Mr. Wang,Black,Asian
Ms. Mensah,Mr. Lawal,Black,Black
Mr. Tsosie,Mr. Bigcrow,Native,Native
Mr. Crane,Mr. Mensah,White,Black
Mr. Belizaire,Mr. Saintil,Black,Black
Mr. Cheung,Ms. Macias,Asian,Hispanic
Mr. Hyppolite,Mr. Ravenell,Black,Black
Mr. Pena,Mr. Padilla,Hispanic,Hispanic
Mr. Boateng,Ms. Lor,Black,Asian
Ms. Lawal,Ms. Kim,Black,Asian
Ms. Truong,Ms. Macias,Asian,Hispanic
Ms. Gao,Ms. Cayaditto,Asian,Native
Ms. Birdinground,Ms. Sharma,Native,Asian
Mr. Tran,Mr. Kaur,Asian,Asian
Mr. Pan,Mr. Colelay,Asian,Native
Mr. Bui,Mr. Larson,Asian,White
Mr. Espinoza,Mr. Bauer,Hispanic,White
Ms. Case,Ms. Sexton,White,White
Ms. Fuentes,Ms. Garcia,Hispanic,Hispanic
Ms. Vega,Ms. Madplume,Hispanic,Native
Ms. Grandberry,Ms. Okeke,Black,Black
Mr. Appiah,Mr. Yu,Black,Asian
Mr. Odonnell,Ms. Lesane,White,Black
Ms. Kwon,Mr. Sharma,Asian,Asian
Mr. Hess,Ms. Patel,White,Asian
Ms. Case,Ms. Kamara,White,Black
Ms. Yang,Ms. Sun,Asian,Asian
Ms. Santana,Ms. Hoang,Hispanic,Asian
Mr. Becenti,Ms. Lor,Native,Asian
Ms. Schwartz,Ms. Guo,White,Asian
Mr. Alvarado,Ms. Mekonnen,Hispanic,Black
Mr. Wigfall,Mr. Owusu,Black,Black
Ms. Lo,Ms. Wu,Asian,Asian
Mr. Yoo,Mr. Manigault,Asian,Black
Ms. Tam,Mr. Liu,Asian,Asian
Ms. Trinh,Ms. Gueye,Asian,Black
Mr. Cheng,Ms. Frimpong,Asian,Black
Ms. Keller,Mr. Becker,White,White
Mr. Ortiz,Ms. Rivas,Hispanic,Hispanic
Mr. Clah,Ms. Sow,Native,Black
Ms. Bangura,Mr. Koroma,Black,Black
Mr. Dayzie,Mr. Yellowhair,Native,Native
Mr. Chery,Ms. Flynn,Black,White
Ms. Cheng,Ms. Hanson,Asian,White
Mr. Gueye,Mr. Bitsilly,Black,Native
Ms. Adjei,Mr. Mwangi,Black,Black
Mr. Friedman,Mr. Desir,White,Black
Mr. Ma,Ms. Coaxum,Asian,Black
Mr. Salinas,Mr. Belizaire,Hispanic,Black
Ms. Conrad,Mr. Duong,White,Asian
Mr. Hanson,Mr. Mayweather,White,Black
Ms. Yan,Ms. Spottedeagle,Asian,Native
Mr. Werito,Mr. Cosay,Native,Native
Mr. Kim,Ms. Kamara,Asian,Black
Ms. Medina,Ms. Littlewhiteman,Hispanic,Native
Mr. Salas,Ms. Pham,Hispanic,Asian
Mr. Friedman,Mr. Larsen,White,White
Mr. Toure,Mr. Vassell,Black,Black
Ms. Desai,Mr. Littlewhiteman,Asian,Native
Mr. Dorvil,Mr. Zhang,Black,Asian
Mr. Huber,Ms. Cao,White,Asian
Ms. Serrano,Mr. Morse,Hispanic,White
Mr. Yellowman,Ms. Keams,Native,Native
Ms. Pierrelouis,Ms. Gupta,Black,Asian
Mr. Knapp,Mr. Littlewhiteman,White,Native
Mr. Oh,Mr. Diallo,Asian,Black
Ms. Leung,Mr. Berg,Asian,White
Ms. Erickson,Mr. Thao,White,Asian
Ms. Atcitty,Mr. Vargas,Native,Hispanic
Ms. Liu,Mr. Altaha,Asian,Native
Mr. Munoz,Ms. Boykins,Hispanic,Black
Mr. Hardnett,Ms. Krueger,Black,White
Ms. Secody,Ms. Salinas,Native,Hispanic
Ms. Petersen,Mr. Mwangi,White,Black
Ms. Mccarthy,Ms. Beyene,White,Black
Ms. Perez,Mr. Hwang,Hispanic,Asian
Mr. Melendez,Ms. Beck,Hispanic,White
Ms. Soto,Ms. Tesfaye,Hispanic,Black
Mr. Blankenship,Ms. Hanson,White,White
Mr. Lara,Ms. Hebert,Hispanic,White
Ms. Thao,Ms. Olsen,Asian,White
Ms. Whiteplume,Mr. Laughing,Native,Native
Mr. Rios,Mr. Dorvil,Hispanic,Black
Ms. Wigfall,Mr. Ochoa,Black,Hispanic
Mr. Mayweather,Ms. Larson,Black,White
Ms. Robles,Ms. Moyer,Hispanic,White
Ms. Herman,Mr. Chen,White,Asian
Mr. Lin,Ms. Keams,Asian,Native
Ms. Su,Mr. Herrera,Asian,Hispanic
Mr. Ayze,Ms. Frimpong,Native,Black
Ms. Wagner,Mr. Salas,White,Hispanic
Ms. Blankenship,Ms. Calixte,White,Black
Ms. Hardnett,Mr. Cardenas,Black,Hispanic
Mr. Prioleau,Ms. Lai,Black,Asian
Ms. Warsame,Ms. Ayala,Black,Hispanic
Ms. Claw,Ms. Kebede,Native,Black
Ms. Gallagher,Mr. Boykins,White,Black
Ms. Schultz,Ms. Reilly,White,White
Mr. Trevino,Ms. Yang,Hispanic,Asian
Ms. Blackhorse,Ms. Yi,Native,Asian
Mr. Vue,Mr. Mendez,Asian,Hispanic
Ms. Okoro,Ms. Calixte,Black,Black
Mr. Herrera,Mr. Thai,Hispanic,Asian
Ms. Henio,Ms. Espinoza,Native,Hispanic
Mr. Mendez,Ms. Bigcrow,Hispanic,Native
Mr. Yu,Mr. Berger,Asian,White
Ms. Munoz,Mr. Chasinghawk,Hispanic,Native
Mr. Grandberry,Mr. Molina,Black,Hispanic
Mr. Hoang,Ms. Declay,Asian,Native
Ms. Boyle,Mr. Chu,White,Asian
Ms. Pineda,Mr. Fobbs,Hispanic,Black
Ms. Galvan,Ms. Ortega,Hispanic,Hispanic
Mr. Herman,Ms. Lawal,White,Black
Ms. Jalloh,Ms. Leung,Black,Asian
Mr. Delgado,Mr. Campos,Hispanic,Hispanic
Mr. Leaks,Ms. Espinoza,Black,Hispanic
Ms. Louissaint,Ms. Bui,Black,Asian
Ms. Yepa,Mr. Soto,Native,Hispanic
Ms. Tsethlikai,Mr. Stfleur,Native,Black
Mr. Hurley,Mr. Friedman,White,White
Mr. Vang,Mr. Fobbs,Asian,Black
Ms. Chung,Ms. Cephas,Asian,Black
Ms. Sandoval,Mr. Mohamud,Hispanic,Black
Ms. Todacheene,Ms. Begay,Native,Native
Ms. Ortega,Mr. Gutierrez,Hispanic,Hispanic
Ms. Macdonald,Ms. Ajayi,White,Black
Ms. Castaneda,Mr. Sun,Hispanic,Asian
Mr. Fluellen,Ms. Li,Black,Asian
Ms. Tesfaye,Ms. Yellowhair,Black,Native
Ms. Medina,Mr. Ulysse,Hispanic,Black
Ms. Chavez,Mr. Herman,Hispanic,White
Ms. Decker,Ms. Leaks,White,Black
Mr. Bigcrow,Ms. Stout,Native,White
Ms. Tadesse,Mr. Fry,Black,White
Mr. Chery,Ms. Do,Black,Asian
Ms. Vang,Mr. Clah,Asian,Native
Mr. Ha,Mr. Bekele,Asian,Black
Mr. Molina,Ms. Espinoza,Hispanic,Hispanic
Ms. Littlelight,Ms. Chinana,Native,Native
Mr. Dominguez,Mr. Beck,Hispanic,White
Ms. Swanson,Ms. Ng,White,Asian
Ms. Tran,Ms. Kaur,Asian,Asian
Mr. Leung,Ms. Berg,Asian,White
Ms. Yoon,Ms. Jama,Asian,Black
Ms. Ng,Mr. Boyle,Asian,White
Mr. Hoang,Mr. Fuentes,Asian,Hispanic
Ms. Koch,Ms. Belizaire,White,Black
Ms. Kallestewa,Mr. Opoku,Native,Black
Ms. Kaur,Ms. Barrera,Asian,Hispanic
Ms. Obrien,Mr. Chiu,White,Asian
Mr. Attakai,Mr. Abebe,Native,Black
Mr. Moreno,Mr. Hailu,Hispanic,Black
Mr. Littlelight,Ms. Melendez,Native,Hispanic
Mr. Christensen,Ms. Cline,White,White
Ms. Lozano,Ms. Haskie,Hispanic,Native
Mr. Chowdhury,Mr. Kameroff,Asian,Native
Ms. Santana,Ms. Beck,Hispanic,White
Ms. Estrada,Mr. Nielsen,Hispanic,White
Ms. Chavez,Mr. Yellowhair,Hispanic,Native
Ms. Oconnor,Ms. Benallie,White,Native
Ms. Su,Ms. Kim,Asian,Asian
Ms. Sandoval,Mr. Bitsuie,Hispanic,Native
Mr. Leaks,Mr. Espinoza,Black,Hispanic
Mr. Jacobson,Mr. Saintil,White,Black
Mr. Dougherty,Ms. Torres,White,Hispanic
Mr. Truong,Mr. Shaffer,Asian,White
Mr. Cosay,Ms. Diallo,Native,Black
Mr. Wigfall,Mr. Werito,Black,Native
Ms. Chiu,Mr. Tan,Asian,Asian
Ms. Jama,Ms. Castillo,Black,Hispanic
Ms. Salas,Ms. Weber,Hispanic,White
Mr. Cabrera,Mr. Le,Hispanic,Asian
Mr. Jama,Ms. Castillo,Black,Hispanic
Ms. Tapaha,Ms. Metellus,Native,Black
Mr. Oneill,Mr. Dang,White,Asian
Mr. Zhou,Mr. Parsons,Asian,White
Mr. Martinez,Mr. Guzman,Hispanic,Hispanic
Mr. Gomez,Ms. Mohamud,Hispanic,Black
Ms. Hernandez,Mr. Kramer,Hispanic,White
Mr. Sun,Ms. Dorvil,Asian,Black
Mr. Chavez,Ms. Nwosu,Hispanic,Black
Mr. Dayzie,Ms. Padilla,Native,Hispanic
Mr. Fischer,Mr. Nunez,White,Hispanic
Mr. Olson,Ms. Dominguez,White,Hispanic
Ms. Villarreal,Ms. Salas,Hispanic,Hispanic
Mr. Medina,Mr. Castaneda,Hispanic,Hispanic
Mr. Asante,Mr. Castaneda,Black,Hispanic
Mr. Lasiloo,Mr. Rodriguez,Native,Hispanic
Ms. Knapp,Mr. Ko,White,Asian
Ms. Eriacho,Mr. Littledog,Native,Native
Ms. Macdonald,Mr. Ajayi,White,Black
Ms. Ly,Mr. Russo,Asian,White
Mr. Decker,Ms. Cowboy,White,Native
Mr. Notah,Ms. Spottedhorse,Native,Native
Mr. Ganadonegro,Ms. Balogun,Native,Black
Ms. Desai,Ms. Gadson,Asian,Black
Mr. Mora,Ms. Desta,Hispanic,Black
Ms. Wolfe,Ms. Cabrera,White,Hispanic
Ms. Spottedhorse,Ms. Perez,Native,Hispanic
Mr. Marquez,Ms. Luong,Hispanic,Asian
Ms. Tsosie,Mr. Bigcrow,Native,Native
Ms. Dorvil,Ms. Keita,Black,Black
Mr. Altaha,Ms. Ortiz,Native,Hispanic
Mr. Xiong,Mr. Peck,Asian,White
Ms. Wagner,Ms. Tsethlikai,White,Native
Ms. Brennan,Mr. Lopez,White,Hispanic
Mr. Blackhorse,Ms. Gallegos,Native,Hispanic
Ms. Poorbear,Ms. Fofana,Native,Black
Ms. Vue,Ms. Okafor,Asian,Black
Mr. Straughter,Mr. Munoz,Black,Hispanic
Mr. Traore,Mr. Fuentes,Black,Hispanic
Ms. Sesay,Mr. Chen,Black,Asian
Mr. Alvarado,Ms. Kwon,Hispanic,Asian
Mr. Shin,Mr. Aguirre,Asian,Hispanic
Ms. Hwang,Ms. Gao,Asian,Asian
Mr. Okoro,Mr. Wang,Black,Asian
Ms. Yepa,Ms. Schultz,Native,White
Mr. Walkingeagle,Ms. Krueger,Native,White
Mr. Vu,Ms. Medina,Asian,Hispanic
Mr. Avila,Ms. Hernandez,Hispanic,Hispanic
Ms. Tan,Ms. Whitehat,Asian,Native
Ms. Juarez,Mr. Sharma,Hispanic,Asian
Ms. Werito,Ms. Ko,Native,Asian
Mr. Cline,Mr. Brennan,White,White
Mr. Warsame,Mr. Gallagher,Black,White
Ms. Hoover,Mr. Desir,White,Black
Mr. Swanson,Mr. Schwartz,White,White
Mr. Cho,Mr. Yoder,Asian,White
Ms. Sanchez,Ms. Dorvil,Hispanic,Black
Ms. Ly,Ms. Leung,Asian,Asian
Mr. Addo,Mr. Goseyun,Black,Native
Ms. Cowboy,Ms. Salazar,Native,Hispanic
Ms. Bitsuie,Ms. Rodriguez,Native,Hispanic
Ms. Boateng,Mr. Oconnor,Black,White
Mr. Tadesse,Ms. Apachito,Black,Native
Mr. Claw,Mr. Kebede,Native,Black
Ms. Koroma,Ms. Louissaint,Black,Black
Ms. Yellowman,Ms. Thai,Native,Asian
Ms. Cowboy,Ms. Sharma,Native,Asian
Mr. Ochoa,Ms. Vasquez,Hispanic,Hispanic
Mr. Cheng,Mr. Nguyen,Asian,Asian
Ms. Yoo,Ms. Maldonado,Asian,Hispanic
Ms. Arias,Ms. Delgado,Hispanic,Hispanic
Mr. Talayumptewa,Ms. Altaha,Native,Native
Mr. Sanchez,Ms. Dorvil,Hispanic,Black
Ms. Opoku,Mr. Barrera,Black,Hispanic
Mr. Flores,Mr. Tan,Hispanic,Asian
Ms. Meyer,Mr. Nielsen,White,White
Ms. Sandoval,Ms. Bitsuie,Hispanic,Native
Mr. Oneill,Ms. Erickson,White,White
Ms. Ortega,Ms. Gutierrez,Hispanic,Hispanic
Ms. Ayala,Ms. Stark,Hispanic,White
Ms. Ortiz,Ms. Tsinnie,Hispanic,Native
Mr. Cayaditto,Mr. Berhane,Native,Black
Mr. Yazzie,Mr. Henio,Native,Native
Ms. Dosela,Mr. Osei,Native,Black
Mr. Boykins,Ms. Dao,Black,Asian
Ms. Opoku,Mr. Twobulls,Black,Native
Ms. Tabaha,Mr. Kidane,Native,Black
Mr. Pierrelouis,Mr. Saintlouis,Black,Black
Ms. Hsu,Ms. Santana,Asian,Hispanic
Mr. Sesay,Ms. Chen,Black,Asian
Ms. Manygoats,Mr. Wu,Native,Asian
Mr. Salinas,Ms. Swanson,Hispanic,White
Mr. Yohannes,Mr. Delgarito,Black,Native
Mr. Arcoren,Ms. Castillo,Native,Hispanic
Ms. Dang,Mr. Warsame,Asian,Black
Ms. Tadesse,Mr. Rodriguez,Black,Hispanic
Ms. Stfleur,Mr. Arcoren,Black,Native
Ms. Vue,Ms. Walsh,Asian,White
Ms. Gishie,Mr. Perez,Native,Hispanic
Mr. Okoro,Ms. Wang,Black,Asian
Mr. Shah,Mr. Chiu,Asian,Asian
Mr. Hansen,Ms. Ndiaye,White,Black
Mr. Bitsuie,Ms. Kwon,Native,Asian
Ms. Moua,Ms. Shaffer,Asian,White
Mr. Bekele,Ms. Gomez,Black,Hispanic
Ms. Duong,Ms. Benally,Asian,Native
Ms. Hosteen,Mr. Dorvil,Native,Black
Ms. Castillo,Ms. Morales,Hispanic,Hispanic
Mr. Yazzie,Ms. Sesay,Native,Black
Ms. Ma,Ms. Coaxum,Asian,Black
Mr. Hebert,Mr. Hoover,White,White
Mr. Koroma,Ms. Lim,Black,Asian
Mr. Mahoney,Ms. Coaxum,White,Black
Ms. Torres,Ms. Schaefer,Hispanic,White
Mr. Sharma,Mr. Vazquez,Asian,Hispanic
Mr. Ko,Ms. Boyle,Asian,White
Ms. Metellus,Mr. Thao,Black,Asian
Ms. Bui,Mr. Molina,Asian,Hispanic
Ms. Keita,Mr. Schultz,Black,White
Ms. Meza,Mr. Henio,Hispanic,Native
Mr. Campos,Ms. Flynn,Hispanic,White
Mr. Lu,Mr. Tsosie,Asian,Native
Ms. Liu,Ms. Avila,Asian,Hispanic
Mr. Asare,Ms. Kwon,Black,Asian
Ms. Herman,Ms. Lawal,White,Black
Ms. Yohannes,Mr. Ruiz,Black,Hispanic
Ms. Yepa,Ms. Soto,Native,Hispanic
Ms. Hensley,Ms. Meza,White,Hispanic
Mr. Perez,Mr. Delgarito,Hispanic,Native
Mr. Blackgoat,Mr. Jeanpierre,Native,Black
Ms. Njoroge,Mr. Brennan,Black,White
Mr. Todacheenie,Ms. Hansen,Native,White
Mr. Huynh,Mr. Yellowhair,Asian,Native
Mr. Vang,Mr. Clah,Asian,Native
Ms. Roanhorse,Ms. Case,Native,White
Ms. Smallcanyon,Ms. Vega,Native,Hispanic
Mr. Hahn,Mr. Mensah,White,Black
Ms. Ma,Ms. Duong,Asian,Asian
Ms. Veasley,Mr. Spottedeagle,Black,Native
Mr. Le,Ms. Bauer,Asian,White
Mr. Ha,Mr. Delgarito,Asian,Native
Mr. Berger,Ms. Avila,White,Hispanic
Ms. Petersen,Ms. Munoz,White,Hispanic
Ms. Rangel,Ms. Belizaire,Hispanic,Black
Ms. Claw,Mr. Tam,Native,Asian
Mr. Mehta,Mr. Hwang,Asian,Asian
Ms. Begum,Ms. Ajayi,Asian,Black
Mr. Wassillie,Mr. Standingrock,Native,Native
Ms. Whiteplume,Mr. Stark,Native,White
Mr. Henio,Ms. Heavyrunner,Native,Native
Ms. Snyder,Ms. Meza,White,Hispanic
Mr. Sharma,Mr. Hess,Asian,White
Ms. Filsaime,Ms. Madplume,Black,Native
Mr. Meyer,Mr. Yang,White,Asian
Mr. Zhao,Mr. Su,Asian,Asian
Mr. Huynh,Mr. Conteh,Asian,Black
Mr. Coaxum,Ms. Todacheene,Black,Native
Ms. Atcitty,Mr. Clitso,Native,Native
Ms. Exantus,Mr. Parsons,Black,White
Ms. Bekele,Mr. Conteh,Black,Black
Ms. Chowdhury,Ms. Trevino,Asian,Hispanic
Mr. Chu,Ms. Lo,Asian,Asian
Ms. Bui,Mr. Tang,Asian,Asian
Mr. Prophete,Ms. Rosales,Black,Hispanic
Ms. Klein,Ms. Ngo,White,Asian
Ms. Mehta,Mr. Lara,Asian,Hispanic
Mr. Bitsilly,Mr. Odonnell,Native,White
Ms. Ndiaye,Mr. Dong,Black,Asian
Ms. Lor,Ms. Tadesse,Asian,Black
Mr. Kamara,Mr. Shije,Black,Native
Mr. Yepa,Mr. Runningcrane,Native,Native
Ms. Tang,Ms. Juarez,Asian,Hispanic
Mr. Begum,Ms. Santana,Asian,Hispanic
Mr. Metellus,Mr. Schultz,Black,White
Mr. Barrera,Mr. Fobbs,Hispanic,Black
Ms. Benallie,Ms. Flynn,Native,White
Ms. Traore,Mr. Notafraid,Black,Native
Ms. Hartman,Mr. Benally,White,Native
Mr. Mehta,Mr. Beyene,Asian,Black
Ms. Herman,Ms. Alvarez,White,Hispanic
Ms. Notah,Ms. Vu,Native,Asian
Ms. Zheng,Mr. Jiang,Asian,Asian
Ms. Bienaime,Mr. Louissaint,Black,Black
Mr. Morse,Ms. Ramirez,White,Hispanic
Mr. Howe,Mr. Tsinnijinnie,White,Native
Ms. Obrien,Ms. Hardnett,White,Black
Mr. Leaks,Mr. Morse,Black,White
Mr. Galvan,Mr. Becenti,Hispanic,Native
Ms. Arias,Ms. Larson,Hispanic,White
Ms. Hailu,Ms. Notah,Black,Native
Mr. Schaefer,Ms. Mekonnen,White,Black
Ms. Peshlakai,Ms. Bauer,Native,White
Ms. Pierrelouis,Mr. Cowboy,Black,Native
Mr. Hurley,Mr. Dang,White,Asian
Mr. Stark,Ms. Krueger,White,White
Mr. Koch,Mr. Belizaire,White,Black
Ms. Diaz,Ms. Alvarado,Hispanic,Hispanic
Ms. Sow,Ms. Tsethlikai,Black,Native
Mr. Spottedhorse,Ms. Knapp,Native,White
Ms. Littledog,Ms. Swanson,Native,White
Mr. Berg,Ms. Phan,White,Asian
Ms. Pena,Mr. Ravenell,Hispanic,Black
Mr. Johnston,Ms. Sandoval,White,Hispanic
Ms. Koroma,Ms. Cardenas,Black,Hispanic
Ms. Boyle,Mr. Sexton,White,White
Ms. Attakai,Ms. Xu,Native,Asian
Ms. Vang,Ms. Contreras,Asian,Hispanic
Ms. Salinas,Ms. Chiu,Hispanic,Asian
Mr. Sow,Ms. Kang,Black,Asian
Mr. Grandberry,Ms. Lo,Black,Asian
Ms. Thao,Mr. Cheung,Asian,Asian
Mr. Trinh,Ms. Snyder,Asian,White
Ms. Vassell,Ms. Ryan,Black,White
Ms. Hoang,Ms. Beyene,Asian,Black
Ms. Rojas,Mr. Hardnett,Hispanic,Black
Ms. Hess,Mr. Addo,White,Black
Ms. Twobulls,Ms. Bitsie,Native,Native
Ms. Huber,Mr. Ahasteen,White,Native
Ms. Moreno,Ms. Hailu,Hispanic,Black
Mr. Figueroa,Mr. Johnston,Hispanic,White
Mr. Dang,Mr. Guerrero,Asian,Hispanic
Mr. Moyer,Mr. Moreno,White,Hispanic
Mr. Ibarra,Mr. Avila,Hispanic,Hispanic
Ms. Secatero,Ms. Olsen,Native,White
Ms. Moyer,Mr. Rasmussen,White,White
Ms. Oneill,Mr. Gonzalez,White,Hispanic
Ms. Spottedeagle,Mr. Cho,Native,Asian
Ms. Li,Mr. Sow,Asian,Black
Mr. Cervantes,Ms. Zhang,Hispanic,Asian
Ms. Gupta,Ms. Stout,Asian,White
Mr. Tessay,Mr. Johnston,Native,White
Mr. Roanhorse,Ms. Case,Native,White
Mr. Kanuho,Mr. Jeanfrancois,Native,Black
Mr. Jeanpierre,Mr. Arcoren,Black,Native
Mr. Runningcrane,Mr. Friedman,Native,White
Ms. Lopez,Mr. Ryan,Hispanic,White
Mr. Crane,Ms. Mensah,White,Black
Ms. Cheung,Mr. Chu,Asian,Asian
Mr. Gallagher,Mr. Delgarito,White,Native
Mr. Ko,Ms. Notafraid,Asian,Native
Ms. Cosay,Mr. Diallo,Native,Black
Ms. Manygoats,Ms. Espinoza,Native,Hispanic
Mr. Littlewhiteman,Ms. Beyene,Native,Black
Mr. Shaffer,Mr. Owusu,White,Black
Mr. Talayumptewa,Ms. Mondesir,Native,Black
Mr. Huffman,Ms. Blackgoat,White,Native
Ms. Standingrock,Ms. Fofana,Native,Black
Mr. Pierrelouis,Ms. Ortega,Black,Hispanic
Mr. Cardenas,Mr. Prophete,Hispanic,Black
Mr. Salazar,Ms. Yang,Hispanic,Asian
Mr. Werito,Ms. Ravenell,Native,Black
Mr. Bui,Mr. Cisse,Asian,Black
Ms. Boateng,Mr. Apachito,Black,Native
Mr. Jeancharles,Mr. Sexton,Black,White
Ms. Blackhorse,Mr. Littlewhiteman,Native,Native
Mr. Schwartz,Mr. Molina,White,Hispanic
Mr. Herrera,Mr. Cabrera,Hispanic,Hispanic
Mr. Lesane,Mr. Chery,Black,Black
Ms. Kamara,Mr. Wu,Black,Asian
Mr. Olsen,Ms. Huffman,White,White
Ms. Vang,Mr. Fobbs,Asian,Black
Ms. Jeanjacques,Mr. Chery,Black,Black
Ms. He,Mr. Secody,Asian,Native
Mr. Keams,Mr. Ahasteen,Native,Native
Mr. Yeboah,Mr. Duong,Black,Asian
Ms. Lu,Mr. Tsosie,Asian,Native
Mr. Dayzie,Ms. Yellowhair,Native,Native
Mr. Kallestewa,Mr. Lim,Native,Asian
Mr. Sesay,Ms. Beyale,Black,Native
Ms. Orozco,Ms. Abebe,Hispanic,Black
Ms. Asante,Ms. Cephas,Black,Black
Mr. Cardenas,Mr. Hwang,Hispanic,Asian
Mr. Dinh,Ms. Whiteplume,Asian,Native
Ms. Exantus,Mr. Tesfaye,Black,Black
Ms. Kallestewa,Mr. Boyle,Native,White
Mr. Soto,Mr. Smallcanyon,Hispanic,Native
Mr. Jeanfrancois,Ms. Zhou,Black,Asian
Mr. Nielsen,Ms. Ulysse,White,Black
Mr. Hensley,Mr. Meza,White,Hispanic
Mr. Kang,Ms. Vasquez,Asian,Hispanic
Ms. Tsethlikai,Ms. Stfleur,Native,Black
Ms. Vo,Mr. Bui,Asian,Asian
Mr. Birdinground,Ms. Sharma,Native,Asian
Mr. Case,Ms. Sexton,White,White
Mr. Cao,Ms. Arcoren,Asian,Native
Ms. Kanuho,Ms. Twobulls,Native,Native
Ms. Gao,Ms. Yoo,Asian,Asian
Ms. Diop,Ms. Gallegos,Black,Hispanic
Mr. Cardenas,Ms. Berger,Hispanic,White
Ms. Bekele,Ms. Conteh,Black,Black
Mr. Tesfaye,Ms. Tang,Black,Asian
Mr. Fry,Mr. Tadesse,White,Black
Mr. Ravenell,Ms. Cowboy,Black,Native
Mr. Boateng,Mr. Oconnor,Black,White
Ms. Cephas,Mr. Foley,Black,White
Ms. Chowdhury,Ms. Brennan,Asian,White
Mr. Wang,Ms. Yellowhair,Asian,Native
Ms. Molina,Mr. Yi,Hispanic,Asian
Mr. Duffy,Ms. Whiteplume,White,Native
Ms. Kanuho,Mr. Hwang,Native,Asian
Mr. Moreno,Ms. Etsitty,Hispanic,Native
Ms. Pham,Ms. Zhang,Asian,Asian
Mr. Weber,Mr. Roanhorse,White,Native
Mr. Poorbear,Ms. Gao,Native,Asian
Ms. Chinana,Ms. Toure,Native,Black
Ms. Hebert,Mr. Sesay,White,Black
Ms. Gonzalez,Mr. Nez,Hispanic,Native
Ms. Contreras,Ms. Huang,Hispanic,Asian
Ms. Erickson,Ms. Medina,White,Hispanic
Mr. Dong,Mr. Martinez,Asian,Hispanic
Ms. Declay,Ms. Brennan,Native,White
Mr. Brandt,Ms. Ethelbah,White,Native
Mr. Sow,Mr. Kang,Black,Asian
Mr. Huynh,Mr. Orozco,Asian,Hispanic
Mr. Rasmussen,Mr. Whitehat,White,Native
Mr. Meyer,Ms. Tsinnie,White,Native
Ms. Ortega,Mr. Foley,Hispanic,White
Ms. Thai,Mr. Todacheene,Asian,Native
Mr. Hwang,Ms. Keyonnie,Asian,Native
Ms. Bitsuie,Ms. Poorbear,Native,Native
Ms. Ajayi,Mr. Olson,Black,White
Mr. Ramirez,Mr. Trinh,Hispanic,Asian
Ms. Yazzie,Ms. Henio,Native,Native
Mr. Hartman,Ms. Benally,White,Native
Ms. Larsen,Ms. Zamora,White,Hispanic
Ms. Mekonnen,Ms. Alvarado,Black,Hispanic
Mr. Begum,Ms. Wolf,Asian,White
Ms. Etcitty,Ms. Exantus,Native,Black
Ms. Alvarado,Mr. Sexton,Hispanic,White
Mr. Stout,Ms. Ma,White,Asian
Ms. Truong,Mr. Luu,Asian,Asian
Mr. Smalls,Mr. Stein,Black,White
Mr. Lai,Ms. Smallcanyon,Asian,Native
Ms. Schmidt,Ms. Tsethlikai,White,Native
Mr. Rodriguez,Ms. Hernandez,Hispanic,Hispanic
Mr. Salas,Mr. Notah,Hispanic,Native
Mr. Howe,Ms. Tran,White,Asian
Ms. Prioleau,Ms. Sexton,Black,White
Mr. Cephas,Ms. Foley,Black,White
Ms. Oh,Ms. Xiong,Asian,Asian
Mr. Martinez,Mr. Hoang,Hispanic,Asian
Ms. Etsitty,Mr. Jeanfrancois,Native,Black
Ms. Rosales,Ms. Clitso,Hispanic,Native
Ms. Kameroff,Ms. Ochoa,Native,Hispanic
Ms. Hoover,Ms. Eriacho,White,Native
Ms. Hardnett,Mr. Conteh,Black,Black
Mr. Mondesir,Ms. Tan,Black,Asian
Mr. Escobar,Mr. Eriacho,Hispanic,Native
Mr. Chasinghawk,Ms. Asante,Native,Black
Mr. Guzman,Mr. Bah,Hispanic,Black
Ms. Roth,Ms. Secody,White,Native
Ms. Wolfe,Mr. Belizaire,White,Black
Mr. Ko,Mr. Boyle,Asian,White
Ms. Blankenship,Ms. Lo,White,Asian
Ms. Walkingeagle,Mr. Wauneka,Native,Native
Mr. Obrien,Ms. Chiu,White,Asian
Mr. Hartman,Ms. Sexton,White,White
Mr. Gonzalez,Mr. Okeke,Hispanic,Black
Mr. Olsen,Mr. Pena,White,Hispanic
Mr. Diop,Mr. Vang,Black,Asian
Mr. Mayweather,Ms. Goldtooth,Black,Native
Ms. Guerrero,Ms. Obrien,Hispanic,White
Mr. Dougherty,Ms. Kidane,White,Black
Mr. Okeke,Mr. Orozco,Black,Hispanic
Ms. Kwon,Mr. Shaffer,Asian,White
Ms. Ortega,Mr. Balogun,Hispanic,Black
Ms. Attakai,Ms. Blankenship,Native,White
Mr. Xu,Mr. Mejia,Asian,Hispanic
Ms. Chung,Mr. Klein,Asian,White
Ms. Diaz,Mr. Alvarado,Hispanic,Hispanic
Ms. Njoroge,Ms. Yazzie,Black,Native
Mr. Barrera,Ms. Fobbs,Hispanic,Black
Mr. Beyale,Ms. Diaz,Native,Hispanic
Ms. Smalls,Mr. Do,Black,Asian
Mr. Wauneka,Ms. Bitsilly,Native,Native
Mr. Tapaha,Ms. Begay,Native,Native
Ms. Benally,Mr. Tsethlikai,Native,Native
Mr. Schultz,Mr. Reilly,White,White
Ms. Shen,Mr. Delgarito,Asian,Native
Mr. Lasiloo,Ms. Okoro,Native,Black
Mr. Madplume,Ms. Zhu,Native,Asian
Ms. Desir,Ms. Nielsen,Black,White
Mr. Vu,Ms. Keller,Asian,White
Mr. Rodriguez,Mr. Lu,Hispanic,Asian
Ms. Ng,Mr. Carrillo,Asian,Hispanic
Ms. Yoder,Ms. Maldonado,White,Hispanic
Mr. Bitsilly,Mr. Bienaime,Native,Black
Mr. Dorvil,Mr. Walkingeagle,Black,Native
Mr. Keller,Mr. Njoroge,White,Black
Mr. Rivas,Ms. Brennan,Hispanic,White
Mr. Hansen,Mr. Ndiaye,White,Black
Ms. Gishie,Mr. Chasinghawk,Native,Native
Mr. Jama,Mr. Mensah,Black,Black
Ms. Tessay,Mr. Moua,Native,Asian
Ms. Christensen,Mr. Secatero,White,Native
Mr. Diop,Mr. Huber,Black,White
Ms. Padilla,Mr. Santana,Hispanic,Hispanic
Mr. Petitfrere,Mr. Prioleau,Black,Black
Mr. Twobulls,Mr. Bitsie,Native,Native
Ms. Notafraid,Mr. Ruiz,Native,Hispanic
Ms. Wigfall,Ms. Werito,Black,Native
Ms. Tran,Ms. Decker,Asian,White
Mr. Petersen,Mr. Luong,White,Asian
Ms. Ng,Ms. Carrillo,Asian,Hispanic
Ms. Jeanpierre,Ms. Mehta,Black,Asian
Ms. Zimmerman,Mr. Molina,White,Hispanic
Mr. Swanson,Mr. Boykins,White,Black
Mr. Stfleur,Mr. Arcoren,Black,Native
Mr. Hansen,Ms. Nunez,White,Hispanic
Mr. Kang,Mr. Zhao,Asian,Asian
Mr. Manygoats,Ms. Wu,Native,Asian
Mr. Huang,Mr. Yeboah,Asian,Black
Ms. Wauneka,Ms. Chu,Native,Asian
Mr. Colelay,Mr. Ryan,Native,White
Mr. Sharma,Ms. Hess,Asian,White
Ms. Filsaime,Ms. Cheung,Black,Asian
Mr. Bitsilly,Ms. Cowboy,Native,Native
Mr. Calderon,Mr. Mwangi,Hispanic,Black
Mr. Keyonnie,Mr. Manygoats,Native,Native
Ms. Avila,Mr. Obrien,Hispanic,White
Mr. Kameroff,Mr. Ochoa,Native,Hispanic
Mr. Smalls,Ms. Do,Black,Asian
Mr. Benallie,Mr. Grandberry,Native,Black
Mr. Thai,Ms. Fofana,Asian,Black
Ms. Ayala,Ms. Hoang,Hispanic,Asian
Mr. Hardnett,Ms. Kanuho,Black,Native
Ms. Bigcrow,Ms. Declay,Native,Native
Mr. Castillo,Ms. Chinana,Hispanic,Native
Mr. Tesfaye,Ms. Pineda,Black,Hispanic
Mr. Vo,Ms. Bui,Asian,Asian
Mr. Cao,Ms. Keita,Asian,Black
Mr. Keller,Ms. Becker,White,White
Mr. Odonnell,Ms. Her,White,Asian
Mr. Filsaime,Ms. Stein,Black,White
Mr. Runningcrane,Ms. Okoro,Native,Black
Ms. Manigault,Mr. Ngo,Black,Asian
Mr. Xiong,Ms. Laughing,Asian,Native
Mr. Petersen,Ms. Luong,White,Asian
Ms. Stark,Mr. Zheng,White,Asian
Ms. Dominguez,Ms. Beck,Hispanic,White
Ms. Reilly,Mr. Jacobson,White,White
Mr. Carlson,Ms. Opoku,White,Black
Mr. Louissaint,Ms. Santana,Black,Hispanic
Ms. Koch,Ms. Han,White,Asian
Mr. Aguilar,Mr. Blueeyes,Hispanic,Native
Ms. Stein,Mr. Campos,White,Hispanic
Mr. Goseyun,Mr. Cardenas,Native,Hispanic
Ms. He,Mr. Avila,Asian,Hispanic
Ms. Owusu,Ms. Castillo,Black,Hispanic
Mr. Manuelito,Ms. Hu,Native,Asian
Ms. Tabaha,Mr. Guo,Native,Asian
Mr. Bedonie,Ms. Lozano,Native,Hispanic
Mr. Rasmussen,Ms. Whitehat,White,Native
Mr. Villarreal,Ms. Jacobson,Hispanic,White
Ms. Hoang,Mr. Beyene,Asian,Black
Ms. Beyene,Mr. Su,Black,Asian
Ms. Nunez,Ms. Figueroa,Hispanic,Hispanic
Mr. Ortiz,Ms. Klein,Hispanic,White
Ms. Yang,Mr. Laughing,Asian,Native
Mr. Keita,Ms. Ho,Black,Asian
Ms. Russo,Mr. Kwon,White,Asian
Mr. Manygoats,Ms. Jensen,Native,White
Ms. Gallagher,Ms. Vega,White,Hispanic
Ms. Olanna,Ms. Tessay,Native,Native
Mr. Larson,Ms. Ko,White,Asian
Mr. Lor,Ms. Tadesse,Asian,Black
Ms. Todacheene,Ms. Bui,Native,Asian
Ms. Ortiz,Mr. Tsinnie,Hispanic,Native
Ms. Huber,Ms. Ahasteen,White,Native
Ms. Howe,Mr. Tsinnijinnie,White,Native
Ms. Altaha,Mr. Ortiz,Native,Hispanic
Ms. Conteh,Mr. Tapaha,Black,Native
Ms. Castillo,Mr. Peck,Hispanic,White
Ms. Zhao,Mr. Ajayi,Asian,Black
Mr. Schneider,Mr. Prioleau,White,Black
Ms. Mccarthy,Mr. Kallestewa,White,Native
Ms. Hwang,Mr. Gao,Asian,Asian
Ms. Mohamud,Mr. Beyale,Black,Native
Ms. Notah,Ms. Rasmussen,Native,White
Mr. Bangura,Mr. Koroma,Black,Black
Mr. Kamara,Ms. Wu,Black,Asian
Mr. Chinana,Mr. Shije,Native,Native
Mr. Fluellen,Ms. Shaffer,Black,White
Ms. Diallo,Ms. Moyer,Black,White
Mr. Fry,Mr. Velasquez,White,Hispanic
Ms. Blankenship,Mr. Lo,White,Asian
Ms. Padilla,Ms. Santana,Hispanic,Hispanic
Ms. Opoku,Ms. Moyer,Black,White
Ms. Morales,Ms. Chery,Hispanic,Black
Mr. Nguyen,Ms. Schwartz,Asian,White
Ms. Mcmahon,Mr. Vu,White,Asian
Ms. Yepa,Mr. Vo,Native,Asian
Mr. Spottedhorse,Mr. Keyonnie,Native,Native
Ms. Stark,Mr. Blueeyes,White,Native
Mr. Robles,Mr. Louissaint,Hispanic,Black
Mr. Pena,Ms. Sharma,Hispanic,Asian
Mr. Phan,Mr. Blackgoat,Asian,Native
Ms. Luu,Mr. Hardnett,Asian,Black
Mr. Opoku,Ms. Barrera,Black,Hispanic
Ms. Cabrera,Mr. Adjei,Hispanic,Black
Mr. Kang,Mr. Abebe,Asian,Black
Ms. Etsitty,Mr. Bauer,Native,White
Ms. Parsons,Ms. Sesay,White,Black
Mr. Chasinghawk,Mr. Henio,Native,Native
Mr. Yu,Mr. Madplume,Asian,Native
Mr. Pham,Ms. Tsosie,Asian,Native
Ms. Diaz,Mr. Appiah,Hispanic,Black
Ms. Huang,Mr. Zhang,Asian,Asian
Ms. Fry,Ms. Guo,White,Asian
Ms. Rodriguez,Mr. Tsethlikai,Hispanic,Native
Mr. Saintlouis,Ms. Rojas,Black,Hispanic
Ms. Madplume,Mr. Ojo,Native,Black
Ms. Talayumptewa,Mr. Mueller,Native,White
Ms. Whiteplume,Ms. Laughing,Native,Native
Mr. Diaz,Mr. Mccarthy,Hispanic,White
Ms. Shen,Ms. Asante,Asian,Black
Mr. Olanna,Mr. Tessay,Native,Native
Ms. Rangel,Mr. Pham,Hispanic,Asian
Mr. Yang,Ms. Sun,Asian,Asian
Ms. Maldonado,Ms. Roth,Hispanic,White
Ms. Kallestewa,Ms. Salazar,Native,Hispanic
Mr. Leaks,Ms. Traore,Black,Black
Mr. Etsitty,Mr. Castaneda,Native,Hispanic
Mr. Becenti,Mr. Trevino,Native,Hispanic
Ms. Solis,Ms. Adjei,Hispanic,Black
Ms. Erickson,Mr. Wigfall,White,Black
Mr. Chiu,Ms. Tan,Asian,Asian
Ms. Weiss,Ms. Littlelight,White,Native
Mr. Gishie,Mr. Hahn,Native,White
Mr. Lozano,Mr. Sanchez,Hispanic,Hispanic
Mr. Luu,Mr. Weiss,Asian,White
Mr. Begay,Ms. Bauer,Native,White
Ms. Standingrock,Ms. Klein,Native,White
Ms. Dayzie,Mr. Padilla,Native,Hispanic
Mr. Padilla,Mr. Santana,Hispanic,Hispanic
Mr. Herman,Ms. Hurley,White,White
Mr. Appiah,Ms. Yu,Black,Asian
Mr. Herrera,Ms. Cabrera,Hispanic,Hispanic
Mr. Tsinnie,Mr. Traore,Native,Black
Ms. Tan,Ms. Jeanlouis,Asian,Black
Mr. Lopez,Mr. Chavez,Hispanic,Hispanic
Ms. Eriacho,Mr. Ravenell,Native,Black
Ms. Gadson,Mr. Etsitty,Black,Native
Mr. Dorvil,Ms. Zhang,Black,Asian
Mr. Heavyrunner,Ms. Filsaime,Native,Black
Mr. Toure,Ms. Vassell,Black,Black
Mr. Tang,Mr. Pham,Asian,Asian
Mr. Mohamud,Ms. Ha,Black,Asian
Mr. Conrad,Mr. Whitehat,White,Native
Ms. Ha,Mr. Villarreal,Asian,Hispanic
Mr. Marquez,Ms. Adjei,Hispanic,Black
Ms. Begay,Ms. Kamara,Native,Black
Ms. Serrano,Ms. Morse,Hispanic,White
Ms. Lara,Mr. Hardnett,Hispanic,Black
Mr. Lu,Mr. Mondesir,Asian,Black
Ms. Kim,Ms. Vasquez,Asian,Hispanic
Ms. Bedonie,Mr. Yoon,Native,Asian
Mr. Gallegos,Ms. Coaxum,Hispanic,Black
Ms. Whiteface,Ms. Fobbs,Native,Black
Mr. Beyale,Mr. Diaz,Native,Hispanic
Mr. Cayaditto,Ms. Castillo,Native,Hispanic
Ms. Leaks,Ms. Traore,Black,Black
Ms. Galvan,Ms. Boateng,Hispanic,Black
Ms. Le,Ms. Bauer,Asian,White
Mr. Warsame,Ms. Ayala,Black,Hispanic
Ms. Okafor,Mr. Cheung,Black,Asian
Mr. Asare,Ms. Boykins,Black,Black
Ms. Abdullahi,Ms. Peck,Black,White
Mr. Ryan,Ms. Her,White,Asian
Mr. Rasmussen,Mr. Schwartz,White,White
Ms. Padilla,Ms. Parsons,Hispanic,White
Mr. Luong,Mr. Saintil,Asian,Black
Mr. Medina,Mr. Hanson,Hispanic,White
Mr. Hartman,Mr. Sexton,White,White
Mr. Clitso,Ms. Larson,Native,White
Mr. Exantus,Ms. Tesfaye,Black,Black
Ms. Castaneda,Ms. Diallo,Hispanic,Black
Ms. Heavyrunner,Mr. Lin,Native,Asian
Mr. Benally,Mr. Tsethlikai,Native,Native
Ms. Jeanjacques,Mr. Bitsui,Black,Native
Mr. Meza,Mr. Odonnell,Hispanic,White
Mr. Rivas,Ms. Hyppolite,Hispanic,Black
Ms. Martinez,Mr. Hoang,Hispanic,Asian
Ms. Manigault,Mr. Christensen,Black,White
Ms. Wolfe,Ms. Tang,White,Asian
Mr. Munoz,Mr. Chasinghawk,Hispanic,Native
Mr. Heavyrunner,Ms. Lin,Native,Asian
Mr. Kanuho,Ms. Huffman,Native,White
Mr. Cardenas,Ms. Hwang,Hispanic,Asian
Ms. Sanchez,Mr. Chiu,Hispanic,Asian
Ms. Sandoval,Mr. Ngo,Hispanic,Asian
Ms. Wigfall,Mr. Werito,Black,Native
Mr. Huynh,Ms. Conteh,Asian,Black
Ms. Bartlett,Ms. Stfleur,White,Black
Ms. Jimenez,Mr. Maldonado,Hispanic,Hispanic
Mr. Decker,Ms. Weiss,White,White
Mr. Okeke,Ms. Mcmahon,Black,White
Mr. Ho,Mr. Mccarthy,Asian,White
Ms. Pierrelouis,Mr. Saintlouis,Black,Black
Ms. Yang,Mr. Aguirre,Asian,Hispanic
Ms. Tran,Mr. Decker,Asian,White
Ms. Manigault,Ms. Standingrock,Black,Native
Ms. Smallcanyon,Ms. Mekonnen,Native,Black
Ms. Pena,Ms. Tessay,Hispanic,Native
Mr. Liu,Ms. Altaha,Asian,Native
Mr. Poorbear,Mr. Bitsuie,Native,Native
Mr. Becker,Mr. Dorvil,White,Black
Mr. Abdullahi,Mr. Bitsui,Black,Native
Mr. Calixte,Mr. Ethelbah,Black,Native
Ms. Belizaire,Mr. Dominguez,Black,Hispanic
Ms. Ulysse,Mr. Runningcrane,Black,Native
Ms. Dang,Mr. Moyer,Asian,White
Ms. Shaffer,Ms. Yang,White,Asian
Mr. Traore,Ms. Chung,Black,Asian
Mr. Mueller,Mr. Cowboy,White,Native
Ms. Opoku,Ms. Mehta,Black,Asian
Mr. Smallcanyon,Mr. Vega,Native,Hispanic
Ms. Lo,Mr. Petitfrere,Asian,Black
Mr. Lo,Ms. Wu,Asian,Asian
Mr. Zhang,Ms. Whitehat,Asian,Native
Ms. Tan,Ms. Wolf,Asian,White
Ms. Marquez,Ms. Velazquez,Hispanic,Hispanic
Mr. Opoku,Mr. Mehta,Black,Asian
Ms. Hsu,Mr. Conrad,Asian,White
Ms. Vue,Mr. Secatero,Asian,Native
Mr. Mahoney,Mr. Ng,White,Asian
Mr. Carrillo,Ms. Castillo,Hispanic,Hispanic
Mr. Spottedhorse,Ms. Han,Native,Asian
Ms. Balogun,Ms. Okeke,Black,Black
Mr. Jama,Ms. Dinh,Black,Asian
Mr. Aguirre,Mr. Koroma,Hispanic,Black
Mr. Hosteen,Mr. Dorvil,Native,Black
Mr. Straughter,Ms. Duffy,Black,White
Mr. Hebert,Ms. Yoon,White,Asian
Mr. Talayumptewa,Ms. Mueller,Native,White
Mr. Espinoza,Ms. Zheng,Hispanic,Asian
Mr. Mehta,Mr. Poorbear,Asian,Native
Ms. Weiss,Ms. Nwosu,White,Black
Ms. Lara,Ms. Hardnett,Hispanic,Black
Mr. Secatero,Ms. Notafraid,Native,Native
Mr. Petersen,Mr. Begay,White,Native
Ms. Garcia,Mr. Leaks,Hispanic,Black
Ms. Petersen,Mr. Morse,White,White
Mr. Abdullahi,Ms. Addo,Black,Black
Ms. Foley,Mr. Gadson,White,Black
Ms. Todacheene,Mr. Ortiz,Native,Hispanic
Ms. Sweeney,Mr. Valenzuela,White,Hispanic
Ms. Ryan,Ms. Estrada,White,Hispanic
Mr. Rosales,Mr. Juarez,Hispanic,Hispanic
Ms. Dang,Ms. Guerrero,Asian,Hispanic
Mr. Osei,Ms. Chery,Black,Black
Mr. Owen,Mr. Filsaime,White,Black
Ms. Yoo,Ms. Atcitty,Asian,Native
Ms. Grandberry,Ms. Littlelight,Black,Native
Ms. Hosteen,Ms. Calderon,Native,Hispanic
Mr. Belizaire,Ms. Phan,Black,Asian
Mr. Moua,Ms. Vazquez,Asian,Hispanic
Mr. Werito,Ms. Ko,Native,Asian
Ms. Bartlett,Mr. Hoang,White,Asian
Mr. Dang,Mr. Eriacho,Asian,Native
Ms. Olson,Mr. Luong,White,Asian
Mr. Cervantes,Mr. Avila,Hispanic,Hispanic
Mr. Krueger,Ms. Walsh,White,White
Mr. Wagner,Mr. Mahoney,White,White
Mr. Brennan,Ms. Chinana,White,Native
Mr. Ryan,Ms. Abdullahi,White,Black
Ms. Conrad,Mr. Schroeder,White,White
Ms. Morales,Mr. Chery,Hispanic,Black
Mr. Jiang,Mr. Krueger,Asian,White
Mr. Liu,Mr. Hebert,Asian,White
Ms. Melendez,Ms. Beck,Hispanic,White
Mr. Becenti,Ms. Huffman,Native,White
Ms. Hailu,Mr. Notah,Black,Native
Ms. Walkingeagle,Mr. Krueger,Native,White
Mr. Ochoa,Ms. Hyppolite,Hispanic,Black
Ms. Jeanfrancois,Mr. Guerrero,Black,Hispanic
Mr. Thao,Ms. Cheung,Asian,Asian
Ms. Zhang,Mr. Crane,Asian,White
Mr. Osei,Mr. Guerrero,Black,Hispanic
Ms. Snyder,Mr. Tapaha,White,Native
Mr. Ng,Ms. Carrillo,Asian,Hispanic
Ms. Hoang,Mr. Kline,Asian,White
Mr. Owen,Mr. Tang,White,Asian
Mr. Velez,Ms. Vasquez,Hispanic,Hispanic
Ms. Bartlett,Mr. Wauneka,White,Native
Ms. Dominguez,Ms. Asare,Hispanic,Black
Ms. Morales,Mr. Hu,Hispanic,Asian
Ms. Huang,Mr. Mccarthy,Asian,White
Mr. Estrada,Mr. Castaneda,Hispanic,Hispanic
Mr. Ruiz,Mr. Lu,Hispanic,Asian
Mr. Keller,Ms. Njoroge,White,Black
Mr. Shah,Mr. Cline,Asian,White
Mr. Gonzalez,Mr. Jensen,Hispanic,White
Ms. Duong,Ms. Macdonald,Asian,White
Mr. Keyonnie,Mr. Schmidt,Native,White
Ms. Appiah,Ms. Keyonnie,Black,Native
Mr. Thai,Mr. Fofana,Asian,Black
Ms. Notafraid,Ms. Nwosu,Native,Black
Ms. Saintlouis,Ms. Kidane,Black,Black
Ms. Crane,Ms. Campos,White,Hispanic
Mr. Chinana,Mr. Toure,Native,Black
Ms. Rasmussen,Ms. Whitehat,White,Native
Ms. Hoang,Mr. Yan,Asian,Asian
Mr. Russo,Ms. Etsitty,White,Native
Ms. Coaxum,Mr. Yan,Black,Asian
Mr. Balogun,Mr. Standingrock,Black,Native
Ms. Bullbear,Ms. Hailu,Native,Black
Ms. Jimenez,Ms. Jeanbaptiste,Hispanic,Black
Ms. Ruiz,Ms. Lu,Hispanic,Asian
Ms. Saintlouis,Mr. Rojas,Black,Hispanic
Ms. Gallagher,Mr. Duong,White,Asian
Ms. Olson,Ms. Weiss,White,White
Ms. Owusu,Mr. Fischer,Black,White
Ms. Bullbear,Ms. Kaur,Native,Asian
Mr. Rosales,Mr. Hartman,Hispanic,White
Mr. Gupta,Mr. Diallo,Asian,Black
Mr. Tesfaye,Mr. Yellowhair,Black,Native
Mr. Beyene,Ms. Barrera,Black,Hispanic
Ms. Thao,Ms. Tabaha,Asian,Native
Ms. Koch,Mr. Begaye,White,Native
Ms. Talayumptewa,Ms. Yang,Native,Asian
Mr. Clitso,Ms. Trinh,Native,Asian
Mr. Abebe,Mr. Tsethlikai,Black,Native
Ms. Hwang,Ms. Owusu,Asian,Black
Ms. Trinh,Ms. Snyder,Asian,White
Mr. Tsosie,Mr. Rivera,Native,Hispanic
Ms. Ruiz,Mr. Conteh,Hispanic,Black
Mr. Padilla,Ms. Parsons,Hispanic,White
Mr. Aguirre,Ms. Dang,Hispanic,Asian
Mr. Gupta,Mr. Zuniga,Asian,Hispanic
Ms. Atcitty,Mr. Howe,Native,White
Mr. Herrera,Ms. Calabaza,Hispanic,Native
Mr. Figueroa,Mr. Goldtooth,Hispanic,Native
Mr. Zhou,Ms. Guzman,Asian,Hispanic
Ms. Sun,Mr. Secody,Asian,Native
Mr. Salazar,Mr. Reilly,Hispanic,White
Ms. Dong,Mr. Obrien,Asian,White
Ms. Suarez,Mr. Boykins,Hispanic,Black
Mr. Rojas,Ms. Vu,Hispanic,Asian
Ms. Okoro,Mr. Ethelbah,Black,Native
Ms. Cho,Ms. Whiteplume,Asian,Native
Ms. Foley,Mr. Tsinnie,White,Native
Ms. Bui,Mr. Larson,Asian,White
Ms. Wolfe,Mr. Cabrera,White,Hispanic
Mr. Dao,Mr. Hoover,Asian,White
Mr. Kang,Mr. Vasquez,Asian,Hispanic
Mr. Koch,Mr. Begaye,White,Native
Mr. Herman,Mr. Arcoren,White,Native
Ms. Goldtooth,Mr. Mensah,Native,Black
Mr. Lasiloo,Ms. Zhao,Native,Asian
Mr. Tapaha,Mr. Soto,Native,Hispanic
Ms. Mwangi,Ms. Berg,Black,White
Mr. Tabaha,Mr. Claw,Native,Native
Mr. Tadesse,Ms. Yi,Black,Asian
Mr. Cardenas,Mr. Mendez,Hispanic,Hispanic
Ms. Ayala,Mr. Stark,Hispanic,White
Ms. Ganadonegro,Ms. Kramer,Native,White
Mr. Lozano,Ms. Haskie,Hispanic,Native
Ms. Balogun,Mr. Thai,Black,Asian
Ms. Rasmussen,Mr. Ho,White,Asian
Mr. Macdonald,Mr. Shin,White,Asian
Mr. Lo,Ms. Petitfrere,Asian,Black
Mr. Serrano,Mr. Manygoats,Hispanic,Native
Mr. Leaks,Mr. Kanuho,Black,Native
Ms. Hyppolite,Mr. Ravenell,Black,Black
Ms. Balogun,Ms. Thai,Black,Asian
Mr. Huynh,Ms. Yellowhair,Asian,Native
Mr. Keyonnie,Ms. Manygoats,Native,Native
Ms. Kameroff,Mr. Luu,Native,Asian
Ms. Guerrero,Ms. Flores,Hispanic,Hispanic
Mr. Conteh,Mr. Tapaha,Black,Native
Mr. Bitsuie,Mr. Rodriguez,Native,Hispanic
Mr. Zuniga,Ms. Kidane,Hispanic,Black
Ms. Tsinnijinnie,Mr. Blackgoat,Native,Native
Ms. Gueye,Ms. Calixte,Black,Black
Mr. Truong,Ms. Lawal,Asian,Black
Ms. Larson,Ms. Boyle,White,White
Mr. Knapp,Ms. Littlewhiteman,White,Native
Mr. Castillo,Mr. Diop,Hispanic,Black
Mr. Perez,Ms. Sesay,Hispanic,Black
Ms. Salinas,Ms. Eriacho,Hispanic,Native
Mr. Herman,Mr. Lawal,White,Black
Ms. Mccarthy,Ms. Berger,White,White
Ms. Keller,Mr. Pan,White,Asian
Mr. Tam,Ms. Wolf,Asian,White
Ms. Chery,Ms. Flynn,Black,White
Mr. Nielsen,Mr. Ulysse,White,Black
Mr. Yellowhair,Mr. Vargas,Native,Hispanic
Ms. Tsethlikai,Ms. Diaz,Native,Hispanic
Mr. Mejia,Mr. Trevino,Hispanic,Hispanic
Mr. Okoro,Mr. Maldonado,Black,Hispanic
Ms. Vargas,Ms. Yoo,Hispanic,Asian
Mr. Tapaha,Ms. Guo,Native,Asian
Mr. Ng,Ms. Hu,Asian,Asian
Mr. Prophete,Mr. Hoover,Black,White
Mr. Moyer,Mr. Yohannes,White,Black
Ms. Birdinground,Ms. Fluellen,Native,Black
Mr. Chinana,Mr. Pena,Native,Hispanic
Mr. Flynn,Mr. Walsh,White,White
Ms. Mahoney,Mr. Robles,White,Hispanic
Ms. Delgarito,Mr. Etcitty,Native,Native
Ms. Roth,Ms. Truong,White,Asian
Mr. Estrada,Ms. Castaneda,Hispanic,Hispanic
Mr. Walsh,Mr. Littlelight,White,Native
Ms. Hartman,Ms. Alvarez,White,Hispanic
Ms. Guzman,Mr. Tran,Hispanic,Asian
Ms. Arias,Ms. Mohamud,Hispanic,Black
Mr. Velasquez,Ms. Krueger,Hispanic,White
Ms. Cowboy,Ms. Boateng,Native,Black
Mr. Ramirez,Mr. Beck,Hispanic,White
Mr. Dominguez,Mr. Vargas,Hispanic,Hispanic
Mr. Lim,Ms. Ng,Asian,Asian
Ms. Jeanlouis,Ms. Conrad,Black,White
Mr. Yan,Ms. Lor,Asian,Asian
Mr. Brandt,Mr. Nunez,White,Hispanic
Mr. Zhang,Mr. Whitehat,Asian,Native
Mr. Sexton,Ms. Wang,White,Asian
Ms. Alvarado,Ms. Calabaza,Hispanic,Native
Mr. Chasinghawk,Ms. Herrera,Native,Hispanic
Mr. Cephas,Ms. Carrillo,Black,Hispanic
Ms. Carrillo,Ms. Wauneka,Hispanic,Native
Ms. Hsu,Mr. Santana,Asian,Hispanic
Ms. Suarez,Ms. Clitso,Hispanic,Native
Mr. Clah,Mr. Littlewhiteman,Native,Native
Mr. Larsen,Mr. Zamora,White,Hispanic
Ms. Zheng,Ms. Jiang,Asian,Asian
Ms. Hoover,Ms. Stout,White,White
Mr. Desai,Ms. Melendez,Asian,Hispanic
Mr. Bullbear,Ms. Kaur,Native,Asian
Mr. Beyene,Mr. Benallie,Black,Native
Mr. Jimenez,Ms. Fischer,Hispanic,White
Mr. Sow,Mr. Gonzalez,Black,Hispanic
Mr. Ramirez,Ms. Secody,Hispanic,Native
Ms. Saintil,Ms. Reilly,Black,White
Ms. Yan,Ms. Tesfaye,Asian,Black
Mr. Wagner,Mr. He,White,Asian
Ms. Cephas,Ms. Carrillo,Black,Hispanic
Mr. Krueger,Ms. Claw,White,Native
Mr. Aguilar,Mr. Oh,Hispanic,Asian
Ms. Ma,Mr. Coaxum,Asian,Black
Ms. Jeanfrancois,Ms. Zhou,Black,Asian
Mr. Arias,Mr. Mohamud,Hispanic,Black
Ms. Oh,Mr. Diallo,Asian,Black
Ms. Brandt,Mr. Begum,White,Asian
Ms. Kebede,Mr. Peshlakai,Black,Native
Ms. Liu,Mr. Fofana,Asian,Black
Ms. Mejia,Ms. Trevino,Hispanic,Hispanic
Mr. Petitfrere,Mr. Luong,Black,Asian
Mr. Cabrera,Mr. Flores,Hispanic,Hispanic
Ms. Ojo,Ms. Oneill,Black,White
Mr. Rivera,Mr. Zhu,Hispanic,Asian
Ms. Fobbs,Ms. Tabaha,Black,Native
Ms. Herrera,Ms. Calabaza,Hispanic,Native
Ms. Begaye,Mr. Mekonnen,Native,Black
Ms. Yeboah,Ms. Toure,Black,Black
Ms. Lin,Ms. Cline,Asian,White
Mr. Ahasteen,Mr. Zuniga,Native,Hispanic
Mr. Castaneda,Ms. Calabaza,Hispanic,Native
Ms. Lai,Ms. Smallcanyon,Asian,Native
Ms. Hansen,Ms. Dayzie,White,Native
Mr. Diallo,Mr. Beyale,Black,Native
Ms. Jeanlouis,Ms. Clitso,Black,Native
Mr. Dorvil,Mr. Keller,Black,White
Mr. Blankenship,Ms. Atcitty,White,Native
Mr. Krueger,Mr. Walsh,White,White
Ms. Friedman,Ms. Larsen,White,White
Ms. Nunez,Ms. Fry,Hispanic,White
Mr. Fluellen,Ms. Heavyrunner,Black,Native
Mr. Molina,Ms. Keyonnie,Hispanic,Native
Ms. Ng,Ms. Boyle,Asian,White
Mr. Clitso,Mr. Larson,Native,White
Ms. Sexton,Mr. Donovan,White,White
Ms. Meyer,Ms. Nielsen,White,White
Mr. Abdullahi,Ms. Peck,Black,White
Mr. Kebede,Ms. Cervantes,Black,Hispanic
Mr. Wigfall,Ms. Zhao,Black,Asian
Ms. Wu,Mr. Avila,Asian,Hispanic
Mr. Do,Ms. Huffman,Asian,White
Mr. Rivera,Ms. Hoover,Hispanic,White
Ms. Do,Mr. Huffman,Asian,White
Mr. Klein,Ms. Macdonald,White,White
Mr. Yan,Ms. Mueller,Asian,White
Ms. Brennan,Ms. Lai,White,Asian
Ms. Chinana,Ms. Ho,Native,Asian
Mr. Chavez,Ms. Aguilar,Hispanic,Hispanic
Ms. Contreras,Ms. Owen,Hispanic,White
Mr. Belizaire,Ms. Etsitty,Black,Native
Ms. Wauneka,Mr. Bitsilly,Native,Native
Ms. Gutierrez,Ms. Warsame,Hispanic,Black
Ms. Ulysse,Ms. Salas,Black,Hispanic
Mr. Heavyrunner,Mr. Lin,Native,Asian
Mr. Huffman,Mr. Blackgoat,White,Native
Ms. Vassell,Mr. Ryan,Black,White
Mr. Whiteplume,Mr. Edouard,Native,Black
Ms. Notah,Mr. Opoku,Native,Black
Mr. Madplume,Mr. Lozano,Native,Hispanic
Mr. Vazquez,Ms. Her,Hispanic,Asian
Ms. Beck,Ms. Mejia,White,Hispanic
Mr. Huffman,Mr. Tadesse,White,Black
Mr. Oneill,Ms. Dang,White,Asian
Mr. Velasquez,Ms. Chavez,Hispanic,Hispanic
Mr. Juarez,Ms. Cayaditto,Hispanic,Native
Ms. Thao,Mr. Kamara,Asian,Black
Ms. Spottedhorse,Mr. Bah,Native,Black
Ms. Yang,Mr. Adjei,Asian,Black
Ms. Talayumptewa,Mr. Vega,Native,Hispanic
Ms. Wigfall,Ms. Swanson,Black,White
Mr. Hailu,Mr. Huber,Black,White
Ms. Solis,Mr. Su,Hispanic,Asian
Ms. Asante,Mr. Cephas,Black,Black
Mr. Nez,Ms. Oh,Native,Asian
Ms. Dayzie,Ms. Walsh,Native,White
Mr. Ahasteen,Ms. Zhang,Native,Asian
Mr. Dorvil,Ms. Keita,Black,Black
Mr. Keita,Mr. Okeke,Black,Black
Ms. Alvarez,Ms. Heavyrunner,Hispanic,Native
Ms. Lim,Ms. Ng,Asian,Asian
Mr. Rivera,Ms. Zhu,Hispanic,Asian
Mr. Brandt,Ms. Begum,White,Asian
Ms. Abdullahi,Mr. Addo,Black,Black
Mr. Eriacho,Mr. Cheng,Native,Asian
Mr. Crane,Ms. Blackhorse,White,Native
Mr. Jeanbaptiste,Ms. Sexton,Black,White
Ms. Koroma,Ms. Schultz,Black,White
Mr. Kameroff,Mr. Luu,Native,Asian
Ms. Rivera,Ms. Zhu,Hispanic,Asian
Ms. Zhou,Ms. Standingrock,Asian,Native
Ms. Juarez,Ms. Garcia,Hispanic,Hispanic
Ms. Sanchez,Mr. Dorvil,Hispanic,Black
Mr. Hensley,Mr. Walkingeagle,White,Native
Mr. Lesane,Ms. Chery,Black,Black
Mr. Su,Ms. Carlson,Asian,White
Ms. Snyder,Mr. Olsen,White,White
Mr. Ochoa,Ms. Gishie,Hispanic,Native
Ms. Edouard,Mr. Berg,Black,White
Mr. Twobulls,Ms. Han,Native,Asian
Ms. Tesfaye,Ms. Tang,Black,Asian
Ms. Herrera,Ms. Koch,Hispanic,White
Mr. Veasley,Mr. Spottedeagle,Black,Native
Mr. Shije,Ms. Tan,Native,Asian
Ms. Begum,Ms. Beyale,Asian,Native
Mr. Ayala,Ms. Todacheene,Hispanic,Native
Mr. Ayze,Mr. Olanna,Native,Native
Ms. Walkingeagle,Ms. Krueger,Native,White
Ms. Mekonnen,Mr. Yoo,Black,Asian
Mr. Carlson,Mr. Vue,White,Asian
Mr. Littlelight,Mr. Kim,Native,Asian
Mr. Zhang,Mr. Arias,Asian,Hispanic
Mr. Morales,Mr. Chery,Hispanic,Black
Ms. Okoro,Ms. Maldonado,Black,Hispanic
Mr. Hess,Mr. Morse,White,White
Ms. Ruiz,Ms. Meza,Hispanic,Hispanic
Mr. Berger,Mr. Zhao,White,Asian
Ms. Jain,Ms. Mccarthy,Asian,White
Mr. Reilly,Mr. Jacobson,White,White
Mr. Cheng,Ms. Dosela,Asian,Native
Ms. Mwangi,Ms. Tessay,Black,Native
Mr. Gishie,Mr. Chasinghawk,Native,Native
Mr. Aguilar,Ms. Oh,Hispanic,Asian
Ms. Choi,Mr. Cayaditto,Asian,Native
Ms. Lo,Mr. Hernandez,Asian,Hispanic
Mr. Stark,Mr. Krueger,White,White
Mr. Jeanfrancois,Mr. Guerrero,Black,Hispanic
Ms. Xu,Mr. Hess,Asian,White
Ms. Hosteen,Ms. Stein,Native,White
Mr. Macdonald,Mr. Zuniga,White,Hispanic
Mr. Petersen,Ms. Morse,White,White
Mr. Sow,Ms. Gonzalez,Black,Hispanic
Ms. Cowboy,Mr. Mccarthy,Native,White
Ms. Haskie,Mr. Haskie,Native,Native
Mr. Diop,Ms. Becenti,Black,Native
Ms. Trevino,Mr. Bekele,Hispanic,Black
Ms. Berger,Mr. Zhao,White,Asian
Ms. Yoon,Ms. Ahasteen,Asian,Native
Mr. Pan,Mr. Tang,Asian,Asian
Mr. Secatero,Ms. Olsen,Native,White
Mr. Donovan,Ms. Cheng,White,Asian
Mr. Hahn,Mr. Campos,White,Hispanic
Ms. Jacobson,Mr. Saintil,White,Black
Ms. Friedman,Ms. Sandoval,White,Hispanic
Mr. Avila,Ms. Leaks,Hispanic,Black
Mr. Larson,Ms. Conteh,White,Black
Ms. Eriacho,Mr. Delgado,Native,Hispanic
Ms. Han,Ms. Cheng,Asian,Asian
Ms. Becenti,Mr. Trevino,Native,Hispanic
Ms. Bitsilly,Ms. Odonnell,Native,White
Ms. Trevino,Mr. Conrad,Hispanic,White
Ms. Foley,Ms. Maldonado,White,Hispanic
Mr. Morse,Mr. Chasinghawk,White,Native
Mr. Flores,Ms. Santana,Hispanic,Hispanic
Mr. Garza,Mr. Whiteface,Hispanic,Native
Ms. Heavyrunner,Ms. Filsaime,Native,Black
Mr. Schaefer,Mr. Wolf,White,White
Mr. Whitehat,Mr. Clitso,Native,Native
Ms. Mwangi,Mr. Morales,Black,Hispanic
Mr. Chiu,Mr. Walkingeagle,Asian,Native
Mr. Dao,Mr. Phan,Asian,Asian
Mr. Kline,Mr. Mcmahon,White,White
Mr. Gallegos,Mr. Ganadonegro,Hispanic,Native
Mr. Garza,Mr. Rangel,Hispanic,Hispanic
Mr. Gonzalez,Mr. Morales,Hispanic,Hispanic
Mr. Mayer,Ms. Hoover,White,White
Ms. Medina,Mr. Littlewhiteman,Hispanic,Native
Ms. Ndiaye,Ms. Mayer,Black,White
Ms. Prophete,Ms. Zhu,Black,Asian
Ms. Jeanlouis,Ms. Serrano,Black,Hispanic
Mr. Wolf,Ms. Le,White,Asian
Mr. Leung,Mr. Ko,Asian,Asian
Mr. Knapp,Ms. Ko,White,Asian
Ms. Vang,Ms. Sweeney,Asian,White
Ms. Christensen,Ms. Ulysse,White,Black
Ms. Poorbear,Mr. Schroeder,Native,White
Mr. Ahasteen,Ms. Zuniga,Native,Hispanic
Mr. Xu,Ms. Hess,Asian,White
Ms. Mejia,Mr. Trevino,Hispanic,Hispanic
Mr. Obrien,Mr. Hardnett,White,Black
Mr. Calabaza,Mr. Begaye,Native,Native
Mr. Louissaint,Ms. Jacobson,Black,White
Mr. Kramer,Ms. Weber,White,White
Mr. Grandberry,Ms. Littlelight,Black,Native
Mr. Schroeder,Ms. Rangel,White,Hispanic
Ms. Bedonie,Mr. Lozano,Native,Hispanic
Ms. Manygoats,Mr. Espinoza,Native,Hispanic
Ms. Delgado,Ms. Christensen,Hispanic,White
Ms. Sweeney,Mr. Moyer,White,White
Ms. Bauer,Ms. Duffy,White,White
Mr. Begaye,Mr. Mekonnen,Native,Black
Mr. Apachito,Ms. Reilly,Native,White
Mr. Meza,Ms. Molina,Hispanic,Hispanic
Mr. Zuniga,Mr. Mccarthy,Hispanic,White
Ms. Littledog,Mr. Jama,Native,Black
Ms. Dougherty,Ms. Kidane,White,Black
Ms. Serrano,Ms. Kidane,Hispanic,Black
Mr. Weber,Ms. Ho,White,Asian
Ms. Mehta,Ms. Poorbear,Asian,Native
Mr. Becenti,Ms. Wigfall,Native,Black
Ms. Truong,Mr. Macias,Asian,Hispanic
Mr. Tabaha,Ms. Serrano,Native,Hispanic
Ms. Dong,Ms. Jeanfrancois,Asian,Black
Ms. Hurley,Ms. Cephas,White,Black
Mr. Pena,Mr. Hensley,Hispanic,White
Mr. Begaye,Mr. Gao,Native,Asian
Ms. Cayaditto,Mr. Castillo,Native,Hispanic
Mr. Cowboy,Ms. Mccarthy,Native,White
Ms. Yellowman,Mr. Figueroa,Native,Hispanic
Mr. Christensen,Mr. Leung,White,Asian
Ms. Smallcanyon,Mr. Clitso,Native,Native
Ms. Petersen,Mr. Begay,White,Native
Ms. Liang,Ms. Melendez,Asian,Hispanic
Mr. Olson,Mr. Whitehat,White,Native
Ms. Weiss,Mr. Martinez,White,Hispanic
Mr. Zhang,Ms. Arias,Asian,Hispanic
Mr. Do,Ms. Solis,Asian,Hispanic
Ms. Coaxum,Mr. Stfleur,Black,Black
Mr. Dang,Mr. Moyer,Asian,White
Ms. Ibarra,Mr. Mondesir,Hispanic,Black
Mr. Snyder,Ms. Olsen,White,White
Mr. Olson,Ms. Luong,White,Asian
Mr. Boykins,Mr. Koch,Black,White
Ms. Warsame,Mr. Okafor,Black,Black
Mr. Sweeney,Ms. Bedonie,White,Native
Mr. Larson,Mr. Smallcanyon,White,Native
Ms. Jeanbaptiste,Mr. Tan,Black,Asian
Ms. Bartlett,Ms. Pena,White,Hispanic
Ms. Rivera,Ms. Yellowman,Hispanic,Native
Mr. Pan,Mr. Coaxum,Asian,Black
Mr. Nwosu,Mr. Pan,Black,Asian
Ms. Lai,Mr. Juarez,Asian,Hispanic
Mr. Phan,Ms. Oconnor,Asian,White
Mr. Koroma,Mr. Schultz,Black,White
Mr. Estrada,Ms. Claw,Hispanic,Native
Mr. Hensley,Ms. Ko,White,Asian
Mr. Hahn,Ms. Yu,White,Asian
Mr. Bedonie,Ms. Yoon,Native,Asian
Ms. Ho,Mr. Nwosu,Asian,Black
Mr. Tam,Ms. Liu,Asian,Asian
Mr. Russo,Mr. Walsh,White,White
Mr. Beyale,Ms. Asare,Native,Black
Mr. Sandoval,Ms. Bitsuie,Hispanic,Native
Ms. Saintlouis,Mr. Tang,Black,Asian
Mr. Hernandez,Ms. Trevino,Hispanic,Hispanic
Mr. Cao,Mr. Keita,Asian,Black
Ms. Mayweather,Mr. Zhou,Black,Asian
Mr. Zamora,Mr. Galvan,Hispanic,Hispanic
Ms. Ayze,Ms. Torres,Native,Hispanic
Ms. Escobar,Ms. Meza,Hispanic,Hispanic
Ms. Hoffman,Ms. Dong,White,Asian
Mr. Schwartz,Ms. Tsethlikai,White,Native
Mr. Hailu,Mr. Pena,Black,Hispanic
Ms. Mahoney,Ms. Robles,White,Hispanic
Mr. Asante,Ms. Castaneda,Black,Hispanic
Ms. Hailu,Mr. Ngo,Black,Asian
Ms. Hartman,Ms. Benally,White,Native
Ms. Escobar,Ms. Petersen,Hispanic,White
Mr. Rivera,Mr. Hoover,Hispanic,White
Mr. Mondesir,Ms. Cline,Black,White
Mr. Okeke,Ms. Straughter,Black,Black
Mr. Foley,Ms. Yu,White,Asian
Mr. Jain,Ms. Runningcrane,Asian,Native
Ms. Herrera,Mr. Koch,Hispanic,White
Ms. Yi,Mr. Bienaime,Asian,Black
Ms. Yan,Mr. Gallegos,Asian,Hispanic
Ms. Arias,Mr. Wang,Hispanic,Asian
Ms. Notafraid,Mr. Benallie,Native,Native
Mr. Shin,Ms. Aguirre,Asian,Hispanic
Ms. Yoon,Mr. Jama,Asian,Black
Ms. Apachito,Ms. Calixte,Native,Black
Ms. Prioleau,Ms. Lai,Black,Asian
Ms. Fobbs,Ms. Velasquez,Black,Hispanic
Ms. Hsu,Mr. Werito,Asian,Native
Ms. Arias,Mr. Delgado,Hispanic,Hispanic
Ms. Her,Ms. Alvarez,Asian,Hispanic
Mr. Koch,Mr. Larsen,White,White
Ms. Zhao,Mr. Bitsuie,Asian,Native
Mr. Blackgoat,Mr. Sanchez,Native,Hispanic
Ms. Goseyun,Ms. Yi,Native,Asian
Ms. Ramirez,Ms. Beck,Hispanic,White
Ms. Abdullahi,Mr. Peck,Black,White
Mr. Tsinnie,Mr. Wang,Native,Asian
Mr. Zhu,Mr. Cosay,Asian,Native
Ms. Kramer,Ms. Figueroa,White,Hispanic
Ms. Spottedeagle,Mr. Gallegos,Native,Hispanic
Ms. Hernandez,Ms. Kramer,Hispanic,White
Mr. Aguirre,Ms. Koroma,Hispanic,Black
Ms. Littlelight,Ms. Melendez,Native,Hispanic
Ms. Hurley,Mr. Castillo,White,Hispanic
Ms. Cao,Ms. Keita,Asian,Black
Mr. Desir,Ms. Nielsen,Black,White
Ms. Yan,Mr. Mueller,Asian,White
Ms. Ruiz,Ms. Yellowman,Hispanic,Native
Mr. Pham,Mr. Knapp,Asian,White
Ms. Parsons,Ms. Tsinnie,White,Native
Ms. Oneill,Mr. Grandberry,White,Black
Mr. Friedman,Ms. Sandoval,White,Hispanic
Mr. Contreras,Ms. Bullbear,Hispanic,Native
Ms. Russo,Mr. Vazquez,White,Hispanic
Mr. Benallie,Mr. Pan,Native,Asian
Ms. Orozco,Mr. Sharma,Hispanic,Asian
Mr. Choi,Ms. Chiu,Asian,Asian
Ms. Kebede,Ms. Ko,Black,Asian
Mr. Yoo,Mr. Maldonado,Asian,Hispanic
Mr. Lor,Mr. Tadesse,Asian,Black
Ms. Pineda,Mr. Donovan,Hispanic,White
Mr. Owen,Ms. Escobar,White,Hispanic
Mr. Liang,Mr. Melendez,Asian,Hispanic
Ms. Ramirez,Ms. Trinh,Hispanic,Asian
Mr. Mwangi,Ms. Morales,Black,Hispanic
Mr. Chung,Mr. Nguyen,Asian,Asian
Mr. Vazquez,Mr. Hyppolite,Hispanic,Black
Mr. Rios,Ms. Tabaha,Hispanic,Native
Ms. Tadesse,Mr. Apachito,Black,Native
Mr. Christensen,Mr. Ruiz,White,Hispanic
Mr. Gomez,Mr. Shen,Hispanic,Asian
Ms. Gueye,Mr. Bitsilly,Black,Native
Mr. Haskie,Mr. Asare,Native,Black
Mr. Hansen,Mr. Dayzie,White,Native
Ms. Cline,Ms. Yang,White,Asian
Ms. Rojas,Ms. Rasmussen,Hispanic,White
Mr. Sharma,Ms. Traore,Asian,Black
Mr. Oneill,Ms. Nez,White,Native
Ms. Littledog,Mr. Swanson,Native,White
Mr. Grandberry,Mr. Okeke,Black,Black
Ms. Kebede,Ms. Peshlakai,Black,Native
Ms. Contreras,Ms. Figueroa,Hispanic,Hispanic
Mr. Tam,Ms. Henio,Asian,Native
Mr. Oconnor,Mr. Benallie,White,Native
Ms. Yu,Ms. Shah,Asian,Asian
Mr. Mohamud,Mr. Ha,Black,Asian
Mr. Vue,Ms. Secatero,Asian,Native
Mr. Mayweather,Ms. Alvarez,Black,Hispanic
Mr. Morse,Ms. Chasinghawk,White,Native
Mr. Tadesse,Mr. Yi,Black,Asian
Ms. Nielsen,Mr. Hurley,White,White
Mr. Gao,Mr. Russo,Asian,White
Ms. Osei,Ms. Gallagher,Black,White
Ms. Jensen,Ms. Moreno,White,Hispanic
Ms. Zhang,Ms. Arias,Asian,Hispanic
Mr. Wassillie,Mr. Zhao,Native,Asian
Ms. Her,Ms. Cline,Asian,White
Ms. Hess,Ms. Runningcrane,White,Native
Ms. Gao,Ms. Russo,Asian,White
Ms. Carrillo,Ms. Abdullahi,Hispanic,Black
Ms. Mendez,Mr. Boateng,Hispanic,Black
Mr. Tapaha,Mr. Guo,Native,Asian
Mr. Smalls,Ms. Jeanbaptiste,Black,Black
Ms. Huber,Mr. Cao,White,Asian
Ms. Salinas,Mr. Gonzalez,Hispanic,Hispanic
Ms. Yellowman,Mr. Petitfrere,Native,Black
Mr. Yepa,Ms. Soto,Native,Hispanic
Ms. Tabaha,Mr. Claw,Native,Native
Mr. Hwang,Mr. Schwartz,Asian,White
Ms. Lor,Ms. Yellowman,Asian,Native
Mr. Apachito,Mr. Reilly,Native,White
Mr. Ortega,Mr. Balogun,Hispanic,Black
Ms. Hosteen,Ms. Cho,Native,Asian
Mr. Todacheene,Mr. Njoroge,Native,Black
Mr. Zhao,Mr. Ajayi,Asian,Black
Mr. Grandberry,Mr. Carlson,Black,White
Mr. Vo,Ms. Ganadonegro,Asian,Native
Ms. Mekonnen,Ms. Appiah,Black,Black
Ms. Ibarra,Mr. Wu,Hispanic,Asian
Ms. Diallo,Ms. Escobar,Black,Hispanic
Ms. Pan,Mr. Colelay,Asian,Native
Ms. Flores,Mr. Santana,Hispanic,Hispanic
Ms. Bauer,Ms. Galvan,White,Hispanic
Mr. Vega,Mr. Abebe,Hispanic,Black
Mr. Hoover,Mr. Eriacho,White,Native
Mr. Orozco,Ms. Sharma,Hispanic,Asian
Mr. Boyle,Mr. Chu,White,Asian
Mr. Goldtooth,Mr. Ibarra,Native,Hispanic
Mr. Benally,Mr. Herman,Native,White
Mr. Ko,Mr. Fobbs,Asian,Black
Ms. Chen,Mr. Lai,Asian,Asian
Mr. Schroeder,Mr. Han,White,Asian
Ms. Jimenez,Ms. Fischer,Hispanic,White
Ms. Owen,Mr. Etsitty,White,Native
Mr. Xu,Mr. Yang,Asian,Asian
Ms. Colelay,Ms. Claw,Native,Native
Mr. Stfleur,Ms. Hansen,Black,White
Ms. Yang,Mr. Hess,Asian,White
Ms. Shaffer,Ms. Cervantes,White,Hispanic
Ms. Laughing,Mr. Lara,Native,Hispanic
Ms. Sanchez,Mr. Trevino,Hispanic,Hispanic
Mr. Torres,Mr. Kwon,Hispanic,Asian
Mr. Velasquez,Mr. Njoroge,Hispanic,Black
Ms. Diaz,Mr. Wang,Hispanic,Asian
Ms. Perez,Ms. Rojas,Hispanic,Hispanic
Ms. Nunez,Ms. Chiu,Hispanic,Asian
Ms. Lin,Mr. Cline,Asian,White
Mr. Zheng,Mr. Filsaime,Asian,Black
Ms. Vazquez,Mr. Case,Hispanic,White
Ms. Cisse,Ms. Tapaha,Black,Native
Ms. Werito,Ms. Schroeder,Native,White
Ms. Barrera,Mr. Galvan,Hispanic,Hispanic
Ms. Chasinghawk,Mr. Asante,Native,Black
Ms. Littledog,Ms. Leung,Native,Asian
Ms. Olsen,Mr. Gao,White,Asian
Mr. Tessay,Mr. Moua,Native,Asian
Mr. Gueye,Mr. Yoon,Black,Asian
Mr. Vega,Ms. Madplume,Hispanic,Native
Mr. Dougherty,Ms. Kallestewa,White,Native
Mr. Blackgoat,Mr. Sweeney,Native,White
Ms. Morse,Ms. Ramirez,White,Hispanic
Ms. Luong,Mr. Saintil,Asian,Black
Mr. Benally,Ms. Ojo,Native,Black
Mr. Desir,Ms. Mondesir,Black,Black
Ms. Herrera,Ms. Thai,Hispanic,Asian
Mr. Roanhorse,Mr. Case,Native,White
Mr. Asante,Ms. Cephas,Black,Black
Ms. Suarez,Ms. Marquez,Hispanic,Hispanic
Ms. Koch,Ms. Salinas,White,Hispanic
Mr. Benallie,Ms. Pan,Native,Asian
Ms. Macdonald,Ms. Oneill,White,White
Mr. Rosales,Mr. Begum,Hispanic,Asian
Ms. Guerrero,Mr. Yang,Hispanic,Asian
Mr. Schwartz,Ms. Traore,White,Black
Mr. Yang,Ms. Laughing,Asian,Native
Mr. Calderon,Ms. Mwangi,Hispanic,Black
Ms. Bitsilly,Ms. Bienaime,Native,Black
Ms. Solis,Mr. Kline,Hispanic,White
Mr. Keller,Ms. Atcitty,White,Native
Mr. Dayzie,Ms. Traore,Native,Black
Mr. Olson,Mr. Wigfall,White,Black
Ms. Hebert,Mr. Velasquez,White,Hispanic
Mr. Hwang,Ms. Gao,Asian,Asian
Mr. Keyonnie,Mr. Pan,Native,Asian
Ms. Lara,Ms. Hebert,Hispanic,White
Mr. Klein,Ms. Ngo,White,Asian
Ms. Jeanjacques,Ms. Avila,Black,Hispanic
Ms. Kang,Ms. Vasquez,Asian,Hispanic
Ms. Chung,Ms. Delgado,Asian,Hispanic
Mr. Flynn,Mr. Contreras,White,Hispanic
Ms. Stout,Ms. Bullbear,White,Native
Mr. Ha,Mr. Villarreal,Asian,Hispanic
Mr. Huber,Mr. Ortiz,White,Hispanic
Mr. Decker,Mr. Rojas,White,Hispanic
Ms. Cosay,Ms. Diallo,Native,Black
Ms. Bitsie,Mr. Ryan,Native,White
Ms. Kline,Ms. Littledog,White,Native
Ms. Gishie,Ms. Hahn,Native,White
Ms. Frimpong,Ms. Vu,Black,Asian
Mr. Gallagher,Ms. Vega,White,Hispanic
Ms. Hahn,Mr. Peshlakai,White,Native
Ms. Case,Mr. Dominguez,White,Hispanic
Mr. Eriacho,Ms. Littledog,Native,Native
Ms. Diallo,Mr. Escobar,Black,Hispanic
Ms. Luong,Mr. Parsons,Asian,White
Ms. Owen,Mr. Tang,White,Asian
Ms. Villarreal,Mr. Salas,Hispanic,Hispanic
Ms. Yoder,Mr. Johnston,White,White
Mr. Guerrero,Ms. Flores,Hispanic,Hispanic
Mr. Perez,Ms. Delgarito,Hispanic,Native
Ms. Rivas,Mr. Martinez,Hispanic,Hispanic
Mr. Xiong,Ms. Hailu,Asian,Black
Ms. Rangel,Mr. Carrillo,Hispanic,Hispanic
Mr. Pham,Mr. Bangura,Asian,Black
Ms. Mehta,Mr. Beyene,Asian,Black
Ms. Moua,Mr. Shaffer,Asian,White
Mr. Rodriguez,Ms. Tsethlikai,Hispanic,Native
Ms. Peck,Mr. Bitsie,White,Native
Ms. Notafraid,Ms. Benallie,Native,Native
Ms. Hardnett,Ms. Cardenas,Black,Hispanic
Mr. Obrien,Ms. Salinas,White,Hispanic
Ms. Garza,Mr. Whiteface,Hispanic,Native
Ms. Moyer,Ms. Tam,White,Asian
Ms. Ajayi,Mr. Sharma,Black,Asian
Mr. Escobar,Ms. Ha,Hispanic,Asian
Mr. Notafraid,Mr. Cline,Native,White
Mr. Cosay,Ms. Sexton,Native,White
Ms. Chowdhury,Ms. Mwangi,Asian,Black
Ms. Hailu,Mr. Tadesse,Black,Black
Mr. Owusu,Ms. Yoo,Black,Asian
Ms. Manygoats,Ms. Wu,Native,Asian
Ms. Stout,Mr. Ma,White,Asian
Ms. Hebert,Ms. Manygoats,White,Native
Ms. Mohamud,Ms. Ha,Black,Asian
Mr. Nwosu,Mr. Notah,Black,Native
Ms. Ndiaye,Mr. Torres,Black,Hispanic
Ms. Salinas,Ms. Swanson,Hispanic,White
Ms. Guo,Mr. Huber,Asian,White
Mr. Morales,Mr. Hu,Hispanic,Asian
Mr. Boateng,Mr. Salas,Black,Hispanic
Ms. Begaye,Ms. Mekonnen,Native,Black
Mr. Kamara,Mr. Wu,Black,Asian
Mr. Ulysse,Ms. Runningcrane,Black,Native
Mr. Hurley,Ms. Dang,White,Asian
Ms. Shah,Ms. Lasiloo,Asian,Native
Ms. Sun,Ms. Hwang,Asian,Asian
Ms. Poorbear,Mr. Bitsuie,Native,Native
Ms. Guzman,Ms. Tran,Hispanic,Asian
Mr. Spottedhorse,Ms. Keyonnie,Native,Native
Mr. Jeanjacques,Mr. Avila,Black,Hispanic
Ms. Wolfe,Mr. Runningcrane,White,Native
Ms. Marquez,Ms. Luong,Hispanic,Asian
Ms. Garza,Ms. Whiteface,Hispanic,Native
Ms. Sharma,Ms. Vazquez,Asian,Hispanic
Mr. Hu,Mr. Le,Asian,Asian
Ms. Blankenship,Mr. Atcitty,White,Native
Mr. Koroma,Ms. Cardenas,Black,Hispanic
Ms. Warsame,Ms. Blackgoat,Black,Native
Ms. Manuelito,Mr. Jeanjacques,Native,Black
Ms. Zhou,Mr. Mayweather,Asian,Black
Ms. Boykins,Ms. Espinoza,Black,Hispanic
Ms. Castaneda,Mr. Becker,Hispanic,White
Mr. Fry,Ms. Tadesse,White,Black
Mr. Nwosu,Ms. Ryan,Black,White
Mr. Todacheene,Ms. Bui,Native,Asian
Ms. Leung,Ms. Berg,Asian,White
Ms. Edouard,Mr. Saintlouis,Black,Black
Mr. Macias,Mr. Okafor,Hispanic,Black
Ms. Dougherty,Ms. Schultz,White,White
Ms. Pham,Mr. Knapp,Asian,White
Mr. Schmidt,Mr. Garza,White,Hispanic
Ms. Christensen,Mr. Ulysse,White,Black
Mr. Roth,Ms. Secody,White,Native
Mr. Rivas,Mr. Li,Hispanic,Asian
Ms. Bangura,Mr. Tessay,Black,Native
Mr. Petitfrere,Ms. Prioleau,Black,Black
Ms. Ahasteen,Mr. Sexton,Native,White
Mr. Blankenship,Ms. Lo,White,Asian
Mr. Jeancharles,Mr. Nwosu,Black,Black
Ms. Becenti,Ms. Wigfall,Native,Black
Mr. Delgarito,Ms. Pineda,Native,Hispanic
Ms. Calixte,Mr. Ethelbah,Black,Native
Mr. Zhou,Mr. Guzman,Asian,Hispanic
Mr. Ryan,Mr. Carlson,White,White
Mr. Medina,Mr. Xu,Hispanic,Asian
Ms. Bitsui,Ms. Perez,Native,Hispanic
Mr. Chu,Mr. Blackhorse,Asian,Native
Ms. Estrada,Mr. Hsu,Hispanic,Asian
Mr. Sharma,Mr. Traore,Asian,Black
Ms. Delgarito,Ms. Wigfall,Native,Black
Ms. Kramer,Ms. Her,White,Asian
Mr. Begum,Mr. Vu,Asian,Asian
Ms. Sexton,Mr. Wang,White,Asian
Mr. Whiteplume,Ms. Lin,Native,Asian
Mr. Smallcanyon,Ms. Mekonnen,Native,Black
Mr. Bangura,Mr. Hanson,Black,White
Ms. Okeke,Mr. Cowboy,Black,Native
Ms. Cisse,Mr. Yoo,Black,Asian
Ms. Desai,Ms. Kwon,Asian,Asian
Ms. Rangel,Mr. Littlelight,Hispanic,Native
Mr. Trevino,Ms. Molina,Hispanic,Hispanic
Ms. Soto,Mr. He,Hispanic,Asian
Ms. Lu,Ms. Li,Asian,Asian
Mr. Larsen,Mr. Conrad,White,White
Mr. Nez,Mr. Oh,Native,Asian
Mr. Huang,Mr. Serrano,Asian,Hispanic
Ms. Yepa,Ms. Vo,Native,Asian
Ms. Barrera,Ms. Knapp,Hispanic,White
Ms. Nwosu,Ms. Cephas,Black,Black
Ms. Contreras,Ms. Fofana,Hispanic,Black
Mr. Yepa,Ms. Runningcrane,Native,Native
Mr. Walkingeagle,Mr. Wauneka,Native,Native
Ms. Begum,Mr. Santana,Asian,Hispanic
Mr. Yoo,Ms. Schroeder,Asian,White
Mr. Bauer,Mr. Cowboy,White,Native
Ms. Ethelbah,Ms. Owusu,Native,Black
Mr. Yan,Mr. Gallegos,Asian,Hispanic
Mr. Jain,Mr. Runningcrane,Asian,Native
Ms. Conrad,Mr. Gutierrez,White,Hispanic
Mr. Birdinground,Ms. Fluellen,Native,Black
Mr. Huang,Ms. Yeboah,Asian,Black
Ms. Diop,Mr. Belizaire,Black,Black
Mr. Russo,Mr. Conteh,White,Black
Ms. Diop,Mr. Becenti,Black,Native
Mr. Shaffer,Mr. Yang,White,Asian
Ms. Ha,Mr. Bekele,Asian,Black
Mr. Trinh,Ms. Oh,Asian,Asian
Mr. Arias,Ms. Mohamud,Hispanic,Black
Mr. Boykins,Ms. Attakai,Black,Native
Ms. Robles,Ms. Thao,Hispanic,Asian
Ms. Mekonnen,Mr. Alvarado,Black,Hispanic
Ms. Littlelight,Mr. Melendez,Native,Hispanic
Mr. Cisse,Mr. Galvan,Black,Hispanic
Mr. Secatero,Ms. Njoroge,Native,Black
Ms. Calixte,Mr. Blankenship,Black,White
Ms. Ho,Ms. Mccarthy,Asian,White
Ms. Gueye,Mr. Trevino,Black,Hispanic
Mr. Moreno,Mr. Huynh,Hispanic,Asian
Mr. Rivera,Mr. Yellowman,Hispanic,Native
Ms. Petersen,Ms. Morse,White,White
Ms. Stout,Ms. Avila,White,Hispanic
Mr. Littlewhiteman,Mr. Foley,Native,White
Ms. Cisse,Ms. Galvan,Black,Hispanic
Mr. Toure,Mr. Dosela,Black,Native
Ms. Berg,Ms. Yepa,White,Native
Ms. Balogun,Mr. Delgado,Black,Hispanic
Mr. Mora,Ms. Yepa,Hispanic,Native
Ms. Keita,Mr. Lopez,Black,Hispanic
Ms. Olson,Ms. Wigfall,White,Black
Mr. Lo,Mr. Flynn,Asian,White
Ms. Osei,Ms. Guerrero,Black,Hispanic
Mr. Straughter,Mr. Duffy,Black,White
Mr. Yoo,Mr. Cheung,Asian,Asian
Ms. Jeancharles,Mr. Nwosu,Black,Black
Ms. Koch,Ms. Begaye,White,Native
Ms. Abebe,Ms. Yohannes,Black,Black
Ms. Jeanbaptiste,Mr. Sexton,Black,White
Ms. Leung,Mr. Hardnett,Asian,Black
Mr. Melendez,Mr. Solis,Hispanic,Hispanic
Ms. Jalloh,Ms. Coaxum,Black,Black
Mr. Prophete,Mr. Zhu,Black,Asian
Ms. Weiss,Mr. Nwosu,White,Black
Mr. Addo,Mr. Cephas,Black,Black
Ms. Mueller,Mr. Garcia,White,Hispanic
Ms. Gallegos,Ms. Coaxum,Hispanic,Black
Mr. Hoang,Ms. Kline,Asian,White
Mr. Jeanfrancois,Mr. Littlewhiteman,Black,Native
Mr. Ramirez,Ms. Mora,Hispanic,Hispanic
Mr. Fischer,Ms. Jeanfrancois,White,Black
Mr. Rangel,Ms. Koch,Hispanic,White
Mr. Saintil,Ms. Cheung,Black,Asian
Mr. Berg,Ms. Osei,White,Black
Mr. Lo,Ms. Flynn,Asian,White
Ms. Mccarthy,Mr. Berger,White,White
Ms. Wu,Mr. Goseyun,Asian,Native
Mr. Clitso,Mr. Bitsui,Native,Native
Ms. Barrera,Mr. Jain,Hispanic,Asian
Mr. Obrien,Ms. Yepa,White,Native
Ms. Delgado,Ms. Todacheene,Hispanic,Native
Mr. Yi,Mr. Kallestewa,Asian,Native
Mr. Contreras,Ms. Huang,Hispanic,Asian
Mr. Phan,Ms. Blackgoat,Asian,Native
Mr. Ortega,Ms. Spottedhorse,Hispanic,Native
Ms. Saintlouis,Ms. Christensen,Black,White
Mr. Lara,Ms. Yoo,Hispanic,Asian
Ms. Peshlakai,Mr. Jeanpierre,Native,Black
Mr. Zhu,Ms. Trinh,Asian,Asian
Mr. Todacheenie,Mr. Keams,Native,Native
Mr. Stout,Mr. Bullbear,White,Native
Mr. Werito,Ms. Schroeder,Native,White
Mr. Yan,Mr. Tesfaye,Asian,Black
Mr. Vang,Ms. Clah,Asian,Native
Mr. Rivera,Ms. Saintlouis,Hispanic,Black
Mr. Christensen,Ms. Ulysse,White,Black
Mr. Ly,Ms. Zuniga,Asian,Hispanic
Ms. Mora,Ms. Desta,Hispanic,Black
Mr. Schaefer,Mr. Cosay,White,Native
Mr. Tsinnie,Ms. Delgarito,Native,Native
Mr. Su,Mr. Saintil,Asian,Black
Ms. Morse,Ms. Chasinghawk,White,Native
Mr. Morse,Ms. Fischer,White,White
Ms. Sesay,Mr. Sow,Black,Black
Ms. Santana,Ms. Guerrero,Hispanic,Hispanic
Ms. Mcmahon,Ms. Schneider,White,White
Mr. Notah,Mr. Rasmussen,Native,White
Mr. Asante,Mr. Tapaha,Black,Native
Ms. Schaefer,Ms. Cosay,White,Native
Mr. Rios,Mr. Huang,Hispanic,Asian
Ms. Birdinground,Ms. Pineda,Native,Hispanic
Ms. Okoro,Ms. Wang,Black,Asian
Ms. Rodriguez,Ms. Hernandez,Hispanic,Hispanic
Mr. Bedonie,Mr. Lozano,Native,Hispanic
Mr. Trevino,Mr. Chasinghawk,Hispanic,Native
Ms. Mwangi,Ms. Abebe,Black,Black
Ms. Macdonald,Mr. Benallie,White,Native
Mr. Snyder,Ms. Duong,White,Asian
Mr. Mueller,Ms. Cowboy,White,Native
Ms. Schneider,Ms. Prioleau,White,Black
Ms. Walsh,Ms. Ojo,White,Black
Ms. Yohannes,Ms. Petitfrere,Black,Black
Ms. Hurley,Ms. Dang,White,Asian
Ms. Mwangi,Mr. Tessay,Black,Native
Ms. Jimenez,Mr. Fischer,Hispanic,White
Ms. Cheng,Mr. Dosela,Asian,Native
Ms. Bekele,Mr. Oneill,Black,White
Mr. Jeanjacques,Ms. Avila,Black,Hispanic
Ms. Zhang,Mr. Opoku,Asian,Black
Ms. Wolfe,Mr. Tang,White,Asian
Mr. Chung,Mr. Kameroff,Asian,Native
Ms. Rosales,Ms. Begum,Hispanic,Asian
Mr. Erickson,Mr. Wigfall,White,Black
Mr. Santana,Ms. Ganadonegro,Hispanic,Native
Mr. Fobbs,Mr. Foley,Black,White
Mr. Huang,Ms. Zhang,Asian,Asian
Mr. Henio,Ms. Stark,Native,White
Ms. Beyale,Mr. Colelay,Native,Native
Ms. Goseyun,Ms. Snyder,Native,White
Mr. Larson,Ms. Ortiz,White,Hispanic
Mr. Guzman,Mr. Sweeney,Hispanic,White
Mr. Schneider,Ms. Claw,White,Native
Mr. Desai,Ms. Littlewhiteman,Asian,Native
Ms. Choi,Ms. Cayaditto,Asian,Native
Ms. Beyene,Mr. Dorvil,Black,Black
Ms. Oneill,Ms. Erickson,White,White
Ms. Lawal,Ms. Delgado,Black,Hispanic
Ms. Gonzalez,Mr. Morales,Hispanic,Hispanic
Mr. Vasquez,Ms. Vasquez,Hispanic,Hispanic
Mr. Ganadonegro,Mr. Huynh,Native,Asian
Mr. Li,Mr. Sow,Asian,Black
Ms. Colelay,Mr. Li,Native,Asian
Ms. Sow,Mr. Tsethlikai,Black,Native
Mr. Larsen,Mr. Exantus,White,Black
Ms. Aguirre,Mr. Olson,Hispanic,White
Mr. Hanson,Ms. Walkingeagle,White,Native
Mr. Ortiz,Ms. Jalloh,Hispanic,Black
Mr. Cowboy,Mr. Sharma,Native,Asian
Mr. Osei,Mr. Chery,Black,Black
Mr. Hensley,Mr. Ko,White,Asian
Ms. Frimpong,Ms. Hurley,Black,White
Mr. Jiang,Ms. Koroma,Asian,Black
Mr. Russo,Mr. Kwon,White,Asian
Ms. Odonnell,Ms. Blueeyes,White,Native
Ms. Ethelbah,Mr. Flynn,Native,White
Ms. Guzman,Ms. Yepa,Hispanic,Native
Mr. Beyale,Ms. Colelay,Native,Native
Ms. Beyene,Ms. Barrera,Black,Hispanic
Ms. Munoz,Mr. Pham,Hispanic,Asian
Mr. Beyene,Mr. Barrera,Black,Hispanic
Mr. Jalloh,Ms. Gallegos,Black,Hispanic
Ms. Pham,Mr. Vasquez,Asian,Hispanic
Mr. Juarez,Mr. Cayaditto,Hispanic,Native
Mr. Dosela,Ms. Etcitty,Native,Native
Mr. Etsitty,Ms. Castaneda,Native,Hispanic
Mr. Flynn,Ms. Contreras,White,Hispanic
Mr. Louissaint,Ms. Tsinnijinnie,Black,Native
Ms. Villarreal,Mr. Njoroge,Hispanic,Black
Mr. Case,Ms. Kamara,White,Black
Mr. Ryan,Mr. Abdullahi,White,Black
Mr. Traore,Ms. Bekele,Black,Black
Mr. Ethelbah,Mr. Owusu,Native,Black
Mr. Cayaditto,Ms. Stout,Native,White
Mr. Vassell,Ms. Ayze,Black,Native
Mr. Hebert,Ms. Hoover,White,White
Mr. He,Mr. Cheung,Asian,Asian
Mr. Lor,Mr. Vue,Asian,Asian
Ms. Rosales,Ms. Leaks,Hispanic,Black
Mr. Weber,Ms. Roanhorse,White,Native
Ms. Vasquez,Mr. Spottedeagle,Hispanic,Native
Ms. Whiteplume,Ms. Ramirez,Native,Hispanic
Ms. Goldtooth,Ms. Donovan,Native,White
Mr. Hoffman,Mr. Stfleur,White,Black
Ms. Asante,Ms. Castaneda,Black,Hispanic
Ms. Johnston,Ms. Boykins,White,Black
Mr. Velazquez,Mr. Gueye,Hispanic,Black
Mr. Becker,Ms. Campos,White,Hispanic
Ms. Johnston,Ms. Heavyrunner,White,Native
Ms. Tang,Mr. Ravenell,Asian,Black
Ms. Shin,Mr. Veasley,Asian,Black
Ms. Saintlouis,Ms. Birdinground,Black,Native
Mr. Morse,Mr. Chen,White,Asian
Mr. Jeanjacques,Mr. Thai,Black,Asian
Mr. Tang,Mr. Conrad,Asian,White
Ms. Kamara,Ms. Wu,Black,Asian
Ms. Estrada,Mr. Bah,Hispanic,Black
Mr. Morales,Ms. Zamora,Hispanic,Hispanic
Ms. Calixte,Mr. Padilla,Black,Hispanic
Mr. Ethelbah,Ms. Owusu,Native,Black
Ms. Ganadonegro,Mr. Huynh,Native,Asian
Mr. Shah,Mr. Grandberry,Asian,Black
Mr. Kamara,Ms. Shije,Black,Native
Ms. Aguirre,Mr. Dang,Hispanic,Asian
Ms. Abdullahi,Mr. Bitsui,Black,Native
Ms. Nguyen,Ms. Thai,Asian,Asian
Ms. Velazquez,Mr. Altaha,Hispanic,Native
Mr. Yan,Mr. Spottedeagle,Asian,Native
Mr. Tadesse,Mr. Ravenell,Black,Black
Ms. Tsethlikai,Ms. Schneider,Native,White
Ms. Russo,Mr. Etsitty,White,Native
Mr. Becker,Ms. Christensen,White,White
Ms. Hernandez,Mr. Keita,Hispanic,Black
Ms. Wang,Mr. Yellowhair,Asian,Native
Mr. Aguilar,Mr. Suarez,Hispanic,Hispanic
Ms. Gueye,Mr. Hartman,Black,White
Ms. Tadesse,Ms. Ravenell,Black,Black
Mr. Saintlouis,Ms. Birdinground,Black,Native
Mr. Yu,Ms. Contreras,Asian,Hispanic
Ms. Moyer,Ms. Rasmussen,White,White
Mr. Desta,Ms. Molina,Black,Hispanic
Ms. Yi,Mr. Kallestewa,Asian,Native
Mr. Salas,Ms. Ulysse,Hispanic,Black
Mr. Melendez,Ms. Solis,Hispanic,Hispanic
Mr. Guerrero,Ms. Chery,Hispanic,Black
Ms. Cabrera,Mr. Ganadonegro,Hispanic,Native
Mr. Lu,Ms. Mondesir,Asian,Black
Mr. Littledog,Ms. Whitehat,Native,Native
Ms. Blackgoat,Ms. Sanchez,Native,Hispanic
Ms. Calderon,Mr. Mwangi,Hispanic,Black
Mr. Straughter,Ms. Munoz,Black,Hispanic
Mr. Garza,Ms. Rangel,Hispanic,Hispanic
Mr. Smalls,Mr. Lozano,Black,Hispanic
Mr. Zuniga,Mr. Macias,Hispanic,Hispanic
Mr. Mohamud,Ms. Prophete,Black,Black
Mr. Calixte,Ms. Zhang,Black,Asian
Ms. Hoover,Mr. Stout,White,White
Ms. Hoffman,Ms. Schultz,White,White
Mr. Twobulls,Mr. Jacobson,Native,White
Mr. Rios,Ms. Huang,Hispanic,Asian
Mr. Stein,Ms. Campos,White,Hispanic
Mr. Chau,Ms. Velez,Asian,Hispanic
Mr. Jalloh,Mr. Russo,Black,White
Mr. Howe,Ms. Ndiaye,White,Black
Mr. Beyale,Mr. Chung,Native,Asian
Ms. Whitehat,Mr. Bienaime,Native,Black
Mr. Atcitty,Mr. Kang,Native,Asian
Ms. Keams,Mr. Pineda,Native,Hispanic
Ms. Macdonald,Mr. Zuniga,White,Hispanic
Ms. Warsame,Ms. Okafor,Black,Black
Ms. Huber,Mr. Ortiz,White,Hispanic
Mr. Han,Mr. Cheng,Asian,Asian
Ms. Lim,Mr. Ng,Asian,Asian
Mr. Herman,Ms. Alvarez,White,Hispanic
Mr. Peck,Mr. Owen,White,White
Ms. Do,Mr. Chasinghawk,Asian,Native
Ms. Obrien,Mr. Salinas,White,Hispanic
Ms. Heavyrunner,Mr. Filsaime,Native,Black
Mr. Hartman,Mr. Benally,White,Native
Mr. Prioleau,Ms. Kanuho,Black,Native
Ms. Patel,Mr. Balogun,Asian,Black
Mr. Toure,Mr. Parsons,Black,White
Mr. Sweeney,Mr. Yan,White,Asian
Mr. Lai,Mr. Gallagher,Asian,White
Mr. Gadson,Ms. Ngo,Black,Asian
Mr. Littlelight,Mr. Melendez,Native,Hispanic
Mr. Okafor,Ms. Cabrera,Black,Hispanic
